number_of_local_environmental_ngos,environmental_spending_per_capita,population_density_per_sq_km,public_transportation_usage_rate,industry_emissions_percentile,renewable_energy_usage_percentile,annual_increase_in_activism,environmental_NGO_count,per_capita_green_investment,average_income,governance_efficiency_index,public_green_space_area,environmental_education_initiatives,industry_pollution_level,regulatory_compliance_percentage,percentage_of_college_graduates,local_environmental_organizations,environmental_protest_frequency,carbon_tax_last_year,alternative_transport_ratio,plastic_consumption_change,population_density,recycling_rate,number_of_environmental_policies,level_of_environmental_awareness,commercial_area,region_id,recycling_program_participation
91,840.8473,114.8077,0.0,67,60.2954,96.8243,8,4379.809,285263.8988,75.2354,202.4105,26,3,8.1297,91.0316,90,74,True,95.158,-31.7393,1679.5534,84.7448,21,5,2073.7918,1000.0,60.5396
88,894.9924,210.8922,98.0496,92,71.8318,92.9225,175,607.4802,282700.0348,64.9627,20.4186,36,4,34.4801,96.7359,84,70,False,33.9763,-84.6224,1458.3871,79.2992,21,6,975.3114,1000.0,55.5881
87,801.5964,1286.0195,74.9575,45,13.0854,100.0,189,6066.8888,300000.0,53.6974,56.4394,12,4,16.898,94.976,88,54,False,49.1933,-22.5689,1747.4635,81.7047,20,6,1114.0768,1000.0,58.2958
88,870.2021,2624.7383,1.6056,89,33.0743,100.0,153,6303.477,300000.0,38.0257,464.5109,11,4,16.9533,87.21,81,62,True,45.0996,-99.3219,1520.4946,75.7185,19,6,1659.9889,1000.0,59.5142
95,825.4533,4800.6808,12.9761,21,26.9741,98.7495,229,8734.2378,299239.5881,61.3365,318.263,3,4,28.8774,94.1688,85,61,True,43.3313,-86.2202,1674.3677,75.6282,18,6,1271.2035,1000.0,57.9297
74,871.6013,1858.2438,95.1507,4,9.8853,91.7889,441,2937.1951,277439.3067,65.4117,294.4912,18,4,24.4475,89.4898,86,75,False,89.7461,-40.3939,1638.625,75.133,19,5,279.8291,1000.0,60.2213
22,813.1707,2452.2409,68.6189,66,47.9639,93.3593,149,2973.0649,297367.5247,50.1334,388.1901,4,3,21.2669,94.9727,85,66,False,52.1214,-4.228,1483.0465,81.8323,18,6,574.9764,1000.0,63.4441
49,878.5269,3237.1358,5.7071,21,13.88,96.2426,394,9328.4381,279318.7661,75.8069,315.5714,7,3,23.1656,94.6572,73,69,False,63.0141,-53.6258,1444.7683,82.0075,21,6,1726.7247,1000.0,60.4413
29,910.5977,4747.1965,36.6028,100,18.5935,87.5806,19,4475.5295,268895.8078,61.9531,122.99,43,4,20.0234,87.5947,80,74,False,71.5107,-83.3869,1510.8806,83.5947,23,7,2795.2719,1000.0,62.4414
28,855.6732,1251.7431,86.6681,3,50.8803,100.0,443,2432.5345,300000.0,71.4419,462.9024,29,3,14.9042,91.7885,85,60,True,81.1103,-25.7429,1641.233,81.6626,15,6,946.8652,1000.0,62.0194
88,951.1822,3194.3753,86.9397,59,55.522,87.1325,156,6111.6702,275793.6149,55.9154,101.4556,47,4,22.8192,88.6572,76,54,False,9.5187,-42.965,1560.0663,84.4346,17,6,1445.8563,1000.0,62.1684
97,869.1493,3916.6168,21.4537,87,21.9658,87.8898,171,1381.6457,300000.0,65.3008,392.5236,17,3,15.4503,90.3593,78,71,True,5.1801,-1.6288,1521.4438,87.2563,23,6,701.6872,1000.0,64.869
12,864.0538,958.6122,40.8618,59,15.507,93.098,207,3864.8715,300000.0,66.1787,149.9482,18,3,23.6504,85.5554,84,64,False,30.8237,-84.3602,1518.2556,69.3664,21,6,1272.4381,1000.0,58.2425
51,866.4999,973.9468,76.3265,43,74.8493,90.8847,150,4943.9237,300000.0,51.6592,114.41,45,4,21.25,94.2402,78,61,True,8.8684,-22.6856,1423.4004,87.5539,22,5,283.1676,1000.0,54.4934
28,964.7437,2989.98,69.0292,48,76.9517,100.0,464,9009.8914,280282.214,68.5545,270.8555,28,3,15.7247,86.4639,76,58,False,72.593,-78.2492,1550.0619,82.3233,15,6,949.7559,1000.0,62.8772
33,785.9117,4096.5097,7.5059,18,22.4824,96.9719,10,7623.8446,300000.0,65.8088,71.0486,28,3,12.9122,88.2694,89,75,False,85.8591,-7.1067,1480.4575,86.0245,20,6,509.616,1000.0,66.2101
58,839.3018,2045.4346,61.7827,45,68.5507,97.3033,45,3839.0526,278082.6154,71.5727,185.0804,27,3,15.6908,88.4741,78,70,False,58.9106,-21.5115,1548.5032,74.533,22,6,504.5613,1000.0,60.7024
46,890.9511,4285.2243,1.5349,95,19.4601,99.9755,195,5067.2207,288193.3809,73.3008,262.8104,41,3,19.6581,83.5087,77,67,True,35.003,-54.569,1435.5149,79.9319,22,6,207.3194,1000.0,56.7549
99,790.7777,2314.341,37.8704,0,56.3691,100.0,76,9421.9181,284771.9041,53.0895,413.0941,31,3,18.1313,88.7923,77,58,True,31.7356,-95.1657,1445.661,81.0355,25,6,2273.9963,1000.0,62.1938
69,812.6724,2454.5111,48.9175,65,63.6137,92.8756,389,7963.4781,288024.9355,66.6376,169.9871,8,4,26.2332,90.3337,86,50,False,47.5263,-31.808,1576.5728,82.4436,22,6,1312.1533,1000.0,55.4427
95,759.4571,1729.9851,2.6211,64,34.6068,96.2679,114,557.4976,295824.4988,53.2406,28.5825,36,3,28.2306,90.123,83,62,False,86.6458,-57.5051,1510.4323,81.5961,20,7,455.2856,1000.0,61.6938
12,768.5734,1285.0164,83.1273,94,28.1283,100.0,139,3289.7065,268216.7259,57.938,415.9564,28,3,16.3962,81.6965,86,76,True,13.4654,-21.3013,1684.3591,75.5147,21,7,2803.7475,1000.0,54.6669
59,841.6702,1055.7434,39.7798,11,61.2859,90.2899,118,4420.5784,282957.2304,54.4641,317.7641,8,3,25.4257,92.0299,81,58,False,75.2714,-25.4853,1546.8062,82.8322,23,6,1683.6479,1000.0,58.4312
97,971.3889,3573.9337,38.3104,68,4.2293,99.9899,444,1829.2161,274829.1976,64.6125,347.736,17,3,21.2881,87.7274,82,63,True,20.0037,-27.0573,1579.1706,74.099,24,6,1711.1357,1000.0,66.1979
33,726.2688,2281.7369,8.3258,82,100.0,91.9782,412,1781.9509,300000.0,63.5936,45.741,37,4,24.8715,90.7748,78,61,False,24.6948,-80.3279,1569.1576,82.6735,17,6,1650.4678,1000.0,57.0356
52,889.7073,1330.8287,47.6394,4,4.1995,97.9391,270,3437.7095,300000.0,59.1053,81.0237,48,3,19.3163,88.1556,86,67,True,17.9555,-52.9614,1523.8935,78.4476,21,6,1150.4362,1000.0,62.0989
78,837.4265,2506.545,7.905,26,94.1904,97.2783,0,6522.4418,292032.3741,60.0439,250.58,21,4,20.0866,85.7495,77,67,False,16.3983,-48.9727,1555.1961,82.2229,28,6,434.6203,1000.0,61.3893
74,888.8317,50.0,15.7617,56,94.6143,95.1289,157,9463.5332,300000.0,52.4965,124.9167,35,3,19.1069,93.0913,89,70,False,8.9404,-18.0267,1580.6102,79.9142,26,7,1192.8285,1000.0,56.5418
86,853.0451,2474.252,84.3538,0,11.2325,91.9535,236,10000.0,290184.3759,65.4637,396.998,0,3,12.917,75.8377,78,64,True,86.5461,-63.161,1620.6862,71.0631,11,7,1322.4863,1000.0,66.5394
73,931.5018,3212.0904,64.6913,8,58.7787,100.0,254,8755.2921,289248.8752,59.5682,26.7463,24,4,13.6947,81.8393,76,60,False,12.244,-13.2944,1581.7762,75.2007,26,6,2391.262,1000.0,58.7014
96,781.7288,4453.6653,60.3199,11,67.5389,99.9227,137,7165.5558,297379.8571,52.5992,401.3267,22,4,18.4765,92.0807,83,69,False,20.7556,-70.2384,1661.0489,86.5194,21,7,2286.6911,1000.0,60.6178
77,777.0311,3362.0635,52.0746,0,79.8693,91.8639,308,924.8314,292918.5747,41.1357,229.2832,49,4,20.7516,93.5392,79,71,True,80.1796,-0.7736,1579.6396,84.3265,31,6,2203.7374,1000.0,60.6544
6,898.2877,2489.5097,45.4034,60,7.7769,100.0,75,717.8862,276094.1683,54.5413,284.5669,49,4,18.8067,89.4795,80,52,False,7.0859,-87.0388,1461.9551,86.8579,29,6,895.1749,1000.0,62.5339
72,888.2574,2765.4253,97.172,51,37.4209,98.7583,220,341.8064,300000.0,63.0957,100.2436,23,4,19.1824,95.6888,85,59,True,15.4591,-55.103,1553.4448,87.3951,25,7,2652.3273,1000.0,67.4017
39,895.0301,4825.1355,97.8591,47,18.1264,100.0,210,1109.613,269344.0888,62.6579,200.3263,8,3,19.9388,88.2132,88,68,True,23.3458,-39.4106,1470.9703,73.3455,24,6,1914.1912,1000.0,57.3915
48,827.2939,844.2283,40.6765,99,91.2296,91.6982,185,4611.9305,277641.6201,52.1606,266.2662,23,3,23.7495,76.1982,84,59,True,63.1876,-58.6607,1628.7874,74.3576,31,7,96.5405,1000.0,61.8049
47,852.9051,3245.187,0.0,49,100.0,94.2208,178,496.1519,277502.8236,64.8082,86.275,31,3,26.3012,90.2351,81,84,True,76.8354,-44.3653,1538.2573,84.1253,24,6,1854.0473,1000.0,63.0949
58,856.058,3601.4327,94.0828,96,62.2499,93.1786,222,3023.8637,291306.2746,69.3228,215.4883,37,4,26.6606,89.2026,81,58,True,69.6075,-28.7406,1619.7164,82.3011,18,6,2081.1326,1000.0,57.2481
90,934.6962,2012.7867,35.4707,57,65.5641,100.0,111,9068.4279,300000.0,73.4893,344.2395,9,4,18.4747,97.084,84,65,True,43.2055,-81.5002,1473.7237,85.2893,22,6,2526.7222,1000.0,58.8013
15,868.7639,1322.7234,92.2564,65,45.7475,96.9285,120,5697.7189,300000.0,52.1334,461.524,36,4,22.4407,86.667,72,60,False,100.0,-0.0203,1494.4959,79.2741,25,6,2630.0931,1000.0,63.3665
77,777.0857,1553.9024,56.3001,12,21.006,92.4348,122,6545.0708,280699.4657,55.8072,126.2972,47,3,17.2738,100.0,82,46,True,66.9192,-59.5842,1508.044,74.9646,24,5,1112.0622,1000.0,58.6077
96,771.6114,2114.6471,95.7413,37,16.3989,94.0234,346,4445.2229,287454.7611,77.6417,373.0265,7,4,20.5275,83.2429,76,65,True,29.3512,-36.4142,1467.1363,88.4023,19,7,63.9446,1000.0,59.3379
64,823.5511,1249.4227,50.5006,88,44.974,89.9322,127,9407.1456,274816.7508,61.005,67.0285,22,4,25.3032,95.0145,82,65,False,84.6155,-56.8336,1581.3242,80.3582,25,6,1247.1043,1000.0,51.6005
77,781.1758,2016.9451,46.9135,86,15.8033,100.0,0,2032.14,283960.1893,57.6726,80.5313,45,4,21.9548,94.2063,81,59,False,54.7308,-37.5952,1594.0203,78.9346,26,7,1900.8228,1000.0,58.2661
37,955.1704,3769.4553,91.1037,83,39.4797,100.0,219,10000.0,300000.0,55.3531,402.0267,16,3,18.8611,100.0,83,72,True,81.189,-25.9862,1581.5152,83.4573,18,6,1336.3868,1000.0,54.19
53,892.5455,2814.0481,75.0663,68,70.222,88.5868,247,4722.6899,291401.8215,51.7088,410.2435,3,4,29.1334,96.0729,82,50,True,4.5084,-49.6027,1586.4821,78.9754,19,5,979.7852,1000.0,59.4071
75,865.9802,3907.1718,81.8944,44,88.7864,95.3563,476,8910.0275,300000.0,45.9125,256.8718,48,4,15.4849,94.5668,84,60,False,72.2813,-89.4309,1578.3701,84.2605,22,6,1211.679,1000.0,54.6662
57,914.3033,4718.507,8.1671,70,53.9894,93.5527,303,6706.1004,300000.0,54.9529,97.8616,35,4,21.093,99.1448,78,61,True,62.9891,-64.5593,1527.1616,78.2736,19,6,1946.2734,1000.0,58.1941
0,854.0095,1149.9163,56.7622,38,56.5679,92.0656,66,2161.6734,282727.9121,72.6457,61.4507,7,4,21.9987,87.9386,87,61,False,69.1849,-20.0602,1567.195,84.0787,17,7,2341.0357,1000.0,61.9887
63,662.4503,1506.0909,67.0579,32,14.5089,98.3412,217,8210.9381,283669.6421,55.7462,482.4538,20,4,22.8885,89.7893,81,65,True,72.2675,-39.5261,1585.2939,78.7512,23,7,0.0,1000.0,59.2936
97,888.8992,1649.4254,17.0439,79,84.1192,100.0,382,1921.7772,294904.0816,60.3789,302.6506,27,4,21.6487,91.9342,83,64,True,10.6835,-24.991,1604.1405,89.7719,22,6,1745.2199,1000.0,62.0609
67,772.7939,3407.8837,29.8104,29,59.1242,98.4414,418,8185.0788,292780.4045,65.5276,159.2176,43,4,25.7833,86.226,82,68,True,83.5914,-11.3074,1508.4268,86.7852,18,8,337.7689,1000.0,62.1653
88,768.3665,1984.1855,91.3756,17,92.7679,100.0,307,377.8514,300000.0,58.8744,282.3835,16,3,21.8584,93.3427,79,54,False,3.1032,-54.6798,1470.8399,83.9272,20,7,2577.3521,1000.0,54.9881
21,890.6359,1538.4479,21.3454,100,63.0405,99.6824,459,1071.3887,286670.2922,46.3327,145.9837,41,3,16.6342,93.9779,85,57,True,46.9424,-63.3178,1409.5414,85.5319,16,6,1590.066,1000.0,60.5109
50,872.7085,3204.6482,78.7103,54,58.4809,97.0998,255,3558.324,300000.0,65.5372,352.1747,0,4,22.6355,85.9012,83,52,False,24.8234,-88.7128,1526.8876,84.9266,23,6,1216.9766,1000.0,54.4199
37,814.783,4425.007,3.24,30,32.6758,92.8427,191,188.7668,283668.841,49.5666,76.2881,41,4,18.8948,93.3908,89,66,False,57.9024,-73.0977,1507.4731,78.1058,17,6,2418.9745,1000.0,58.9736
59,893.6284,1355.291,16.8967,53,59.998,100.0,264,8113.0212,291871.5895,74.1706,119.5853,36,3,22.1923,90.7576,79,48,True,73.8251,-54.3673,1418.3662,79.6373,23,7,2211.2802,1000.0,57.0496
20,823.4095,3524.0562,5.5338,18,68.2005,96.0038,10,5365.471,278374.8448,64.6729,342.9248,48,4,21.1037,87.9591,87,60,True,88.4882,-90.4871,1605.2585,77.5541,26,7,2883.9228,1000.0,59.737
46,903.4684,2029.5692,42.8634,30,32.6183,100.0,3,6392.0733,268423.8063,63.37,35.8971,19,3,20.1122,97.0805,81,67,True,14.9437,-85.4251,1518.8964,77.5567,18,6,2272.1159,1000.0,58.667
71,907.496,4504.7345,19.8348,43,7.1336,96.5919,305,955.9003,281863.0597,71.4303,495.2071,48,3,24.5532,80.6656,80,47,True,56.1103,-60.3055,1599.6162,83.4722,19,6,447.1251,1000.0,61.1799
52,883.4828,3016.4052,23.823,17,67.1926,100.0,117,42.8889,300000.0,53.0252,174.3228,38,3,24.9461,87.8794,78,61,True,34.4743,-61.4366,1476.0986,79.0466,27,7,2527.8566,1000.0,60.822
10,801.6202,2146.8074,48.3152,66,49.5099,88.4154,210,9915.2685,300000.0,62.253,351.5825,5,3,14.5118,93.6879,83,69,False,26.1993,-16.0826,1612.4014,91.0973,25,6,215.2926,1000.0,58.7657
54,857.6738,3872.4088,52.4527,13,36.5671,100.0,332,1681.6984,288775.5422,60.9924,22.312,11,4,16.2352,88.8378,82,56,False,7.0389,-98.8475,1470.8683,81.0374,30,7,2361.2365,1000.0,54.4563
71,824.3155,2558.5185,21.3941,85,71.0032,100.0,190,8321.0214,300000.0,64.4608,279.9759,39,3,28.9112,95.0631,84,63,True,23.5591,-18.0142,1481.6772,83.6216,23,5,2886.6987,1000.0,61.5041
69,830.256,3284.5871,88.3239,69,70.6665,93.3464,325,6770.3776,286342.4278,55.0024,256.0303,20,3,18.8539,91.2039,78,76,False,41.4101,-81.5462,1517.3378,81.8188,25,6,2829.8555,1000.0,55.7341
80,886.8674,3356.5209,35.2902,53,29.8847,98.3368,235,7689.1204,283292.3784,69.4527,125.9183,36,4,19.7533,98.241,83,68,True,0.4611,-14.6689,1544.8178,82.9698,26,6,2008.0705,1000.0,55.5132
34,898.6042,4790.2303,38.805,81,6.9607,96.1193,13,6796.0364,300000.0,68.2674,172.8418,23,4,20.3326,87.3467,83,73,True,56.1719,-73.5638,1582.0872,82.2904,19,7,2821.3926,1000.0,57.2949
77,819.0362,378.235,86.5998,7,18.6757,87.4421,399,3794.8618,300000.0,73.3288,420.6389,32,4,21.0237,88.9436,81,55,False,11.484,-40.7766,1532.571,82.9249,21,5,2909.3756,1000.0,62.8268
59,826.7962,2487.7859,42.9125,68,92.2288,89.5114,397,5017.8341,300000.0,67.7932,119.222,15,3,18.4546,92.6285,83,61,True,61.4861,-73.9848,1480.2263,77.7095,25,7,2363.1572,1000.0,60.4184
74,976.1535,2834.9171,18.5416,17,26.4429,94.6852,320,4947.8914,300000.0,69.9173,346.4155,24,4,25.5375,85.4169,81,66,True,42.6379,-58.7203,1475.8609,76.8751,25,6,984.0873,1000.0,61.9815
42,764.1367,4659.0062,12.4649,30,18.1139,93.2386,249,1564.3835,289689.8212,59.1878,212.4527,41,4,16.22,77.5022,85,63,False,76.2437,-78.2606,1536.5444,79.2651,16,6,903.7415,1000.0,56.8098
25,856.9093,511.38,65.4737,40,87.5865,98.0772,40,6997.1878,288149.6917,60.2007,256.1554,22,3,16.0427,94.1541,85,70,False,37.346,-66.9218,1534.5585,75.9687,22,8,708.179,1000.0,60.1766
98,927.6907,1079.4935,17.536,50,7.0101,100.0,328,1779.0275,265366.7829,51.6622,205.9042,33,4,21.8041,98.8551,83,75,True,95.1748,-15.0429,1538.4361,75.8739,26,6,1301.0915,1000.0,65.3789
77,839.4205,4748.7493,79.1648,72,80.3562,94.8157,2,4996.3461,300000.0,74.6443,385.92,11,3,22.7561,83.0901,82,68,False,31.6398,-31.1971,1407.4211,77.9719,24,7,1981.6409,1000.0,59.4408
78,924.97,2285.3943,90.3774,20,75.3159,93.6521,188,6551.4798,269831.4878,73.061,0.0,32,4,16.723,91.0612,77,77,True,51.8716,-67.2386,1705.0375,84.309,25,6,75.1532,1000.0,57.4661
90,836.6926,3229.1295,44.9293,61,55.1065,90.0258,274,7637.1174,291090.3781,59.2009,85.973,6,3,15.291,91.9343,79,70,False,73.8739,-14.3855,1406.9771,79.4391,10,6,2123.5298,1000.0,58.0121
96,909.3387,2822.9343,56.5982,27,63.0563,97.0884,362,5815.7577,275883.7879,65.9205,189.0314,29,4,21.6889,89.3568,86,60,False,22.4111,-93.9098,1560.4785,83.0734,26,6,978.6263,1000.0,61.8625
37,826.0917,4447.7751,12.0868,16,17.2687,100.0,171,6262.8261,300000.0,70.9724,111.9346,29,3,19.669,99.9746,84,64,False,3.5061,-31.9274,1553.7506,85.0626,19,7,1044.1433,1000.0,64.5464
7,828.555,604.0543,66.9102,90,55.7455,92.9827,301,7017.0834,299365.1273,58.8506,277.5845,21,3,17.2948,91.0376,80,70,False,77.2028,-36.8069,1397.9112,75.4374,21,6,568.925,1000.0,52.6553
68,865.6298,221.928,92.106,47,54.8634,99.0115,33,3785.0451,300000.0,64.9046,364.7195,40,4,19.4766,88.1551,86,64,False,27.7586,-64.2479,1565.1546,88.8559,20,6,462.1036,1000.0,58.5796
85,804.3057,2133.911,1.3566,21,16.2577,100.0,350,578.1996,295973.0956,52.3026,312.2426,29,3,19.7913,89.4247,78,68,True,14.3331,-59.3118,1497.7402,87.5186,19,6,1919.1452,1000.0,57.7342
72,848.579,4473.5582,18.3617,82,73.272,85.8943,78,2589.308,300000.0,63.4749,260.5249,12,4,25.7521,92.8633,78,53,False,57.5004,-58.3294,1488.0985,84.3063,17,5,387.3703,1000.0,59.0714
55,935.5733,2703.9174,39.4784,28,7.1361,100.0,8,911.0899,299059.3245,55.0473,342.392,26,4,22.7965,92.0387,86,68,True,39.054,-39.3556,1535.7436,88.1906,24,6,1851.7837,1000.0,57.1269
54,914.1498,3477.5551,83.8084,11,34.2621,91.7462,335,7347.6199,300000.0,72.9622,479.0156,40,3,26.4836,91.3223,89,76,True,24.4826,-72.9251,1612.2578,81.3294,32,6,2657.5358,1000.0,56.5574
16,844.5571,4293.9545,9.6581,4,62.4982,100.0,55,8698.1072,297681.4374,45.0957,335.3866,39,4,15.192,93.2706,79,59,True,66.9847,0.0,1597.3727,74.948,29,7,2504.8903,1000.0,57.5737
16,868.9141,860.0244,46.1405,39,81.8491,100.0,217,9600.4538,300000.0,51.4444,345.1173,14,3,20.77,98.795,85,63,True,98.0533,-100.0,1662.0257,87.6762,19,6,1015.283,1000.0,57.7039
18,822.9297,3166.1217,21.2355,85,50.1806,89.6586,417,6467.9578,300000.0,60.3149,454.7107,3,4,24.8661,90.7538,85,67,True,53.848,-55.3376,1511.1156,77.4524,24,7,2272.323,1000.0,59.398
42,944.0467,1009.7807,88.7819,42,95.8811,95.515,182,4783.3364,282880.1944,53.0468,488.6968,11,3,29.1459,84.3394,82,55,False,82.595,-78.3188,1517.7449,83.9694,13,7,1648.8138,1000.0,58.4383
53,864.0804,4046.1881,27.2634,14,36.3398,98.053,334,9887.3637,280905.7817,53.1058,110.6707,43,3,20.0856,100.0,80,75,False,90.6035,-67.4886,1498.0066,75.7704,22,7,646.5356,1000.0,62.3141
49,769.7529,3936.0843,31.528,31,96.7876,100.0,440,9334.4071,300000.0,83.8825,160.1409,35,3,19.7188,100.0,79,57,True,52.3466,-12.702,1559.5891,83.7773,19,7,835.6451,1000.0,61.6137
28,952.9524,520.9482,53.763,13,21.1137,92.335,363,6709.7203,294500.9053,67.9175,0.0,47,4,22.6458,83.4886,82,70,True,52.3477,-65.8916,1659.5744,74.5758,27,5,1455.2427,1000.0,60.7419
18,818.3186,4817.868,11.2866,68,49.6467,94.8918,285,7496.4607,297626.1965,58.1139,204.4992,0,3,19.848,88.5853,81,59,True,71.7579,-83.1259,1376.7975,76.7906,23,5,2780.1332,1000.0,62.4487
60,823.2544,2127.5462,40.7266,18,90.0443,91.5339,172,1779.9307,299656.601,73.7173,382.1079,19,4,13.6942,98.6007,87,68,False,90.5411,-63.6047,1476.37,81.1341,15,6,1855.0395,1000.0,56.4115
32,846.782,490.9403,27.012,41,55.67,100.0,443,5160.5697,293412.3624,66.185,500.0,19,4,18.2599,93.6023,86,57,False,87.4325,-68.6427,1476.2984,82.7555,19,6,1462.8476,1000.0,57.7513
12,824.7665,1316.5681,83.5356,3,66.1495,84.4132,112,3420.4434,267193.2135,57.1285,0.0,16,3,12.7117,98.8842,81,58,True,79.2319,-50.1434,1593.1685,72.01,24,7,1847.6072,1000.0,58.743
58,852.1396,4558.9357,74.9649,65,94.4582,100.0,279,8373.006,294880.0742,61.5064,69.9861,13,3,15.6966,91.9302,84,67,False,81.3237,-13.6607,1624.7932,85.6062,21,7,374.0315,1000.0,59.8603
78,925.3702,2519.4474,91.065,31,95.5651,99.8091,400,8933.4952,274616.4905,56.2494,260.8284,22,3,23.9869,91.02,83,68,False,46.8895,-28.9211,1406.3326,85.9007,24,6,277.7212,1000.0,63.2357
7,783.3348,3592.1423,29.3878,20,21.5109,94.0209,140,3988.1941,300000.0,59.1304,49.2738,34,4,21.438,89.2768,89,56,True,87.3942,-17.1105,1452.6269,85.4315,14,7,2982.6141,1000.0,61.1612
35,863.3919,2332.4962,82.1909,63,85.0362,94.9456,219,5011.2452,299114.6234,60.6275,14.77,8,4,21.3337,83.1795,82,74,True,36.3037,-69.7556,1610.6576,80.6391,22,6,2560.858,1000.0,65.153
19,745.2873,516.2783,81.3714,46,94.1875,97.1928,406,2128.5848,298533.8579,67.5686,239.9063,38,4,16.4386,91.5223,83,66,False,59.0433,-94.5828,1494.676,84.3478,26,6,1628.4599,1000.0,65.7179
68,757.2003,3047.2373,9.5352,71,4.1114,89.3468,265,9042.0844,289185.4367,55.1289,363.4357,9,3,11.7777,92.9721,82,72,True,15.1303,-65.1875,1525.7284,81.6544,16,6,1221.1242,1000.0,57.4075
87,888.3557,4959.1241,49.532,49,46.0308,96.6216,263,927.7198,300000.0,70.6389,167.8517,43,4,20.1289,94.4273,85,61,False,70.8581,-25.4296,1606.7393,75.6548,23,7,978.2181,1000.0,55.4975
25,932.9805,2675.9563,96.5292,13,83.4777,96.3954,233,9327.614,300000.0,54.7873,106.9301,41,3,22.1763,92.9226,80,57,True,73.6396,-74.6695,1708.644,83.2697,26,6,1646.5342,1000.0,65.6147
95,812.606,1031.8795,83.1349,58,40.9954,92.5954,231,6129.3712,270835.8306,68.5034,175.3642,15,4,20.8858,91.0595,77,63,False,40.5293,-66.5564,1625.1246,72.5138,20,6,2871.2821,1000.0,60.4485
29,757.9655,1546.1476,61.2734,90,48.3038,100.0,467,3049.2726,282478.2905,46.4487,77.6818,33,3,17.6547,93.1146,89,63,True,46.494,-92.7102,1554.2093,77.4164,22,8,124.8287,1000.0,58.6147
18,786.2472,1483.7763,56.5964,80,94.2134,88.651,390,4395.5223,300000.0,62.5133,151.7479,18,3,23.0324,88.0932,79,62,False,3.2088,-80.3155,1336.2108,78.5136,26,5,1728.2329,1000.0,63.0039
100,800.1962,4746.5868,67.7009,37,68.7677,94.2226,352,778.6227,300000.0,68.363,241.6195,49,4,27.7588,87.8628,77,62,False,91.9743,-25.0564,1479.8479,80.6926,15,7,2909.2324,1000.0,59.7606
72,947.9885,4740.5068,77.5212,81,65.0404,100.0,305,5412.8746,290330.921,53.0697,19.5475,23,4,22.246,89.529,83,62,False,82.9099,-50.1289,1387.6152,88.0876,23,5,2458.7903,1000.0,59.255
37,942.0329,1425.0332,49.5002,0,73.3612,90.3816,10,7912.0729,300000.0,66.1556,277.3806,35,3,15.9531,100.0,82,62,True,72.6663,-91.7826,1566.1003,73.6206,30,7,2441.8505,1000.0,60.2859
57,865.8203,305.2465,77.3976,75,83.9216,100.0,412,6531.6476,278589.8047,68.423,235.1019,33,4,24.3427,95.6237,77,66,True,5.7615,-1.0647,1585.4799,87.5933,20,7,1906.3093,1000.0,58.1929
55,781.5352,1765.6561,17.9807,67,78.8358,94.9261,248,1845.5401,281922.0306,56.9676,190.1719,16,3,7.4769,93.4477,82,53,True,22.3443,-42.865,1530.6402,85.3546,26,7,2710.0564,1000.0,58.3665
16,854.2184,2675.6122,36.4924,67,24.3285,100.0,500,5157.5371,291460.6517,69.661,314.8886,16,4,18.6448,89.6502,79,72,False,100.0,-84.8221,1617.7469,83.5142,18,7,2749.7095,1000.0,63.1333
98,881.1217,4099.7548,1.4824,14,0.0,96.7206,267,7815.6688,300000.0,58.9279,463.2755,21,4,12.7754,88.0964,76,59,True,45.9025,-92.9636,1608.3129,78.8971,22,8,1645.7737,1000.0,63.0951
57,784.3958,2341.7626,78.9019,0,57.3725,100.0,337,9245.9096,298109.4113,61.0552,167.1913,13,4,18.0455,91.8387,84,65,False,86.4994,-47.4467,1600.455,81.2939,32,5,2227.9208,1000.0,61.2696
73,891.9867,2552.6152,19.6129,32,3.8216,96.8555,407,7275.3371,298054.0341,62.3894,51.5509,8,3,28.3061,93.0081,82,51,True,63.6724,-75.2613,1551.5791,79.9822,24,6,2784.0771,1000.0,60.3881
77,801.6239,557.0843,17.2348,31,2.5951,96.9712,100,3667.7804,291200.3593,59.0098,366.8085,48,4,15.0634,88.8696,84,60,False,83.5319,-74.5935,1363.8254,87.1045,28,6,1198.59,1000.0,61.9443
56,839.758,2854.8789,44.3546,61,100.0,96.4666,297,9838.486,292694.7876,74.0286,124.4597,12,3,17.7923,89.6675,77,70,False,61.3345,-48.305,1594.1989,85.4896,24,5,996.5103,1000.0,58.7438
37,831.2561,3058.1503,50.77,32,57.2163,97.5558,485,8272.8494,290305.925,65.1396,345.2712,15,4,19.1913,86.1448,85,72,True,15.4242,-57.1575,1636.3392,83.1166,20,6,111.9161,1000.0,60.5845
53,916.3654,599.2101,16.4199,17,66.9782,95.781,135,8351.9036,295395.1379,56.6338,129.8961,41,4,26.6492,89.1389,77,65,False,53.0421,-61.7317,1504.0115,79.8585,24,6,2067.0898,1000.0,65.4437
92,793.6797,1894.1705,38.4292,95,96.8806,97.415,473,8260.4949,298598.9194,72.9231,59.6248,37,4,20.3997,93.0337,82,57,True,85.8053,-18.4976,1518.1788,78.4616,22,6,591.0637,1000.0,65.4564
77,935.0697,1614.1188,58.2562,67,40.5551,92.4116,432,7366.315,278292.5987,73.9268,495.3644,5,4,20.0127,89.4004,81,66,False,89.7604,-62.8617,1546.517,77.5814,13,7,1727.8638,1000.0,56.5198
98,941.7952,4479.5787,6.2864,34,90.419,90.8536,407,4713.9839,272170.9878,75.9492,254.5743,6,4,16.9971,95.2238,78,67,True,67.9684,-53.7192,1561.7197,85.6758,26,6,256.7839,1000.0,61.9645
12,908.8063,2928.4794,31.986,59,72.2951,91.5719,70,4844.2111,293128.3209,69.5381,374.671,9,4,11.5537,87.5444,84,66,False,69.8638,-38.3767,1671.9614,87.1346,34,7,3000.0,1000.0,56.0315
11,876.2796,3720.933,27.7725,51,27.6294,100.0,59,7668.8481,295170.2962,66.6439,189.6077,26,3,25.3035,91.8023,84,57,True,61.6621,-23.2387,1574.1265,77.8839,13,6,1893.5632,1000.0,61.5947
71,896.9806,2036.2122,72.3551,85,4.6153,96.4794,425,4495.5835,286434.5901,68.1821,457.5083,42,3,18.2698,99.0517,80,62,False,50.5887,-63.3094,1564.2465,82.9888,15,7,151.9257,1000.0,57.209
69,797.7318,2092.7084,16.8419,73,63.3024,93.5182,327,9375.3875,285340.4687,53.5881,420.4168,38,3,16.8747,85.1293,81,59,False,88.8221,-44.5416,1589.4916,88.2751,17,6,2153.0428,1000.0,65.0809
30,860.1684,1864.1982,49.8524,20,99.371,100.0,275,2300.9312,293078.5768,52.1391,422.4542,20,3,15.8056,90.3725,81,70,True,77.2681,-45.8709,1500.9144,74.1946,27,7,1957.0747,1000.0,56.383
44,911.8649,1335.444,29.1061,53,53.857,93.2342,479,7895.9941,288946.7419,51.0788,400.6168,31,3,20.7836,98.964,82,57,False,72.081,-14.0076,1524.0965,75.3381,19,7,2036.4899,1000.0,56.5645
15,882.6233,4922.943,70.5166,36,92.1297,87.5081,96,1988.4143,292506.8667,59.4123,289.0364,33,3,25.2826,100.0,78,65,False,39.1702,-57.4897,1590.8205,80.6869,20,7,2488.0966,1000.0,56.2096
36,861.7267,2188.84,95.9095,18,10.1793,97.9664,485,4389.2626,300000.0,66.4561,240.4305,1,4,17.2134,92.4086,80,59,True,46.3411,-49.2054,1674.5088,79.8622,25,5,2060.4406,1000.0,57.9864
92,875.255,1690.0498,85.7003,84,88.35,94.2095,261,871.1698,263343.5626,54.837,342.5013,44,3,18.8201,85.8216,78,68,False,45.3676,-37.6259,1353.5129,82.1517,22,6,419.5663,1000.0,60.4716
36,846.7218,1701.2834,50.5976,1,96.5135,92.7812,71,4822.477,274312.7293,59.0636,128.6505,38,3,21.5568,90.7339,84,54,False,94.3117,-35.3301,1563.2302,78.8269,25,6,717.0291,1000.0,63.2674
23,844.532,1869.1721,84.0679,18,42.5245,100.0,213,5368.5226,292724.6011,57.6996,286.2941,37,3,15.8554,91.9265,72,57,True,93.5748,-96.9702,1561.3351,85.4271,23,5,436.0008,1000.0,57.2039
27,799.2042,751.5213,71.8378,82,12.8298,100.0,376,2170.054,300000.0,45.9733,333.5321,45,4,15.5956,87.6667,82,64,True,12.8314,-34.305,1465.6228,76.1522,11,7,2119.2916,1000.0,61.7153
50,839.6983,973.1974,19.9419,75,97.8774,96.7792,43,2636.1309,283773.2609,43.9601,51.8079,0,4,14.9111,92.6127,86,61,False,46.2323,-86.9716,1534.6418,86.3838,24,5,1263.0438,1000.0,59.5735
52,883.0087,3283.3283,72.8589,41,89.2559,88.3843,478,1849.4181,271449.3454,57.3812,380.5177,41,3,27.2222,90.0885,83,50,True,23.1635,-4.5976,1551.1604,84.1406,19,6,381.0979,1000.0,56.9005
7,841.833,194.6981,58.1194,22,98.1017,94.2941,99,4206.9505,289502.0859,60.9116,245.0538,24,3,14.3356,91.3955,80,61,True,32.2805,-61.5297,1598.4305,76.9149,19,6,1516.7862,1000.0,62.9686
13,795.1026,3570.6502,23.9569,34,29.8232,99.0574,0,6657.381,289441.4015,68.3961,440.3279,40,4,25.6976,93.9507,70,57,True,4.9121,-48.3968,1507.7795,77.0181,20,6,1282.5425,1000.0,58.3518
23,860.6005,902.9423,90.714,73,28.604,98.8261,344,1826.7886,268747.7467,51.997,481.7702,2,3,24.3817,92.8167,81,58,False,10.3131,-89.4153,1471.0646,82.4084,15,7,1766.6815,1000.0,58.1801
74,882.1087,3779.6745,83.195,72,49.8712,99.4041,207,4221.6846,299034.5819,77.8401,419.3931,1,3,19.617,92.292,85,66,True,58.4318,-12.43,1518.8022,75.7391,23,7,2802.5876,1000.0,65.1248
42,781.2206,1762.6919,73.8569,30,56.3446,95.637,129,5828.4045,292205.8629,67.0377,220.0356,4,4,19.6183,88.6271,81,48,False,63.3364,-75.4894,1683.1724,80.566,23,7,2413.4968,1000.0,62.7019
9,929.8599,842.6788,100.0,84,60.4166,93.4256,266,7956.4967,297537.3039,62.2025,363.7294,6,3,22.4924,95.0946,85,62,False,93.8249,-68.3684,1591.8399,73.8537,29,7,2198.8079,1000.0,68.5648
67,799.0963,3774.6415,93.85,74,20.7472,98.8389,130,6255.9039,297585.7678,59.9067,122.6637,4,4,11.4302,90.9509,83,69,True,82.4094,-41.1903,1483.7018,77.2628,21,7,488.5092,1000.0,58.6939
1,814.1263,2145.8213,46.7636,43,0.1127,98.1414,0,7627.4268,261504.5494,58.1038,132.1747,16,4,18.186,92.9772,81,61,False,27.4854,-99.1772,1532.095,85.2505,20,6,2659.5044,1000.0,61.2079
56,827.1534,943.3114,49.5887,72,95.3922,96.9046,237,1116.5739,293622.6009,53.0145,266.0231,13,4,26.4321,84.5059,84,57,True,54.8829,0.0,1589.1208,88.7072,15,7,1108.2907,1000.0,57.3751
33,904.6142,3303.4654,80.5821,10,79.8074,100.0,231,2027.3401,289612.0146,59.5437,349.3267,10,4,18.0391,100.0,82,67,False,19.9927,-48.9754,1584.71,80.6039,25,7,1429.3576,1000.0,63.3264
5,849.1766,2999.9781,61.087,41,9.8643,96.0213,113,8917.4268,285316.6559,55.5336,211.9962,11,4,18.773,93.4196,88,63,False,52.2864,-14.0298,1478.7957,80.4772,18,7,39.705,1000.0,59.1646
10,816.9851,3170.0685,7.4945,70,59.3783,91.7494,213,6468.255,295528.4285,70.9798,384.2897,32,3,28.081,89.1735,84,67,True,73.4028,-7.83,1514.3573,82.9637,10,7,1964.1172,1000.0,56.6473
79,835.1292,1305.258,67.2603,34,16.1089,88.9674,384,4406.6771,283806.618,47.7938,324.8041,23,4,19.3818,87.9358,82,65,True,74.5673,-100.0,1489.559,77.0165,19,7,2868.3055,1000.0,57.9035
23,843.8608,50.0,46.1298,6,0.0,94.8734,462,3567.5985,282634.9313,56.9829,173.5114,47,3,25.1103,90.8356,90,69,True,77.4758,-55.4266,1769.8693,83.2733,27,6,724.7229,1000.0,60.215
27,842.0364,3712.1737,6.1785,13,18.1972,88.3042,367,8102.7184,286277.7424,57.5386,149.1123,40,4,23.467,85.6282,80,66,True,19.9149,-9.4537,1344.4411,77.1491,29,7,567.6299,1000.0,67.6981
48,811.84,184.9236,86.3314,61,73.1616,98.69,200,9054.8855,280108.693,52.0311,387.03,36,4,22.4584,76.6049,85,62,False,41.7757,-30.0466,1508.9759,83.7488,18,6,580.0111,1000.0,60.2346
12,874.8952,1473.5912,26.4203,95,47.2419,92.7287,196,5864.5161,292468.2146,45.0413,148.6632,4,3,13.5027,98.3721,85,71,True,72.615,-25.6126,1551.132,83.5635,18,5,841.2294,1000.0,59.6546
96,937.763,1548.8167,95.8772,94,29.9145,99.5476,59,1595.6926,283726.8649,53.5197,113.8469,43,4,19.7935,94.48,85,72,True,8.1187,-43.9108,1593.9419,86.4258,20,8,2117.2922,1000.0,62.7341
35,891.4806,1225.7945,46.6786,35,72.0445,98.4365,53,8580.4194,292204.4185,67.3251,381.5677,48,4,28.4406,95.5919,83,67,False,38.0841,-4.1585,1541.745,79.0613,22,7,2641.7926,1000.0,60.4471
47,728.1445,1609.8338,64.3242,20,49.3554,100.0,464,4192.2803,266812.2129,64.9792,45.6218,6,3,27.8497,92.1907,82,59,True,58.4294,-91.4123,1441.2195,79.6082,28,6,2151.5134,1000.0,55.7177
7,840.7242,3939.9042,27.8374,68,39.3312,96.8245,475,8981.6905,280741.609,63.9166,119.1408,41,4,23.0205,98.4435,82,73,True,49.4474,-15.8302,1553.4341,81.6611,21,7,962.3684,1000.0,60.3636
55,744.06,3726.8004,98.4849,84,8.977,100.0,282,7550.9006,297796.0957,64.0748,429.2737,19,3,16.0446,94.2081,85,67,True,10.2513,-33.4716,1531.8296,78.4103,24,7,1982.2772,1000.0,63.7935
78,808.3638,529.3008,5.766,89,12.5401,90.1593,116,2948.3917,300000.0,61.1704,285.3118,16,3,18.8012,95.2055,91,71,False,74.7581,-47.083,1480.9671,77.4476,20,7,1719.3716,1000.0,59.4841
45,735.6827,3873.2871,88.0862,30,26.4738,94.1599,319,1095.2057,289272.389,66.2831,281.5735,34,4,15.0125,90.9507,76,56,False,36.6463,-34.8692,1641.0015,74.2738,20,7,1488.3764,1000.0,61.8145
16,791.1965,855.4276,2.761,50,28.7354,96.6011,296,4473.6304,300000.0,53.8173,409.7249,15,4,18.8735,93.0494,86,75,True,96.6013,-21.4188,1452.0781,78.1752,15,6,1580.5838,1000.0,60.9469
0,868.2227,4158.4219,88.9746,10,26.0372,100.0,429,640.6863,300000.0,67.9566,410.1226,5,3,23.1001,94.6677,86,64,False,25.1518,-83.8284,1511.2395,79.1693,23,6,1586.4501,1000.0,63.9278
36,863.4959,1548.1481,95.8937,0,10.6255,100.0,203,8079.8548,287714.6562,58.5032,382.2807,32,4,21.1592,93.8887,85,68,False,93.1056,-73.3242,1541.3538,82.5774,21,8,547.537,1000.0,59.1795
88,948.9992,545.5755,35.4753,14,60.2007,87.1116,83,783.4236,300000.0,70.6661,167.0714,29,3,15.9472,91.8898,81,59,True,90.3368,-78.2415,1582.991,81.7968,24,6,2822.8588,1000.0,59.538
7,857.5887,4897.7482,61.5683,87,47.7833,100.0,192,10000.0,276377.5706,65.9907,101.0055,41,3,21.2806,91.6416,80,65,False,70.1507,-65.3702,1514.3793,87.8576,29,7,2041.2662,1000.0,60.5727
94,870.7708,3401.6212,88.6346,47,63.3535,99.0956,171,4776.3172,295674.1663,72.2296,272.954,28,3,18.1949,93.7835,80,63,False,22.0311,-41.2036,1548.2875,86.388,19,7,2735.1438,1000.0,58.8826
92,926.5467,2487.7567,32.1294,28,49.4599,98.1517,56,4993.133,293441.059,59.9692,274.592,38,3,19.2713,93.4509,86,68,False,71.8323,-8.1071,1553.756,83.5501,28,6,827.2353,1000.0,58.3258
4,782.0674,851.3769,11.4864,99,63.4831,96.269,19,8430.4144,255279.6616,44.2767,7.2705,0,3,21.0496,98.4225,86,56,True,12.9423,-75.3968,1498.8003,86.148,23,6,1104.713,1000.0,61.0246
17,757.9117,317.7729,93.2562,33,86.5951,92.4087,137,4656.7738,290648.7107,59.5505,207.9811,38,3,12.1994,86.3141,76,64,True,56.8321,-43.9772,1469.1494,86.4068,26,5,983.9654,1000.0,63.1014
47,906.6151,3740.465,8.6231,52,6.0113,95.3256,184,4320.0559,300000.0,62.2429,253.8911,20,4,25.7371,87.6173,79,52,True,67.272,0.0,1618.2766,80.4557,21,6,2542.8187,1000.0,58.7463
14,889.9512,4627.859,12.0974,56,55.1288,95.0859,447,2530.3467,288466.082,43.3513,247.0316,30,4,26.998,88.2863,82,66,False,29.8851,-32.1191,1435.6539,87.5331,19,6,1825.8738,1000.0,59.1901
93,908.5058,4386.4229,17.5826,22,30.1207,91.7981,178,6799.9222,281440.9403,67.2051,490.9647,45,3,23.1788,91.6591,80,68,False,96.54,-56.9972,1757.106,85.2536,17,8,844.7907,1000.0,60.3453
8,791.6968,2431.4238,60.8591,18,19.3658,100.0,420,5085.052,298473.1268,68.555,113.7427,39,3,12.3346,91.7045,84,64,True,4.7497,-87.4536,1501.9884,74.076,26,5,1468.4537,1000.0,61.8633
91,825.405,1405.5558,29.1805,93,27.973,94.7616,365,5293.1962,260474.6515,66.184,66.3791,32,3,21.6889,100.0,79,48,True,62.652,-61.7441,1639.3213,71.7276,21,7,1747.2157,1000.0,58.5033
64,868.2614,779.5292,55.9417,49,85.0373,98.3982,222,2279.9874,300000.0,67.3883,455.8163,5,3,12.6091,99.7737,94,68,False,67.7265,-67.6063,1645.0698,73.5918,16,6,2572.3614,1000.0,58.5541
52,791.4195,1408.5489,82.9368,30,84.7914,100.0,267,1342.7759,285320.6423,61.9217,470.6139,8,3,29.7165,94.1401,80,63,True,16.0705,-30.372,1515.548,79.7182,25,5,747.2032,1000.0,62.7357
65,864.1696,4094.4664,62.6764,20,13.9266,100.0,216,3343.4003,277874.0624,65.56,472.2713,17,4,28.926,92.5663,78,56,True,85.703,-81.8401,1646.5336,76.096,19,7,835.9424,1000.0,57.9003
14,820.0121,3587.6657,95.855,4,85.9448,96.3086,275,7515.2958,300000.0,64.9398,439.3213,46,4,18.5509,95.0065,85,60,True,56.6904,-49.6622,1652.6602,89.37,14,6,456.739,1000.0,60.0488
74,888.4357,4788.1539,11.4989,94,75.1039,95.4641,257,6266.1325,294014.7279,54.6927,269.4736,35,4,16.3265,83.5315,81,65,False,98.6825,-58.8011,1475.2427,81.7206,13,7,441.2295,1000.0,49.6353
26,926.9395,943.6241,94.822,25,4.853,100.0,229,3242.8793,300000.0,49.7681,433.6813,24,3,23.3289,89.5853,85,54,False,46.1499,-84.166,1454.1165,79.338,24,7,409.552,1000.0,60.9858
76,756.246,904.8242,48.0726,46,74.2644,100.0,411,3418.331,300000.0,83.8429,261.4905,37,4,24.452,91.3604,87,59,False,91.233,-13.9487,1435.3075,76.0107,23,7,30.0028,1000.0,60.7415
84,834.1073,2934.1337,4.2457,5,0.0,95.0668,308,607.8978,294784.3551,54.1811,200.2381,14,4,21.9659,84.7968,87,55,False,56.765,-38.8321,1589.4305,81.8102,21,6,694.6573,1000.0,60.2258
44,800.7069,3380.0414,87.3795,80,42.3843,88.6236,174,0.0,295411.8666,53.1663,71.4744,7,3,24.8902,82.5582,80,62,True,20.5791,-34.3087,1511.9423,78.0226,24,6,643.2158,1000.0,53.6648
44,776.8009,1829.1966,13.841,30,26.0729,86.9232,286,4422.6149,291719.2618,78.61,378.2513,27,3,18.1223,85.8318,75,61,True,43.6505,-61.1177,1558.9319,80.7455,28,7,1594.6037,1000.0,60.1213
20,851.6847,3162.8313,69.1854,98,56.7908,100.0,147,2396.3265,277558.5794,69.629,307.7529,22,4,14.2362,96.21,88,56,False,41.3477,-15.3001,1543.6365,75.6274,28,6,781.9417,1000.0,62.6148
55,805.1213,3972.1002,29.0002,79,84.3303,97.5588,0,9738.7835,296905.7348,66.4967,179.8036,21,4,23.639,93.6564,77,62,True,89.4123,-6.096,1471.9365,84.4138,21,6,2717.118,1000.0,67.1934
8,853.549,3762.3973,11.1536,82,10.6176,91.3187,430,5449.5815,287392.9825,41.9757,26.9044,9,3,24.6527,91.6972,90,75,False,51.696,-99.3515,1534.9984,82.7367,28,6,228.9247,1000.0,61.2895
30,859.3229,1379.4039,87.5705,17,33.5045,88.4609,381,9535.4802,300000.0,70.8795,342.4587,18,4,12.9438,95.9801,81,58,True,83.3378,-56.6149,1482.1098,80.0742,23,7,1338.8367,1000.0,66.1603
19,825.5458,2966.3944,39.0096,20,43.6518,100.0,15,1556.5442,282812.6801,44.2103,364.3573,47,4,22.0817,100.0,81,69,False,84.7492,-34.1132,1582.9924,81.562,22,6,553.9294,1000.0,64.7373
85,810.0008,2813.5166,62.1675,64,76.5623,96.2087,54,906.3416,282779.3602,54.3369,45.3335,3,4,27.628,97.5895,79,69,False,51.6536,-20.1041,1556.5027,81.6273,18,6,123.817,1000.0,62.8513
67,926.9992,3091.9248,74.716,7,40.3128,100.0,389,8801.8255,292665.6505,57.9735,274.165,45,4,21.0425,89.5976,82,62,True,9.1278,-23.3193,1470.6084,85.574,24,7,1068.2747,1000.0,63.6446
76,990.369,2156.1412,57.2799,100,8.5498,95.1828,351,5856.5567,295767.7838,63.9385,192.3708,26,3,20.7291,88.3014,79,62,True,78.5502,-2.0022,1526.8093,81.2785,24,7,1793.8335,1000.0,65.6899
80,880.8638,2840.8879,74.4306,11,1.7188,100.0,139,7446.7287,297760.8568,63.5675,330.8729,18,3,16.8109,90.8232,84,53,False,91.7305,-24.7219,1600.2664,82.0286,14,6,2653.9105,1000.0,61.0515
15,798.7275,2109.48,51.469,67,59.563,100.0,105,5741.2927,289250.0171,56.3403,176.0841,0,3,24.4619,91.923,81,58,False,98.4748,-89.0214,1518.8053,87.6663,25,6,124.3808,1000.0,55.5681
93,774.7468,4398.5656,41.8823,15,6.0816,90.5655,76,3617.6851,300000.0,72.0118,354.8485,22,3,21.3933,91.9267,78,65,False,27.4619,-80.4296,1678.3163,75.8928,18,6,2332.3754,1000.0,60.8215
61,759.1705,1478.2476,77.9829,59,80.4969,100.0,417,3069.2419,267454.981,77.9667,62.6847,21,3,20.1854,89.7538,79,49,False,13.9927,-2.1959,1514.1019,84.0367,23,7,560.4475,1000.0,59.498
18,921.4908,487.7892,19.8658,89,81.9528,91.2311,454,631.5623,285402.7335,65.0787,140.7788,13,4,19.0314,89.4941,80,67,True,14.6056,-96.9649,1674.3439,77.6694,25,8,1141.5923,1000.0,58.981
94,804.5044,894.6516,96.2331,22,98.4547,98.816,290,1061.669,293510.7903,66.0672,329.4906,43,4,15.8764,98.2725,73,72,False,64.7121,-57.2824,1561.7713,80.1413,25,5,1993.4901,1000.0,58.9968
44,821.179,3646.1338,26.6694,11,43.879,100.0,139,4505.7555,295320.5872,72.5863,376.4443,17,4,17.4122,90.3152,75,74,True,94.6094,-64.41,1483.8384,86.8523,21,6,946.0327,1000.0,59.2359
36,801.6772,1481.252,10.1164,63,38.6677,94.526,483,2506.1668,291810.4393,64.169,399.279,8,4,22.3381,91.9745,86,66,False,7.0647,-76.9224,1562.6326,87.0054,25,7,2656.2135,1000.0,58.4534
32,866.9606,1180.2292,58.9534,11,98.4391,90.6537,140,5731.3594,283346.9219,49.6903,219.0289,44,3,17.5615,93.707,87,62,True,49.2313,-32.1211,1470.2341,76.9729,13,5,1589.3854,1000.0,57.4657
70,740.7406,1393.7564,30.4896,86,84.2603,88.9698,354,7134.1703,252590.4116,74.3112,130.7959,30,4,21.731,98.7924,85,66,True,72.3374,-15.4149,1555.7701,71.1439,27,5,1921.0782,1000.0,58.8293
43,830.0571,358.1086,13.2071,86,25.4686,95.4958,468,6539.1202,300000.0,54.5571,209.4368,2,4,14.996,86.7727,84,54,True,80.1084,-4.2555,1443.1038,78.2293,27,7,430.4857,1000.0,60.4082
19,804.4645,4750.4943,81.1611,76,82.6427,100.0,363,8693.8654,294271.8157,58.4384,214.9383,3,4,15.3246,89.3136,85,64,True,46.7123,-0.9244,1660.4748,81.9095,21,6,1361.3809,1000.0,62.7302
80,820.7922,1729.9279,61.5534,39,85.2091,99.4414,458,7484.1773,300000.0,46.4553,46.6421,48,4,18.7196,94.5227,84,63,True,5.3387,-63.8091,1470.434,81.615,27,6,93.6998,1000.0,57.2972
14,906.9222,3231.1181,63.799,37,88.6995,97.5436,136,3990.0719,259582.3772,56.7292,106.9368,43,4,21.9854,91.2495,79,58,False,15.3892,-3.893,1548.7122,82.6162,21,7,1555.41,1000.0,62.1607
39,914.2775,3640.5242,50.9409,20,83.0206,97.1227,175,3160.5412,274325.0142,71.4868,125.0659,43,4,9.6421,81.3964,86,73,False,6.5461,-50.8528,1659.3839,79.0469,27,7,1507.3495,1000.0,67.0376
55,924.3615,1983.8467,64.5625,64,31.3493,97.5895,323,381.3385,291216.629,58.5061,141.3661,7,3,21.82,93.2398,77,65,False,54.5812,-17.0077,1441.1954,81.4855,13,6,1060.2168,1000.0,55.5021
0,876.5999,4392.8577,91.5318,7,31.8259,90.9696,239,5479.8713,269125.8529,72.8748,233.1063,6,4,21.2718,85.8625,91,66,False,79.246,-21.6057,1589.8328,80.5175,17,7,1774.2914,1000.0,59.4189
68,774.6729,3576.3971,32.6607,78,89.85,100.0,95,6736.4787,285789.4368,53.7335,118.8048,49,3,19.8988,90.0409,80,65,True,76.7284,-78.6361,1626.7729,90.642,13,5,2148.9431,1000.0,60.0887
6,713.5383,399.3171,60.2237,21,26.5924,100.0,379,3132.8772,300000.0,65.9966,435.8513,48,4,27.2316,89.1502,78,58,True,32.5363,-48.1662,1493.6917,84.7179,16,7,159.3107,1000.0,55.9361
6,947.1554,4209.9443,82.0277,92,43.3365,100.0,185,8269.6266,282575.0916,44.8891,464.2839,23,4,29.1927,91.7697,94,64,False,25.6659,-3.0129,1535.0286,81.5941,27,5,825.4182,1000.0,62.2943
44,855.0393,978.9813,19.0553,71,7.8388,94.3245,439,3409.5427,300000.0,54.5623,469.3841,35,3,24.9813,91.8224,77,61,False,44.1108,-45.8425,1597.2209,79.7692,22,7,394.5509,1000.0,61.6721
47,830.9374,1926.9444,72.1468,40,72.8785,95.7952,366,3788.9164,275781.1259,57.8408,90.0912,35,4,22.5446,96.243,85,53,False,46.9447,-41.2502,1441.7836,77.8332,20,6,886.7042,1000.0,63.3717
32,944.5701,4752.6862,33.1991,30,58.549,95.4189,166,2862.1417,300000.0,57.1729,350.8187,50,3,19.9358,93.8089,83,60,True,82.2189,-33.7249,1632.6751,78.5212,18,6,375.7616,1000.0,61.1867
41,918.0916,1332.4482,81.6333,24,69.4861,97.2622,227,1017.1332,284987.6956,64.4199,433.2362,37,4,29.1602,90.3447,85,60,True,81.7067,-8.1053,1364.8394,83.2547,26,6,2588.3661,1000.0,61.0421
9,862.8681,4599.078,30.8121,71,31.5604,100.0,484,9498.6926,300000.0,50.2641,43.1329,15,3,18.4275,82.7856,86,62,True,16.6994,-59.0522,1472.5737,82.8888,19,7,230.76,1000.0,57.9018
57,774.2236,3775.2846,67.363,91,74.7212,99.4519,333,4993.347,300000.0,64.3029,415.1578,32,3,19.2341,85.4054,86,69,False,3.3756,-92.866,1680.6194,83.7348,21,7,436.4563,1000.0,54.8088
76,886.2568,3637.5668,47.5524,89,53.3608,88.1501,355,9523.1561,298900.4417,54.6739,301.2766,21,4,19.9021,91.7535,76,70,False,41.864,-78.3826,1664.753,76.1686,18,8,1813.0231,1000.0,61.9313
20,942.7649,4829.8992,76.2907,97,94.3473,100.0,481,6043.9196,276142.2713,75.8624,163.0711,22,3,24.4871,86.5373,83,62,True,53.8394,-4.0736,1518.4251,82.88,31,6,2859.7622,1000.0,65.6009
21,857.443,4546.8136,84.7889,95,4.4878,85.7714,369,8448.2839,282430.6739,67.8737,289.4038,23,4,15.4148,92.7705,83,70,False,94.7815,-74.8555,1690.6076,84.6912,21,6,2708.8511,1000.0,55.7919
1,946.1969,4250.1051,12.044,66,61.4792,96.9691,36,6022.7124,297263.9221,72.1733,256.3458,44,3,19.126,91.3802,86,60,False,85.006,-24.4801,1459.7528,80.1004,21,6,1817.9434,1000.0,62.2269
51,816.0011,279.9579,29.4955,20,26.0923,95.4274,104,6029.8368,300000.0,58.3049,382.4964,13,3,24.4675,87.8816,82,64,True,83.4918,-63.2797,1627.9218,85.8123,24,7,1181.3622,1000.0,60.1355
66,814.4176,1944.9677,25.61,40,16.2694,93.1711,136,9560.258,277746.2811,59.8559,110.3911,28,4,26.7879,93.4545,79,61,True,94.5544,-96.573,1531.1996,78.2721,16,7,1105.1568,1000.0,55.7158
74,935.6378,1779.1601,5.3083,37,58.7779,87.048,270,7324.4916,300000.0,68.8714,105.9676,48,3,18.8195,83.2999,78,67,False,73.9555,-67.1758,1590.663,76.6847,18,7,2718.8618,1000.0,65.0927
2,885.4105,378.5147,95.9265,64,40.3875,96.8082,195,1701.0274,296500.7639,50.2788,59.2029,15,4,17.708,88.8638,81,60,False,15.0673,-60.1081,1545.9816,83.5421,20,6,28.1448,1000.0,60.7063
98,993.6031,583.2326,60.0556,44,52.0814,95.0333,305,7164.4946,300000.0,53.6343,288.4595,32,3,20.9298,78.935,78,71,False,90.9798,-74.2531,1605.7816,78.5935,28,5,844.6911,1000.0,60.9385
100,937.8487,3414.6574,22.6969,37,24.9423,92.5179,452,3117.6271,294052.0136,59.9783,360.4232,5,4,8.4421,95.1296,80,67,False,70.5334,-4.5245,1517.9441,87.64,24,7,346.5836,1000.0,55.9883
84,805.3292,4150.1455,54.8613,37,79.7489,96.4674,363,4212.3977,277443.7961,66.2832,233.78,42,4,14.1688,91.5636,80,54,True,78.4226,0.0,1584.8152,79.2195,20,7,596.2311,1000.0,65.4513
68,681.2022,2907.5489,81.1754,53,62.966,94.5856,0,8601.4922,300000.0,68.0206,262.3245,39,4,20.0869,93.2912,81,74,False,57.515,-74.138,1626.4715,88.578,18,7,89.556,1000.0,57.0961
35,816.5066,3907.0428,12.9002,75,54.4474,98.1698,480,8868.4429,300000.0,64.0046,153.0768,8,4,24.6398,94.525,91,74,True,82.2693,-2.8125,1528.0163,78.8492,31,5,734.7723,1000.0,62.3999
38,919.9729,3197.2884,63.2838,25,69.8647,98.135,85,3317.447,285882.7333,56.2606,209.2156,3,4,18.2001,92.6035,78,72,True,10.9145,-12.5922,1631.1467,82.7903,18,8,801.3598,1000.0,63.2612
87,788.9251,3691.6056,20.1701,53,74.6888,97.7777,166,8604.4493,300000.0,79.0377,431.5302,2,4,17.3061,100.0,70,65,True,71.6316,-5.6362,1520.9059,82.7573,17,7,786.2542,1000.0,61.2271
28,777.6565,3667.6518,84.7656,19,57.2023,100.0,18,4484.2119,295766.7255,58.6131,429.5837,44,3,24.8339,90.1612,83,68,True,39.1719,-25.7927,1477.9574,81.641,22,6,558.5862,1000.0,62.9715
90,871.053,4130.5438,20.5996,100,14.405,86.8706,83,2149.2587,293205.7772,66.1441,421.1323,24,4,14.252,97.9594,79,64,True,20.3417,-47.8777,1531.0512,81.8255,23,6,693.3856,1000.0,64.0389
17,935.5006,1875.1062,61.1234,52,21.9211,95.3912,470,421.188,292503.8846,66.436,73.5036,38,4,12.4888,89.7877,86,68,True,42.3686,-61.0204,1566.6722,77.0384,18,6,2487.7415,1000.0,67.3327
35,834.8122,3982.3449,2.1089,21,5.0785,92.3801,278,2951.4713,289468.3564,45.4707,492.7801,22,3,15.3009,90.9035,81,64,True,85.9075,-97.8822,1408.3917,85.7899,22,7,2210.1032,1000.0,56.2801
44,742.4679,2471.1903,0.0,60,17.2623,96.9033,108,7682.5018,300000.0,49.0385,68.3382,44,4,20.2419,100.0,82,66,False,19.4026,-77.5931,1500.1309,74.0695,25,7,2080.1265,1000.0,60.7686
57,773.1871,4968.0301,66.3528,30,4.5423,100.0,76,4834.2126,300000.0,51.7136,486.3349,24,4,21.0199,93.4607,76,66,True,65.4559,-23.3255,1559.9509,78.0999,26,6,829.6339,1000.0,65.6446
73,871.4755,886.7275,7.5941,72,53.9868,100.0,431,1651.5955,296145.8834,54.3772,366.4231,43,3,18.7344,90.9519,82,63,False,72.5849,-88.436,1518.75,81.7697,22,6,1883.5021,1000.0,59.9267
15,795.9137,4710.6563,26.322,19,68.9,94.1107,72,4715.5459,284842.4647,57.4144,419.0917,12,4,22.2206,91.6959,87,57,True,28.496,-99.5793,1434.4079,73.3385,20,6,2189.3294,1000.0,53.6886
38,814.6634,529.5009,94.5292,12,11.5159,96.9471,185,9079.6123,284271.2808,62.4261,364.5015,3,4,14.6921,82.8021,86,65,True,29.5039,-22.0798,1630.9796,84.4182,20,7,587.1068,1000.0,64.5895
36,808.9836,3078.8477,63.4993,19,9.7669,100.0,194,3096.4391,287521.8319,53.4136,387.9536,13,3,18.7908,86.8549,83,74,False,70.4308,-64.1993,1472.1067,79.2629,18,7,1191.3174,1000.0,60.8473
30,878.864,3310.6516,30.8906,58,44.8205,90.0762,32,6369.1377,279851.0123,46.6565,460.5845,27,4,13.9687,93.59,77,67,True,6.7762,-62.8495,1650.3222,78.6458,19,6,1728.8292,1000.0,57.8571
45,873.5042,4758.4314,61.3408,44,99.2246,86.7917,191,1380.7951,295947.5829,75.7473,464.8131,43,3,15.6315,92.4709,83,59,True,56.8008,-69.1587,1621.1627,87.7293,23,7,800.2766,1000.0,61.0724
74,839.4264,3733.469,92.9538,72,54.5791,98.8988,387,8794.2495,300000.0,65.4434,141.3187,15,4,14.9558,91.8148,83,66,True,87.2899,-18.3762,1585.0517,86.5965,23,6,2080.4733,1000.0,61.1797
53,888.0722,459.2288,40.487,23,81.945,100.0,408,5187.9844,300000.0,65.5775,500.0,3,3,18.4255,87.5941,87,66,True,62.4579,-16.7331,1494.206,82.2779,19,7,1758.5074,1000.0,58.0264
43,868.9251,3222.5113,57.2042,62,17.3684,94.364,90,3091.8531,264978.5589,68.1927,292.9614,21,4,12.7214,93.9688,84,72,True,45.4401,-52.9192,1430.545,83.0286,24,5,858.6148,1000.0,58.8854
49,876.7488,3600.8017,56.7948,40,94.6837,100.0,383,8827.5031,294399.0806,63.8946,440.6549,46,4,25.0896,95.8401,84,70,False,74.7874,-44.8587,1635.0882,88.9312,22,6,1003.472,1000.0,61.3973
74,800.6011,1080.4802,15.8978,48,41.8291,100.0,151,1398.6143,259112.0103,46.2489,163.5615,22,3,19.6833,85.3083,80,63,False,35.6183,-74.0873,1498.6389,88.0132,31,7,1104.3627,1000.0,56.7779
55,911.8784,3361.1037,52.9056,95,27.0541,97.1489,382,3663.5038,300000.0,50.952,170.5682,15,3,13.3272,85.5551,80,58,True,22.0837,-85.9671,1660.3206,73.2768,27,5,1548.0048,1000.0,61.9738
70,881.3438,457.0517,59.4005,78,49.4009,98.2124,357,1857.9421,293343.8952,69.5503,114.1281,34,3,25.3011,87.8279,85,66,True,11.4902,-67.43,1332.7502,82.0871,8,6,1631.9625,1000.0,64.5204
53,913.2289,689.3295,50.1827,25,81.2576,92.3169,416,8515.1102,300000.0,48.4522,450.2841,18,4,19.2478,93.711,83,76,True,86.2694,-25.5122,1476.2935,81.9816,21,7,1509.198,1000.0,55.4938
65,809.1002,1703.5721,50.8129,71,74.9686,100.0,500,3598.175,299160.8402,62.3487,339.4238,33,3,17.9894,89.691,82,65,False,63.6631,-8.7863,1526.9873,74.9258,25,8,468.2749,1000.0,60.384
87,831.3633,1261.7073,20.5231,13,36.2735,98.1193,59,3087.3407,282884.9726,63.8209,14.4108,4,4,26.0081,88.5182,82,59,False,46.2367,-58.5728,1487.4047,79.6002,20,7,1984.8861,1000.0,60.5702
9,926.1461,50.0,57.3591,98,20.0471,100.0,112,8868.8874,270293.2642,73.649,142.511,23,4,23.3607,92.5969,74,57,False,62.9026,-9.0548,1575.4017,89.8688,33,7,348.3122,1000.0,60.2321
77,833.2238,3118.5616,57.9324,90,15.9997,92.0189,306,9231.3997,292812.7877,59.0746,53.6437,3,3,17.1311,92.0686,84,52,True,14.7666,-71.2332,1699.4195,80.7471,26,8,457.7561,1000.0,62.7975
82,940.3889,2176.805,95.3976,86,30.0002,97.9915,262,903.3095,294904.2946,53.1226,196.5355,34,4,21.2043,95.3069,84,54,False,1.6761,-60.1584,1520.2613,81.7148,13,6,1850.928,1000.0,60.0398
77,839.6406,1133.3609,37.0329,64,92.3402,100.0,404,6086.5253,286761.4214,67.4134,425.5839,40,3,25.1444,92.6095,79,60,False,82.5585,-66.4455,1522.755,83.0031,17,7,1243.4713,1000.0,63.334
24,809.1355,1157.065,69.4548,20,25.0096,100.0,78,5605.7819,287505.3263,63.1322,218.1503,6,3,19.1586,94.802,84,67,True,92.765,-72.8363,1482.2008,79.3365,18,7,1698.4219,1000.0,62.6895
12,814.6388,2989.9249,78.4415,54,61.4981,95.7824,211,7939.3124,280908.6719,52.7097,21.3744,3,4,19.2552,87.6154,81,55,False,10.4499,-61.7164,1511.0366,84.5235,27,6,857.5966,1000.0,57.2303
92,790.2975,816.958,79.7566,47,27.9616,95.489,167,5315.3045,297236.244,33.8988,175.0651,21,3,17.3777,98.607,82,66,True,46.2923,-66.678,1352.2467,90.1449,26,5,219.955,1000.0,55.6036
31,783.5237,1333.214,56.6345,39,81.8699,98.76,41,1064.8496,283607.2188,62.723,365.8679,38,3,25.1768,90.1507,79,51,False,92.093,-80.1283,1472.6093,81.8802,20,7,2768.2815,1000.0,55.8757
16,815.2542,256.3497,63.3185,64,66.5654,100.0,380,9695.1823,286510.7328,66.5204,219.8358,9,3,15.451,94.9586,82,57,False,79.3985,-46.6728,1528.4691,81.6638,23,6,1556.2448,1000.0,64.8034
74,892.0842,3924.3483,83.1563,77,84.5097,94.5546,236,5321.314,272930.9205,60.9041,348.3886,28,3,18.7592,84.5216,75,62,True,42.5818,-34.8078,1470.6242,83.904,22,6,1336.2239,1000.0,57.4211
84,757.4086,4820.8295,5.6896,33,46.1697,95.0893,35,6254.8603,300000.0,62.48,382.5881,10,4,24.1932,89.2399,81,61,True,11.9644,-24.8471,1699.1894,79.6444,22,7,2705.8841,1000.0,60.1178
95,776.8141,1344.9304,23.6574,64,53.2116,100.0,0,357.7398,280657.3003,60.2825,418.6634,32,4,25.688,94.3852,90,65,False,32.7391,-23.2538,1546.3912,81.5095,27,7,2812.1485,1000.0,62.8762
53,865.144,2190.0366,54.4,37,23.9552,96.8287,0,7760.9477,300000.0,59.2994,406.783,10,4,13.1996,94.869,83,54,True,80.5084,-50.9114,1593.4689,80.8749,22,6,137.9427,1000.0,59.5601
86,867.032,2331.7522,76.7693,2,10.5164,90.8582,201,8585.8517,291001.7504,42.1575,326.0621,19,4,20.5003,94.5811,81,50,True,20.1302,-63.1331,1423.9552,78.523,25,6,1015.2336,1000.0,62.1713
45,836.8182,2783.2171,18.9364,16,90.6418,96.4189,462,2886.6242,295410.1824,62.354,310.8435,33,4,18.6929,92.9552,80,69,False,91.8371,-74.7585,1588.732,80.937,23,6,1904.0802,1000.0,62.2204
55,891.859,2006.7714,87.1843,62,27.9041,95.8586,128,3216.9682,292388.1519,54.892,49.7033,34,4,22.1836,86.5802,78,72,True,31.6143,-57.8874,1609.6744,85.2266,18,6,2570.3885,1000.0,58.2804
56,814.6089,882.0889,47.1301,82,74.564,100.0,72,2049.5786,283494.8494,63.3006,107.8215,20,4,21.6289,80.511,82,56,False,84.3584,-69.1789,1487.0417,74.3958,14,8,1833.9538,1000.0,56.3209
84,965.3651,1283.9844,37.1491,4,22.1988,93.7213,314,5245.3259,290944.5413,50.6516,437.1463,14,3,20.2941,87.7024,77,60,False,42.7946,-45.4502,1557.6639,85.2214,28,7,2892.5633,1000.0,62.3917
22,752.4841,3953.7368,12.0297,11,41.1502,99.2986,231,118.2622,280053.8606,55.4042,412.2452,45,3,19.589,94.0232,85,72,False,56.112,-94.0932,1514.4851,69.444,30,7,1867.6281,1000.0,60.9073
71,792.5075,3050.8205,55.167,48,98.4793,97.4162,357,1374.0766,300000.0,67.981,267.6739,4,3,14.2405,90.2414,86,63,True,78.2624,-56.9278,1542.3717,77.3585,20,7,20.6489,1000.0,58.6947
32,840.0484,379.8168,78.6338,15,13.4317,97.3784,192,5814.555,288321.8922,59.4282,400.1946,23,3,15.7133,93.7874,85,67,False,32.1969,-28.9995,1537.2678,89.7019,22,6,1552.321,1000.0,63.0303
11,910.1322,1034.3754,33.758,64,23.0186,100.0,125,4853.1276,300000.0,54.4872,166.3903,21,4,21.5709,93.3653,86,64,True,4.0536,-71.4099,1513.4598,86.1342,14,5,2876.0893,1000.0,59.6362
97,875.328,1992.5906,47.0035,3,70.9071,100.0,373,7531.6096,300000.0,45.4705,16.2043,18,4,14.2319,100.0,85,69,False,14.451,-11.8749,1621.5279,79.706,20,8,454.4829,1000.0,61.8388
93,852.6797,3303.0628,19.6849,8,7.7902,99.9144,257,7395.7253,298448.2916,72.3306,197.5652,42,4,22.3916,99.3005,82,64,False,39.0338,-84.8309,1521.7637,76.9184,25,6,2728.8975,1000.0,60.3655
51,919.1793,3833.9626,25.7627,73,86.2056,97.0188,422,4283.3211,300000.0,63.897,426.1752,0,4,22.1436,96.0119,88,66,False,91.2625,-22.4005,1524.6334,83.5648,25,6,885.0111,1000.0,58.5859
15,813.5858,2724.282,66.6366,82,3.2831,98.5872,22,6322.3161,274238.5853,70.1077,7.6675,41,3,23.5684,95.3794,83,52,False,90.2214,-25.4282,1573.4882,74.5332,17,7,2687.6905,1000.0,58.354
87,830.8195,4318.2077,90.8434,23,53.3807,100.0,40,8551.512,268006.7679,53.4994,40.5962,15,3,29.3657,88.7449,80,71,False,93.6978,-58.182,1601.1633,80.3031,30,6,1728.2303,1000.0,64.4168
41,826.9591,4089.4259,60.9834,44,41.3754,98.2567,197,6150.7739,266927.0717,74.0609,179.0343,0,3,15.1326,99.7246,81,67,True,86.5259,-99.22,1692.0013,81.8598,19,7,1012.639,1000.0,64.7658
48,932.1701,2394.3035,63.3222,53,13.9554,99.1621,177,9789.7041,278298.669,65.8595,152.9071,24,3,19.1288,96.5219,85,57,False,74.1729,-91.274,1589.0775,79.3626,19,7,2701.8212,1000.0,58.8858
100,815.9696,3677.4298,88.0583,0,62.6507,89.7615,35,9906.8424,297941.1191,69.0437,256.1023,11,4,19.2195,94.084,84,59,False,2.3483,-47.2928,1626.4242,80.0902,27,6,358.3972,1000.0,61.16
50,795.3494,831.0346,20.1995,66,97.8072,100.0,113,4665.808,300000.0,68.0161,261.1565,21,4,26.8836,84.5076,81,66,False,43.603,-11.3581,1508.0286,80.9352,25,7,2261.9807,1000.0,62.9576
12,934.0929,1822.5684,83.6133,4,61.4879,100.0,247,2825.4752,300000.0,66.9861,15.8052,14,3,23.0754,98.953,82,57,True,94.0537,-61.6584,1548.1212,81.5907,21,7,1785.2966,1000.0,61.2527
68,953.734,269.374,88.4273,17,16.6393,100.0,363,7684.5206,300000.0,61.9595,276.9652,15,3,18.5055,95.9715,78,48,True,7.1669,-25.9203,1427.2694,72.3528,19,7,1315.8382,1000.0,65.3931
55,912.6021,3813.4068,68.6305,74,8.9482,98.0134,118,1456.959,273514.5161,58.4255,67.8542,38,4,23.0317,91.5904,86,61,True,74.7299,-91.3891,1571.2386,95.7636,30,6,1645.8834,1000.0,60.8384
17,785.3655,4483.7319,1.9808,85,73.2043,100.0,417,7759.6734,300000.0,67.062,337.8725,38,3,19.8802,85.4531,87,50,False,76.7276,-20.3447,1431.1196,83.1479,21,6,2491.8766,1000.0,61.3368
23,873.0436,1809.3685,92.2212,67,86.0702,92.5785,412,4521.5625,292878.7395,59.9944,472.149,33,3,16.9736,88.7215,76,71,False,21.4168,-70.9196,1668.7202,86.119,21,7,316.2065,1000.0,55.1793
90,811.4902,1630.262,59.8195,94,64.8209,100.0,131,7226.2493,271853.4179,60.558,493.1864,25,4,18.5463,91.1507,83,69,True,85.5731,-85.4559,1624.7889,82.974,19,6,791.1241,1000.0,54.4964
2,792.7532,1275.6256,22.4908,97,2.6305,93.6299,193,3366.6119,300000.0,58.2059,211.3318,30,4,19.0909,97.9013,76,65,True,20.1369,-55.1652,1565.5921,89.7935,26,7,1083.6591,1000.0,58.3586
62,830.0299,180.4656,48.0538,82,5.7501,100.0,482,3846.1348,280704.4829,63.9606,316.0465,48,3,22.2103,91.5202,76,60,False,92.5996,-52.1866,1588.4384,83.0475,22,6,2202.9217,1000.0,60.3568
78,887.7089,1734.0034,54.9469,63,66.5522,89.7685,301,8203.0702,300000.0,55.5344,273.1704,14,4,13.426,89.5,87,51,True,58.7188,-37.4981,1630.2186,84.465,24,6,2687.6782,1000.0,60.5452
33,865.9476,294.189,4.0609,5,30.0337,100.0,215,3567.3892,300000.0,65.7852,70.2941,2,4,24.0126,81.4514,87,65,True,4.2303,-53.489,1584.5382,89.0445,26,7,3000.0,1000.0,62.9525
12,808.149,2811.7339,64.115,91,29.2625,100.0,338,4130.6803,288553.0343,70.7306,226.6395,35,4,17.6103,98.7244,83,54,True,62.8951,-58.3021,1516.8534,80.8852,20,8,1120.2516,1000.0,60.1599
94,880.9357,3496.1564,60.6077,30,41.0973,94.271,205,5897.1599,277310.0928,50.911,466.6268,14,3,12.0245,90.7676,80,66,False,57.5918,-37.3721,1545.3552,79.3294,18,6,1454.7313,1000.0,59.0614
26,810.3671,1812.3045,77.3819,45,80.8664,91.2263,480,6310.2128,298268.2579,70.5023,266.0074,15,3,25.0594,89.7425,81,57,True,68.3338,-27.4305,1562.4399,86.7837,27,6,2717.6557,1000.0,62.0461
18,770.686,2232.9109,95.2995,59,75.5135,100.0,14,1776.1406,300000.0,53.1863,394.5138,47,3,17.0368,82.2041,80,58,True,51.2862,-60.9921,1528.9444,82.4313,19,6,213.6469,1000.0,59.3386
9,811.5697,1621.2344,45.915,87,25.485,100.0,66,6375.8326,294307.4747,64.8767,280.9103,12,3,26.8498,91.6084,90,55,False,58.5718,-17.7789,1589.9605,87.4037,23,6,2224.5317,1000.0,62.1532
90,875.7335,1577.7513,28.3748,83,74.718,98.8838,389,4743.7394,300000.0,70.7669,239.2782,3,3,23.925,96.9747,90,66,False,59.4315,-64.882,1554.8291,75.493,20,6,1819.2008,1000.0,57.0124
51,768.366,1367.3793,69.9621,50,27.6984,95.1256,400,7820.4325,293079.7704,55.3585,52.1948,4,4,24.1168,85.4691,85,68,True,81.4216,-12.7109,1514.4161,76.8695,20,6,544.8501,1000.0,61.0493
40,872.8455,2752.4307,17.2544,89,19.2508,100.0,260,6334.5908,285358.0984,66.4725,494.8146,36,4,19.8359,98.6528,81,53,False,64.5745,-81.3812,1484.4497,81.5623,25,7,2272.496,1000.0,58.8509
76,848.5913,2787.3619,11.0772,83,87.3626,83.5174,137,5187.5451,287425.5013,59.1489,69.593,39,3,22.1786,87.8697,76,43,True,29.7196,-37.985,1644.003,84.2322,22,7,291.1406,1000.0,62.5604
52,878.555,3975.3653,78.3227,37,43.8894,100.0,336,8820.1184,300000.0,67.2713,332.2012,21,3,13.598,94.7134,81,61,True,6.3921,-10.4502,1501.2181,76.0427,25,6,234.9467,1000.0,59.3185
31,766.4018,538.4272,89.0753,29,59.0578,100.0,89,5481.4133,283256.7089,68.2177,160.0778,10,4,17.979,98.0136,81,66,False,34.967,-81.1142,1446.1212,84.9589,28,6,1753.5361,1000.0,60.3288
35,885.8969,4824.023,81.126,42,15.4905,100.0,110,4370.7449,286805.9586,59.0946,142.9903,36,3,21.4154,79.6046,78,67,True,64.9238,-5.0166,1388.733,76.7256,21,6,961.9072,1000.0,58.0184
74,932.8527,2694.896,88.5495,75,14.2931,100.0,407,1885.4622,266978.5561,62.7432,262.6589,7,4,24.627,93.7679,88,67,True,25.5287,-20.4093,1576.7082,87.6988,31,7,341.705,1000.0,63.1028
25,911.6447,4379.7109,26.094,56,74.9791,100.0,344,2222.7657,296084.8264,61.0207,215.0831,4,3,14.6465,96.9469,89,71,True,99.2826,-56.7,1472.6209,83.4972,19,6,2100.6352,1000.0,61.6132
57,794.298,277.715,63.9675,16,71.7689,95.9824,257,1829.0292,282318.1162,58.266,28.9268,4,3,17.8021,91.2018,81,61,True,99.0531,-51.8739,1511.6134,84.6599,22,7,573.0532,1000.0,65.4511
85,924.3589,1634.0413,60.2299,30,68.366,92.4878,61,8623.9122,277136.0087,54.7971,80.6485,3,3,20.8626,92.0775,86,68,False,49.5453,-83.6567,1539.2253,83.2599,33,6,3000.0,1000.0,61.0327
89,956.8076,3783.2602,6.8954,87,42.3073,88.1694,435,452.8071,284695.0277,60.2442,468.0107,19,4,21.4541,96.5492,82,60,True,95.2835,-56.904,1413.9225,83.6097,21,7,2697.1241,1000.0,54.7741
88,890.3961,674.2195,0.0,97,89.4114,100.0,42,9428.3182,293748.8175,64.4033,182.5079,10,4,18.3103,93.8531,78,69,True,73.7951,-2.7635,1589.8973,73.7882,19,6,1038.7679,1000.0,64.2647
75,890.053,860.7726,85.1284,11,4.253,90.9805,336,5924.0052,299967.5454,64.9903,180.2861,13,4,12.6089,83.4207,87,62,True,60.2653,-7.5363,1690.6422,86.2226,28,5,2285.065,1000.0,64.002
52,838.8045,2893.4695,6.0579,98,76.9466,100.0,384,807.4917,299220.9973,60.0193,265.885,24,3,18.8633,92.6064,88,50,True,75.8872,-83.6137,1632.8416,78.5259,28,6,2419.8907,1000.0,59.4244
47,872.7815,2231.5221,69.464,67,31.9959,97.7412,153,8437.9302,294996.4948,59.7306,105.4405,23,4,19.5126,100.0,84,67,False,73.0667,-95.6494,1550.5868,83.5493,18,6,1630.6311,1000.0,56.0358
92,790.3475,2243.6777,39.9548,80,90.4833,88.9677,385,8875.5531,279820.8594,56.9078,31.5291,10,3,19.3922,87.9338,80,72,False,82.8617,-86.5783,1583.6178,81.3694,26,6,2439.4462,1000.0,65.7184
75,804.7277,1007.3763,6.931,88,19.4238,92.9433,0,3087.5808,300000.0,58.9953,443.4234,49,3,15.38,93.0664,86,52,False,2.8424,-43.1582,1706.1625,80.675,23,5,2311.0969,1000.0,61.0061
22,854.5473,50.0,82.0958,14,12.5789,100.0,442,3484.7708,283274.0249,63.0648,88.5429,8,4,17.5268,88.0995,82,58,False,89.7036,-8.4933,1495.0002,83.3325,21,7,2999.1138,1000.0,63.8655
33,901.5494,205.9259,35.7803,64,27.1842,99.9223,185,8454.9052,284501.164,65.7737,327.0385,31,3,24.868,100.0,87,72,True,25.4205,-100.0,1523.6186,76.761,27,6,803.3703,1000.0,57.7491
36,699.7388,2792.3477,74.3267,13,32.7028,87.8793,430,4825.9154,279432.1378,58.7856,354.0639,43,4,32.3093,85.0919,88,59,True,52.9308,-63.3004,1487.9391,77.8592,25,5,2618.6302,1000.0,62.5118
80,787.7301,2140.221,55.2405,41,66.7949,96.0897,143,4896.0031,284515.3386,61.8964,2.5334,3,4,15.2601,93.5938,79,64,True,90.09,-7.3617,1470.4717,77.4899,21,6,2042.6454,1000.0,60.1479
47,890.7456,3895.1513,88.3823,36,10.5333,95.8724,347,8536.9373,300000.0,55.1827,376.4154,29,4,21.9574,87.5804,83,59,True,36.0647,-42.9341,1543.4505,82.8339,26,7,472.4971,1000.0,59.3301
73,950.8503,1586.0378,45.3486,79,32.9266,95.0262,284,1798.2193,300000.0,56.0903,500.0,39,3,21.6375,92.1097,81,56,True,100.0,-50.3208,1505.2068,84.5395,14,6,443.245,1000.0,60.706
5,873.7898,50.0,74.986,12,58.9542,84.5508,218,8863.2395,298974.0073,61.8499,416.2102,0,4,23.1014,91.8819,86,61,False,22.068,-93.2086,1565.0432,80.609,25,6,2352.1306,1000.0,51.5453
65,930.958,2573.6723,62.5095,84,28.2915,100.0,496,9154.1287,300000.0,54.4005,188.9164,34,4,22.5965,96.8251,82,53,False,21.0148,-65.8808,1517.2529,79.1191,23,7,1243.2283,1000.0,61.9029
32,760.4467,2371.1949,76.587,36,38.5841,100.0,402,478.0926,279201.995,79.9191,4.1839,40,4,23.0167,87.5567,89,64,False,48.9355,-55.0967,1388.1865,87.1355,28,5,2731.8174,1000.0,62.8068
17,772.5754,1248.0118,6.0591,10,16.0523,92.3069,55,6668.4553,292402.0321,70.6774,466.4885,0,3,21.5926,89.1073,93,63,True,8.6796,-49.3733,1330.841,88.0124,24,7,1508.8747,1000.0,58.5658
66,830.246,5000.0,34.2295,65,11.5808,81.3137,500,2245.5942,290461.7584,61.9105,426.7108,2,4,21.8578,79.4227,78,63,False,4.7104,-12.8325,1532.0489,78.5087,29,7,976.4852,1000.0,62.3992
11,860.8391,899.0255,35.4521,97,74.2461,95.9713,233,5683.4906,293248.0372,62.9669,465.3351,25,4,18.3984,83.6052,83,61,False,65.7545,-11.4059,1572.2671,78.5528,16,6,2602.4969,1000.0,65.1715
68,786.4865,1981.3331,9.0769,89,6.6491,100.0,315,6421.3963,296068.8878,67.3613,483.0644,36,4,21.7068,92.4729,87,59,True,45.2218,-60.3976,1610.3571,80.6277,24,7,2761.416,1000.0,59.44
100,823.7222,2568.5917,90.3115,90,97.2828,96.3771,58,5612.3452,271409.4732,59.3029,124.6361,20,4,23.212,98.6369,81,62,False,71.3753,-93.0344,1673.9483,83.8156,21,7,1492.4064,1000.0,60.3413
89,832.9305,1657.6926,22.2503,32,72.9639,92.266,491,7179.5814,300000.0,71.4723,133.2415,40,3,15.6888,86.7904,85,68,False,90.4252,-15.7168,1420.1511,79.2861,23,6,1584.6004,1000.0,58.6174
81,853.9844,1832.323,79.7168,18,80.329,100.0,247,4846.9568,280925.4895,63.5767,206.5062,42,4,21.469,91.9858,81,70,False,91.6166,-40.3357,1361.6992,82.7011,16,7,2751.3787,1000.0,55.5238
41,795.122,4412.1093,45.5224,83,48.6807,100.0,228,7437.2518,293240.4076,58.735,43.1609,6,3,12.2158,91.6502,75,63,True,73.3307,-81.0428,1649.3724,86.4922,20,7,1073.0126,1000.0,58.5714
32,852.6343,2180.1458,88.3219,5,23.6768,93.7566,148,5400.5493,300000.0,59.7714,488.6689,4,4,15.3093,93.9957,85,62,False,46.1953,-35.1621,1582.1145,79.6163,27,6,1863.3669,1000.0,58.8343
100,758.6166,2297.5928,69.9299,93,94.2612,100.0,207,2537.4393,293027.712,62.4945,365.3256,14,3,16.5991,88.9915,85,60,False,46.6003,-41.9702,1591.6103,74.798,19,7,102.5126,1000.0,62.4098
10,866.4979,2553.1265,76.3723,39,92.4563,96.1676,382,1716.2334,277945.7957,60.2063,41.535,10,3,15.0524,87.463,79,54,True,43.4591,-62.9668,1612.5814,82.9785,24,8,2919.9761,1000.0,63.4109
18,912.5327,2898.9954,44.916,68,92.9575,96.9437,58,6573.3153,295855.9902,65.1367,327.0318,39,4,19.4206,87.4728,81,58,False,86.696,-96.7659,1560.8636,76.4812,20,6,383.1567,1000.0,61.907
78,936.3188,2002.2103,39.3992,39,36.7047,95.9231,156,5339.1953,297553.9616,56.6879,75.8519,26,4,19.8259,90.5656,81,61,False,81.9087,-96.5556,1589.5408,81.7609,22,6,553.6909,1000.0,59.579
44,874.4974,4582.5825,44.6692,63,36.925,91.5768,186,4184.1499,294150.3718,48.5963,380.7483,35,4,21.1378,91.3207,85,56,True,69.2471,-27.3545,1456.8045,82.6887,21,7,459.2394,1000.0,57.9852
91,899.4562,590.0844,48.0055,31,32.2271,90.9417,136,5768.5665,289124.0188,66.4622,346.305,37,3,18.4639,86.7177,86,65,False,63.6843,-92.0363,1415.8888,77.4593,28,7,123.1217,1000.0,63.9902
39,866.6126,1167.2193,10.1386,29,11.7228,91.5791,100,9677.9228,300000.0,60.174,262.3913,43,3,26.7672,94.4198,84,67,True,34.1015,-7.5805,1623.6634,79.5872,28,7,2309.0916,1000.0,64.3008
32,874.4319,4720.865,8.3898,37,62.7288,96.504,500,6668.1613,300000.0,61.433,190.318,26,4,17.3546,90.9739,76,58,True,47.9945,-82.4346,1455.5227,79.1492,13,7,1341.956,1000.0,60.4801
60,892.0489,1128.7151,27.89,76,75.7161,100.0,389,7210.5759,300000.0,62.7982,372.2817,29,3,13.4312,97.3904,81,64,True,32.5025,-45.4375,1462.8731,87.3451,27,6,1386.6177,1000.0,60.9967
68,680.2246,4128.3746,40.1427,16,81.2591,100.0,70,7281.4707,300000.0,66.9735,154.9964,33,3,13.06,95.051,81,78,True,59.8558,-20.9043,1424.9814,80.0476,27,7,3000.0,1000.0,62.1466
63,898.957,3693.9214,5.8661,41,39.9904,98.2917,454,7533.1334,300000.0,69.0468,20.7596,31,4,17.2907,91.0183,81,67,True,89.2475,-14.9877,1453.1261,82.8625,17,6,654.4507,1000.0,59.0363
21,944.3856,4266.1648,49.1711,28,5.7072,92.7633,179,1568.8836,270443.1071,59.0149,466.5107,44,3,17.4356,76.0907,86,80,True,53.7879,-12.2297,1515.6866,73.2268,29,5,91.912,1000.0,60.0338
83,785.2735,3466.7285,57.7931,10,33.5805,94.5787,26,1498.2115,295253.2452,67.4272,48.1206,0,4,24.6022,88.2384,87,60,True,96.6957,-47.0289,1540.6111,80.5983,17,7,1962.6512,1000.0,58.3618
41,905.379,2071.4458,94.7277,67,12.9943,100.0,303,7837.8023,298733.536,57.5826,384.9391,15,3,17.9735,87.1567,85,71,False,50.5797,-72.3213,1613.6866,85.9847,32,6,1316.3616,1000.0,63.5116
1,895.6399,4698.734,12.0061,91,54.116,100.0,240,2803.7163,263425.2629,74.0022,191.5415,1,3,18.9632,91.5297,87,66,True,18.054,-78.7653,1641.804,86.5688,30,6,591.278,1000.0,56.5563
55,876.8182,195.6838,75.9226,22,69.6883,90.7718,222,0.0,300000.0,50.8636,244.5103,43,4,18.2927,88.4589,82,70,True,95.1449,-57.0038,1549.0693,84.4138,18,7,1356.6823,1000.0,58.2779
29,821.9955,2651.3862,78.8749,38,42.1869,92.9543,82,3491.5036,292144.2764,66.0113,135.5863,26,3,10.8119,85.776,79,58,False,20.7663,-36.6348,1455.9075,82.0721,20,7,504.9378,1000.0,61.1057
58,853.6362,1631.9169,74.6792,90,84.2894,97.1613,386,4475.731,276019.3173,60.9272,47.655,39,4,25.2083,87.6584,77,57,False,55.1619,-13.3711,1477.8013,78.9417,28,6,2987.7317,1000.0,59.9203
19,832.6539,2884.0187,85.0767,88,75.7294,100.0,256,2679.5904,275373.8322,68.664,33.3505,29,4,16.1101,93.2734,80,60,True,73.8292,-51.3329,1609.1927,81.9661,24,7,2616.5545,1000.0,60.532
78,935.6531,4783.0927,98.045,69,27.4165,100.0,415,1346.1226,299983.0047,51.4728,1.8345,7,4,24.6009,88.6537,79,53,False,45.0827,-28.6556,1442.6726,78.1321,24,6,1511.0001,1000.0,64.0407
19,736.4876,4913.5637,64.5129,51,9.3657,96.2369,110,2341.1742,296038.1283,71.9085,298.9829,3,4,18.0958,86.1835,90,51,False,5.7028,-30.4092,1487.9068,81.2998,26,7,1392.8151,1000.0,62.2588
44,944.8647,1716.647,88.3708,14,31.7491,100.0,497,908.0127,300000.0,55.0389,440.8862,4,3,17.4561,94.4545,86,50,False,64.264,-88.2472,1403.4484,80.4295,21,6,728.3041,1000.0,60.196
2,919.0566,4513.5305,9.4209,58,71.7194,100.0,321,5108.3191,278477.8109,69.0656,125.2692,12,3,16.6019,91.6642,78,60,True,96.6986,-17.0066,1652.6179,80.4804,17,7,2247.0066,1000.0,58.1618
59,796.8193,4916.0434,25.6898,43,84.564,94.205,237,6474.4715,290109.2172,42.1642,47.6907,43,4,19.09,86.8088,82,72,False,69.2018,-53.9479,1340.39,84.1601,18,6,459.2678,1000.0,57.5587
7,902.7215,2478.9833,41.6896,30,57.6305,95.0081,390,6882.4075,290081.9326,65.3791,263.8538,35,4,24.5689,85.2425,79,70,False,62.0885,-92.741,1401.5797,76.2343,17,5,2202.5246,1000.0,58.0141
73,852.3202,505.8161,7.8651,77,27.7719,100.0,310,7920.5724,287166.7033,67.261,235.7629,14,4,13.9403,93.2332,80,56,False,58.4261,-42.7389,1452.1537,83.6651,18,7,1397.3617,1000.0,59.1609
64,844.9706,4850.0031,19.5282,45,23.1036,92.8743,206,255.1303,282533.4145,61.8305,382.0943,19,4,24.1203,91.9488,80,57,False,38.2534,-13.0387,1514.2542,85.8224,28,8,1812.7354,1000.0,58.9468
47,849.8395,4489.6233,99.1941,48,6.6541,100.0,393,7171.7104,300000.0,86.4036,101.0668,28,4,24.3354,100.0,80,66,True,26.4645,-23.8191,1516.951,79.7368,28,6,2123.5952,1000.0,57.8424
50,786.1085,3155.3588,71.7267,46,16.9814,100.0,164,7317.2617,300000.0,80.1405,429.5473,42,3,17.8822,96.6352,79,52,True,76.1362,-91.9185,1566.3722,81.6928,28,8,2256.7076,1000.0,62.502
84,846.6479,222.8191,73.7611,70,92.6925,95.2291,14,4906.2523,293304.9087,54.4712,36.1209,35,4,14.2902,91.3792,82,64,False,30.6505,-17.2816,1455.6643,83.332,21,6,2080.5962,1000.0,63.2054
26,816.0928,1908.8356,51.5064,21,13.949,95.0097,404,5703.0983,300000.0,79.653,245.6162,44,4,21.9655,96.6325,81,64,False,87.9667,-93.6267,1457.1164,86.2802,17,5,909.7139,1000.0,56.4935
60,827.1509,773.5792,24.613,62,47.0114,94.8545,151,6832.3437,300000.0,67.1537,330.516,0,4,20.5851,94.011,87,62,False,20.771,-43.3238,1465.7264,76.7001,12,6,439.0567,1000.0,63.0138
57,857.4063,1175.4929,7.7974,53,6.8779,100.0,305,5102.928,283147.7038,62.1198,113.9787,46,3,22.1966,90.4595,81,59,False,96.8163,-86.4222,1415.4387,80.981,25,6,910.1621,1000.0,58.7059
67,944.608,3551.7448,59.7107,73,4.8653,100.0,440,9288.0455,278697.8468,51.3564,26.6322,11,4,10.1191,86.9658,82,59,True,42.3496,-42.3166,1622.3754,82.378,27,7,570.6283,1000.0,55.1108
34,838.8158,1922.6252,68.3156,53,41.1729,98.1934,125,148.5224,287382.4229,71.1675,47.9476,15,3,12.7919,96.8992,79,57,True,11.5185,-87.4011,1653.6846,81.6448,31,7,2546.3827,1000.0,57.2724
87,885.8253,1795.6809,58.7157,36,8.6912,92.7767,452,1507.6046,300000.0,73.6603,418.8587,31,3,29.5608,89.2525,81,62,False,6.6358,-9.9589,1344.8083,86.8078,25,7,234.1994,1000.0,63.4207
23,724.0489,2133.5514,47.5563,14,89.9412,94.4102,80,2908.3239,300000.0,58.3816,0.0,42,3,24.3972,94.7094,76,63,True,77.084,-36.4619,1579.9253,76.4952,22,7,1697.6192,1000.0,62.5616
82,852.1403,1046.8914,4.8968,49,7.4767,98.3786,105,5909.0261,290093.8116,70.7899,113.9823,16,4,17.482,89.8339,81,64,False,51.5918,-56.504,1550.8825,82.479,23,6,2785.642,1000.0,58.2126
57,764.7957,2282.4015,57.6946,28,76.1194,86.0927,283,8773.5632,277708.0293,49.3824,480.0502,34,4,12.4529,92.6548,86,51,True,19.1949,-5.3676,1507.0011,82.6722,23,5,2928.6421,1000.0,62.7626
79,839.514,4727.4198,52.6297,88,84.5107,88.7606,278,9345.8737,297532.9291,61.675,186.6019,46,4,14.4078,95.2792,78,65,False,25.0739,-79.2933,1491.2433,77.9713,25,7,2685.8507,1000.0,59.1571
94,723.9717,3895.2001,27.1603,25,40.2405,94.8789,456,9108.8969,291593.4341,73.5997,40.0081,27,4,22.8754,86.1217,83,66,False,10.3062,-13.2256,1447.4716,86.2786,21,7,1528.0637,1000.0,67.6227
0,950.4588,107.0389,76.154,83,10.9542,100.0,115,9453.0886,300000.0,58.5567,11.4221,25,3,15.7305,89.6533,87,59,False,28.4962,-90.3162,1550.5591,81.8324,27,6,1840.9919,1000.0,53.5764
1,877.2839,2299.1965,71.9313,45,14.4863,93.9436,479,8738.4791,294436.187,59.4816,469.8872,36,4,10.9264,84.8617,83,68,True,4.691,-28.8756,1639.694,81.6245,18,6,381.1265,1000.0,62.8513
0,855.3481,4359.6851,94.6107,0,94.6679,87.9391,285,5350.8598,299853.2138,53.4558,425.4796,5,4,15.627,89.867,80,58,True,39.6369,-78.8741,1570.8188,72.3468,27,6,738.8043,1000.0,61.2275
29,824.8701,1335.5356,51.3554,27,61.6709,100.0,321,7346.5326,285494.0817,59.1583,34.0762,38,4,13.5336,83.4449,84,63,False,45.6568,-91.9489,1406.8412,87.6114,17,5,629.1841,1000.0,66.7242
38,787.4259,4287.88,8.5842,89,7.9617,100.0,6,92.4386,294377.3898,61.6997,308.0554,8,4,16.6902,87.5524,81,64,True,57.5107,-13.6717,1552.9543,79.6529,29,6,1691.6687,1000.0,62.8192
42,772.9815,2910.3957,93.7905,27,60.2009,97.6767,500,0.0,274141.8667,51.3474,314.5991,47,4,15.812,94.4486,86,65,False,55.3482,-57.5834,1468.8144,81.3075,18,7,1574.6893,1000.0,55.8192
6,803.1108,78.2397,46.266,58,3.6227,92.4528,184,8766.8338,288421.2358,81.0549,330.1644,9,3,22.5778,90.8544,84,68,False,32.1081,-72.4706,1555.8108,80.9572,20,7,565.9731,1000.0,59.2596
92,824.6959,4433.3136,99.5242,60,46.6429,94.344,250,4018.4123,282387.3454,56.9574,71.5099,25,3,23.2063,97.2685,75,75,False,89.5084,-34.7211,1549.3651,84.5587,31,7,653.3182,1000.0,61.9885
14,770.9004,4379.0939,51.6741,65,91.6149,92.1335,0,3502.9556,297280.1493,61.9733,93.9864,42,3,17.3591,95.5335,79,68,False,31.2271,-13.811,1487.6502,80.2333,30,6,2395.1408,1000.0,57.744
54,813.0144,4196.1268,42.2998,97,49.9622,100.0,246,2011.1343,286433.4386,52.2977,481.2049,17,4,20.4896,97.9462,83,64,True,58.6742,-59.2237,1619.6439,80.5189,29,7,783.7626,1000.0,59.4431
92,847.2544,2630.3185,11.164,70,36.4916,91.8098,44,2515.4404,275103.7044,51.2291,324.1505,25,4,22.7564,93.4516,88,55,True,31.0354,-72.1704,1494.8655,86.1326,21,6,1645.6782,1000.0,58.776
53,940.1936,3634.1774,11.6672,55,18.2787,98.6494,470,7332.808,299922.9261,63.9767,182.3176,2,3,26.245,84.6835,85,60,False,88.0392,-71.4389,1593.9392,81.6032,21,6,707.1513,1000.0,58.403
32,797.5854,713.8815,14.1698,85,32.2514,95.1181,423,8962.3055,298922.8778,73.3808,427.514,34,3,18.3528,99.6496,85,66,True,97.3008,-32.6465,1461.0178,83.6597,22,6,1458.0943,1000.0,57.7848
70,874.529,4322.7603,63.5594,78,91.5246,100.0,358,3977.6438,300000.0,73.4494,269.1217,4,3,11.1647,99.8924,81,61,False,13.1604,-28.3808,1581.2731,76.6967,23,7,1779.1549,1000.0,59.8586
99,862.3136,4752.4726,50.8106,23,31.5383,96.3425,259,7060.8209,287629.5985,69.3859,66.5606,37,4,18.8605,91.6154,80,62,False,88.7415,-7.0959,1638.2905,83.8419,32,7,2940.717,1000.0,62.6625
66,814.6951,1445.0448,96.6244,25,36.9134,94.4793,394,7534.7257,285415.5286,56.9987,379.237,1,4,21.1571,82.1531,79,63,True,7.6685,-100.0,1587.6632,77.7548,17,6,314.9011,1000.0,57.1361
66,946.3371,1313.9054,41.4019,77,76.1395,100.0,99,5812.3094,281484.3486,73.1871,411.9488,8,3,22.7367,93.1348,79,59,False,81.1252,-82.3571,1499.0304,84.6806,25,7,2177.5749,1000.0,60.2963
16,820.5488,1271.1233,18.1137,14,4.7547,92.9031,70,3992.5817,294520.385,68.6327,22.259,36,4,20.0478,93.3968,91,62,True,91.3749,-41.4568,1373.6845,82.5534,26,7,2241.5075,1000.0,61.7725
25,909.2688,1594.6926,25.5134,14,59.7084,99.2534,10,5577.4652,300000.0,70.5602,52.6169,17,3,22.5275,89.6215,89,76,False,63.1457,-70.7692,1553.0845,78.9667,31,6,641.3125,1000.0,61.7431
78,828.7464,352.4741,81.0239,68,3.131,94.8488,253,5701.0175,283194.7104,60.2512,111.0886,15,4,20.2652,94.1594,76,75,True,35.27,-58.9829,1473.9823,81.2401,31,7,1265.1547,1000.0,55.4147
72,804.5217,4193.2471,85.0742,16,0.0,94.2643,344,3418.6228,290515.0691,72.4339,47.7897,12,4,13.888,89.9003,84,73,True,21.5767,-7.4592,1546.8837,83.0916,28,7,2295.0099,1000.0,57.564
25,921.2253,1719.0138,6.1378,87,37.2569,90.58,140,3173.3399,292489.5789,65.1043,366.159,31,4,16.1225,91.7071,82,59,True,81.3282,-92.7506,1615.6105,86.1164,22,6,2114.2933,1000.0,58.6075
44,949.3576,432.7338,100.0,20,16.8306,94.3176,7,1577.3862,294541.0922,70.8496,48.2393,23,3,15.7648,83.027,80,57,False,8.6112,-32.9675,1515.696,79.9238,17,7,1529.3095,1000.0,58.1565
87,780.2396,4837.8125,40.4016,29,8.2076,97.5096,59,5510.737,292073.5015,74.9492,61.6853,3,4,22.14,89.8322,84,63,True,46.5924,-19.5886,1498.8866,84.6761,25,6,2138.3788,1000.0,59.7764
15,859.3495,1102.3638,36.3617,53,71.5162,90.902,82,9796.5204,300000.0,63.334,485.8523,32,4,15.403,93.3253,80,60,False,80.6887,-89.994,1402.9082,89.4071,17,7,1670.5585,1000.0,57.0376
67,654.9088,4363.1931,30.8675,59,69.0871,100.0,238,3277.9825,271811.3028,57.9075,278.2847,35,4,13.3957,88.3917,80,66,False,83.5842,-34.9861,1542.2819,85.7519,28,7,506.1699,1000.0,52.4517
29,753.8725,2445.0505,78.1021,53,84.3016,98.0882,179,6115.2758,286617.6719,73.3247,191.2648,8,3,21.0988,84.0989,83,63,True,37.0227,-15.3667,1488.9644,79.7162,30,7,2418.9794,1000.0,56.7626
7,947.2682,1892.7271,92.9451,48,22.6363,91.8951,63,8591.0121,300000.0,66.8212,171.0752,13,3,21.6193,98.3924,87,63,False,54.3572,-85.1114,1378.8192,85.0376,25,7,712.2285,1000.0,63.6074
32,940.3205,3142.2327,70.2511,8,48.1778,97.4552,410,9866.9702,299929.7772,70.7606,236.7567,39,3,24.7461,87.6674,90,66,False,12.765,-86.4092,1546.2316,84.8521,30,8,2849.5664,1000.0,60.4865
38,858.5926,4190.2603,10.8037,57,98.8296,99.4422,311,7367.6562,282216.2917,61.4069,140.9107,22,4,23.6996,90.0358,84,57,True,57.765,-97.8984,1757.9748,84.5245,19,8,2407.0281,1000.0,58.9591
76,920.7244,300.9449,75.6264,73,45.0182,98.8519,236,889.9743,298895.4912,69.2189,458.558,13,4,13.8339,90.4737,79,66,False,48.2539,-26.4244,1549.4301,78.1702,18,6,2316.7975,1000.0,59.4905
11,933.3796,299.3118,76.4433,47,47.4498,96.3186,355,876.4321,294540.7648,74.6247,460.9458,17,4,24.7766,88.6772,85,57,False,89.394,-56.2392,1442.9882,73.1833,17,6,2458.1639,1000.0,61.2064
84,851.633,5000.0,66.5099,31,7.6019,100.0,476,7054.3444,300000.0,54.9759,486.1017,45,4,17.3461,87.0543,81,73,False,46.515,-49.1614,1611.9099,73.1547,26,6,1239.1533,1000.0,67.4546
33,867.4825,1317.9521,17.1326,13,77.3404,94.8015,31,7271.4262,300000.0,53.8117,418.037,16,3,19.882,91.6692,82,48,False,61.8328,-90.0114,1520.4442,75.8941,16,7,206.7143,1000.0,62.7588
14,870.7681,304.8246,51.6261,32,49.7701,94.7471,500,8813.9264,280262.5458,65.1432,476.4033,32,4,18.6317,90.9145,88,60,True,34.5806,-86.1162,1548.0543,77.6527,17,4,1239.1645,1000.0,59.3036
37,752.5524,1722.0752,1.991,91,31.7064,94.3214,483,8447.0349,292917.8206,63.3749,227.0405,12,3,26.777,83.849,88,65,False,24.9508,-33.2622,1435.0434,81.5169,22,7,1094.8287,1000.0,63.0607
95,756.6369,921.2995,24.1845,33,71.9442,92.6442,64,5980.5659,300000.0,53.2023,141.6556,23,3,10.7478,90.958,85,75,True,9.7971,-55.7325,1442.8782,75.2665,22,7,693.085,1000.0,63.814
56,817.394,2346.425,67.2636,76,56.7549,96.8465,459,6964.7373,280265.5437,63.7282,179.7452,45,3,16.6186,89.8614,88,73,False,49.329,-14.3485,1543.0135,82.4534,22,6,1043.734,1000.0,58.7691
35,904.2848,4554.3775,37.4866,29,98.5443,100.0,344,6191.4943,294068.2449,50.0637,359.5311,5,3,19.7111,86.2358,72,60,True,51.201,-18.9843,1510.9251,81.2346,25,5,2061.9448,1000.0,62.208
45,773.7902,4704.1905,15.5672,10,46.3209,91.1817,99,8784.7393,265480.1765,37.9417,64.9317,4,3,14.4311,85.7194,79,65,False,41.7953,-25.3565,1447.842,82.4095,8,6,208.0993,1000.0,64.2534
72,805.8947,1299.8326,14.3229,83,90.9475,100.0,401,3628.7645,300000.0,69.8511,5.3219,31,3,11.3267,86.6111,85,72,False,53.94,-13.0055,1638.8838,85.3354,22,6,989.2564,1000.0,60.2688
7,803.4987,2249.8055,73.8848,22,52.1615,90.197,66,1956.0021,296021.4997,58.6499,357.2424,1,3,16.9942,86.1757,81,65,True,58.3382,-12.6873,1449.932,82.625,25,7,1021.0846,1000.0,56.4025
99,900.7504,2684.1255,34.2153,10,44.3156,99.1583,47,2076.1653,285184.7499,63.6053,283.568,22,4,9.9178,100.0,86,55,True,12.6672,-45.3742,1519.2923,80.1957,28,6,543.6885,1000.0,62.6322
85,855.5703,1334.5343,98.8691,38,5.9235,100.0,75,0.0,300000.0,61.0894,363.6314,23,4,21.5467,91.6558,76,66,True,24.2126,-66.1739,1476.9411,77.5449,32,5,2680.7257,1000.0,58.7511
89,864.0643,811.9472,74.479,86,85.0795,100.0,376,8197.7879,300000.0,72.3501,322.1461,9,3,22.7121,99.9397,88,67,False,85.0434,-42.7937,1665.4203,81.5046,21,7,2522.4916,1000.0,61.5713
69,932.0005,2359.014,36.805,9,89.3143,99.8026,6,5785.7926,275163.997,57.5254,60.8044,27,3,20.9964,89.2862,85,63,True,41.3147,-77.703,1700.9555,74.3171,23,7,1914.5342,1000.0,62.5753
57,934.8129,2106.1835,30.0591,13,0.0,100.0,250,4810.2849,300000.0,52.9958,312.9112,28,4,18.6402,100.0,82,59,True,37.4692,-80.9151,1607.5549,82.3066,26,6,2383.9188,1000.0,65.2676
36,915.039,4268.7077,10.7208,74,5.4808,95.7922,192,8026.417,293919.7629,71.6318,500.0,2,4,20.6166,95.2214,75,60,False,7.9045,-44.5395,1477.9418,87.0592,27,6,1966.4452,1000.0,58.9303
29,836.8813,4101.9647,70.9333,36,35.8577,100.0,79,3333.2653,278250.3261,43.8477,288.8794,35,4,16.9688,94.2875,92,65,False,58.1444,-33.4947,1575.597,81.231,23,7,174.8747,1000.0,59.1488
8,856.3785,3451.5246,48.868,54,21.9447,97.5071,45,7174.1523,300000.0,61.5959,104.0124,45,3,22.4537,97.1441,77,65,True,63.7933,-57.347,1488.9579,79.4321,19,6,2527.9388,1000.0,62.1057
2,808.6355,1367.7227,86.8673,39,34.138,96.0525,184,8377.4493,294303.8929,65.1005,93.9029,19,4,19.6436,97.6951,76,65,False,58.249,-21.5803,1608.384,80.1678,21,7,1283.6671,1000.0,56.3481
8,854.0816,2101.4036,28.5624,100,20.3678,96.1079,168,6073.7199,275295.0663,69.8952,111.352,0,3,10.1273,92.7454,85,72,True,81.14,-37.8058,1543.4204,79.6115,23,7,1392.195,1000.0,58.2871
21,823.9133,959.4782,36.3233,86,77.4359,97.3889,482,9903.3947,284759.7157,83.0345,350.9614,23,4,21.725,91.2535,86,73,False,28.4686,-2.3655,1473.2782,82.2853,16,7,2893.4056,1000.0,62.9507
19,972.8411,1593.4389,47.8035,76,0.3341,98.8045,100,7753.9286,294780.4083,60.6343,399.8098,0,3,20.1022,98.6361,82,59,True,1.2727,-82.3965,1559.4356,85.5571,21,6,2800.4127,1000.0,61.3081
79,764.5457,5000.0,68.7889,67,86.3705,88.8027,229,4653.8151,298002.421,69.685,69.3953,43,4,31.2654,88.4465,79,58,True,63.4876,-68.5482,1673.4196,88.8357,20,6,927.8392,1000.0,63.1181
5,843.6609,2737.858,87.4637,50,19.4523,100.0,254,6018.2771,300000.0,66.6787,492.7479,21,3,16.5181,81.1702,79,63,False,22.5563,-91.6802,1525.7066,86.454,20,5,1248.4292,1000.0,58.5501
69,806.2397,3911.1635,95.7418,39,53.9104,96.7734,244,1505.5528,296553.8842,60.599,341.9471,1,4,20.7214,92.4381,84,63,False,17.3416,-48.5251,1474.6221,83.0557,16,6,242.7262,1000.0,65.5253
44,835.333,1463.3728,5.7939,3,62.3113,91.351,479,9264.5242,273306.1915,50.9062,179.9484,22,4,29.1102,81.0214,80,77,True,65.298,-96.3871,1490.5394,85.1911,20,5,1213.7949,1000.0,60.1753
95,854.0978,2049.3184,83.9601,70,32.7544,98.9045,178,6490.2133,287427.4634,46.7605,140.9253,26,4,19.342,95.5445,87,61,True,57.7294,-32.9735,1502.819,79.9831,18,7,917.2167,1000.0,59.2199
56,850.811,2989.7809,9.4331,57,55.5953,100.0,31,3894.7025,300000.0,57.593,383.1873,41,4,21.6517,96.7347,78,57,True,87.7462,-73.6646,1639.7975,79.5574,22,7,135.1681,1000.0,62.3619
56,822.4657,259.253,100.0,9,51.7775,91.1512,49,8530.3947,300000.0,52.4322,274.621,9,3,13.8252,94.7954,76,64,False,79.547,-17.6925,1493.1101,85.1049,23,6,1001.3476,1000.0,56.2262
63,804.5763,4338.0286,2.6914,72,11.2903,100.0,418,348.1321,296295.9614,56.3339,196.5403,25,4,19.6448,94.6271,88,56,False,44.7,-93.8137,1500.1151,84.8312,23,6,1813.434,1000.0,59.6544
53,796.8624,4300.1852,30.901,51,40.5654,94.5863,269,5729.6276,300000.0,63.7716,61.6096,26,4,21.7436,86.2521,79,57,False,34.8821,-62.7997,1456.6041,82.229,18,7,1173.3202,1000.0,61.0486
56,1000.0,4815.3802,100.0,35,86.0777,97.3051,113,7318.2421,300000.0,52.8505,309.9382,5,4,16.8485,86.603,83,67,False,97.1089,-7.3606,1628.3898,79.99,30,6,625.2843,1000.0,61.8945
69,832.643,1852.7757,20.3354,21,96.02,97.599,421,7474.5275,300000.0,64.1725,248.5354,48,3,23.0152,80.2591,84,68,True,63.9407,-89.9664,1607.4445,77.6336,21,6,166.7011,1000.0,53.7372
80,887.434,627.8049,89.0058,67,7.3885,95.6885,391,0.0,300000.0,56.5657,331.8559,14,4,23.8047,82.4511,79,58,True,98.7637,-8.6773,1662.4136,76.6013,19,7,2430.8029,1000.0,57.8454
92,903.6394,3550.7822,81.2176,18,21.6472,94.7256,185,2754.6307,292878.4996,74.9535,500.0,36,4,28.1864,85.8156,84,66,False,58.1238,-66.3707,1578.1199,80.2361,22,6,690.1866,1000.0,59.9504
71,799.4012,686.3394,28.6732,50,59.0399,98.281,256,8746.5591,300000.0,53.1616,235.3169,36,3,26.5341,90.7087,80,52,False,20.882,-94.0058,1502.9168,81.6115,29,7,2521.5997,1000.0,58.4166
91,929.6138,1457.0376,46.9104,73,41.677,90.7578,312,3061.3494,300000.0,64.2222,490.3727,31,3,18.2465,91.054,79,55,True,65.6968,-10.2207,1628.8507,78.7412,23,7,1094.8905,1000.0,62.3334
56,841.7084,1130.2696,9.3678,77,15.4864,95.4478,116,5027.1149,289720.4221,60.7398,24.1492,5,4,19.1921,85.9002,82,65,True,88.7823,-61.5318,1662.1974,78.8011,17,6,2877.0854,1000.0,59.9888
23,817.5716,3359.5067,8.8139,46,3.2826,87.5096,311,9796.0444,300000.0,70.6557,290.2401,18,4,20.4789,95.197,89,70,True,66.8219,-54.5161,1568.0561,79.1003,20,6,2977.3114,1000.0,56.7598
35,859.6277,3355.6006,39.1595,41,86.7927,93.7359,310,5671.2414,298845.1392,60.5645,440.0297,40,4,13.0794,87.3282,83,46,False,45.5033,-29.7939,1512.7924,80.9017,20,6,1701.9866,1000.0,62.6207
86,975.1435,1468.1966,91.5124,53,56.4123,91.7898,202,6058.844,283456.7736,57.9475,79.7234,41,3,20.5976,100.0,86,66,False,23.7557,-49.7278,1439.1816,77.0578,21,7,1708.6286,1000.0,56.2754
60,864.794,3756.2183,66.8098,32,35.5204,93.6039,320,5908.0518,300000.0,76.1211,252.5158,13,4,18.1475,86.7976,82,58,False,73.7587,-21.967,1564.6549,78.9471,26,6,1091.7586,1000.0,58.4958
31,854.8853,4078.6376,62.6483,87,69.0244,96.9043,174,1466.117,300000.0,48.8845,409.6182,23,3,11.6948,100.0,80,59,False,33.7118,-42.4978,1543.0002,85.1362,30,7,2658.4881,1000.0,57.9936
60,951.0971,3467.5204,92.8113,63,76.5589,100.0,303,6871.6394,290238.3879,60.6308,262.5673,41,3,24.903,85.6086,83,58,True,45.2066,-67.7931,1562.8982,78.2307,23,8,835.0703,1000.0,59.2637
69,717.0272,142.2078,76.2028,33,42.6905,100.0,284,83.993,294573.5241,48.8572,297.3185,31,3,12.9424,95.9496,80,70,True,67.8483,-42.1004,1578.7888,81.0784,16,6,1821.2334,1000.0,53.8114
100,800.4053,573.764,96.4768,15,21.7893,97.6698,489,3386.9335,300000.0,58.4967,23.0283,6,4,15.683,85.608,80,65,False,42.474,-91.234,1436.3185,81.0615,22,6,1757.6092,1000.0,59.2748
50,938.5978,1814.8558,43.2511,99,31.9411,88.8576,46,3004.7411,294541.4525,48.9034,424.3086,38,4,26.6684,90.7267,85,71,False,51.6738,-48.5919,1688.9935,80.7626,23,7,2949.0521,1000.0,63.0201
89,794.4747,2035.9751,20.2317,98,16.5987,93.6956,43,1036.8212,285748.3522,70.0535,6.2224,42,3,19.7549,91.0389,84,53,True,18.9077,-65.6491,1599.1701,80.5512,26,6,1363.1044,1000.0,59.9333
33,765.3082,1521.1124,42.1629,23,54.8291,92.4782,134,3314.5609,278125.8377,67.0987,251.4642,46,3,20.0231,87.7101,79,63,True,80.4079,-58.9969,1594.4254,79.1478,27,6,693.21,1000.0,53.0502
62,877.9251,2624.5017,38.528,27,44.0411,90.2234,158,5949.7435,258090.1804,58.276,263.2728,41,4,26.8019,91.2859,85,67,True,13.4315,-29.8759,1607.5983,84.786,23,6,1062.4039,1000.0,55.3232
80,815.6736,1513.9727,77.6527,28,42.3646,100.0,475,4164.6121,284552.6887,67.8665,45.3389,28,3,23.1201,95.2032,81,69,False,17.727,-83.4202,1681.1655,74.2497,23,6,2063.631,1000.0,58.3332
92,814.9501,2051.2874,27.4685,36,53.0603,98.1757,500,0.0,288669.7565,43.2432,106.1822,22,4,27.3888,79.9974,85,67,True,6.2275,-95.8278,1582.6657,77.7269,21,8,734.1165,1000.0,59.1643
52,827.4362,129.9418,54.5062,26,62.9118,99.2528,371,6515.0902,300000.0,50.4158,386.5815,50,4,18.9169,86.9949,79,61,True,66.8843,-15.8182,1463.0337,87.0192,21,6,1427.2567,1000.0,54.9567
85,819.4925,1875.2365,44.0083,2,13.9004,89.1125,72,3357.9615,272701.1876,64.0585,436.6085,47,3,24.9571,85.8239,78,68,True,95.4066,-16.3386,1417.0429,75.8026,21,6,0.0,1000.0,63.0328
53,789.6001,3326.7475,43.7147,79,37.2146,98.1069,294,10000.0,289084.2078,50.2398,85.0703,20,3,16.8633,98.6809,80,61,True,7.8422,-4.8281,1607.449,79.1526,19,6,1920.7756,1000.0,65.7437
65,918.5342,2741.6914,11.78,59,3.3314,99.9936,442,8937.5434,269301.5507,53.0909,471.9162,37,4,20.6051,87.9338,82,51,False,16.9822,-27.4265,1586.3686,90.7241,17,7,1318.3063,1000.0,62.1338
25,783.5854,3738.6499,56.2158,8,79.8542,97.648,230,4422.6082,288305.1719,67.0825,80.7618,14,3,10.6466,94.0301,81,71,False,37.3248,-8.8867,1409.4838,85.2042,18,6,1524.9061,1000.0,61.3535
80,693.7131,2832.1558,64.2268,98,25.1638,95.0839,255,4435.3667,300000.0,63.1806,311.758,7,3,19.9191,97.3898,87,67,False,31.3372,-63.7749,1390.7349,83.3299,28,7,642.9658,1000.0,63.539
100,882.3484,4949.1343,8.9284,37,98.2008,100.0,293,822.5247,268853.0654,52.6076,337.4979,44,4,26.4542,89.8574,79,74,False,63.2947,-84.5389,1353.9647,81.0065,26,6,2121.4137,1000.0,64.457
79,893.6281,1316.1191,10.3602,84,85.4289,100.0,340,459.6699,289366.4219,61.3566,344.9574,0,3,18.9208,88.0701,72,59,False,5.4905,-32.5204,1435.7842,84.6812,27,7,2691.0204,1000.0,63.7372
28,865.5474,598.0724,10.3502,93,65.7921,96.6369,301,8419.7511,273536.1826,57.7975,369.4713,39,4,16.4768,95.0386,81,75,False,54.785,-66.0847,1600.8497,87.5981,20,8,892.113,1000.0,56.598
8,784.6215,761.3699,23.2318,1,23.8152,98.3903,279,5436.8727,297956.4439,51.7521,293.36,40,4,20.1042,85.6336,84,71,True,54.8828,-73.5675,1486.394,85.4968,27,6,2967.2689,1000.0,64.6236
0,770.7261,1311.9106,5.8025,99,0.0,96.7846,184,3341.2472,300000.0,59.3411,19.6322,37,4,11.1812,92.1759,81,64,False,2.9569,-40.3862,1526.4849,88.5626,16,5,306.985,1000.0,61.4768
71,786.2752,2862.0739,43.1037,36,49.3774,89.9953,189,5766.3677,266751.0236,67.079,234.9947,43,4,8.3772,96.8071,82,62,False,36.1082,-87.5133,1427.3128,82.0021,18,6,775.1008,1000.0,59.8146
78,740.7293,3798.7762,25.4741,7,47.2358,91.6973,144,3174.9643,300000.0,48.8993,426.0916,11,4,25.106,90.8616,79,68,True,91.6336,-42.8349,1389.4486,80.9074,22,7,899.5547,1000.0,63.0328
67,786.5178,269.8915,70.022,54,76.4035,91.1626,388,4002.4837,300000.0,72.6861,302.6691,38,3,20.3732,94.0023,77,56,False,19.9848,-8.5251,1457.1343,75.861,28,7,2028.1347,1000.0,59.2665
69,900.0625,4807.1897,91.3162,0,2.2388,100.0,220,701.1048,300000.0,70.8808,80.1837,32,3,14.9306,96.7298,84,69,True,93.5017,-29.1792,1642.6322,83.0359,26,6,416.5776,1000.0,59.718
94,954.0514,1839.5431,52.1405,29,55.438,90.5024,54,4925.1368,300000.0,72.7167,109.9336,48,3,16.9478,89.4848,84,66,True,73.9289,-45.0293,1453.7899,83.7039,22,7,1701.5663,1000.0,66.1233
47,741.712,4091.9893,37.3173,83,76.5436,94.7241,148,1288.8452,272582.6036,66.0972,271.5419,44,4,24.2182,81.6605,85,48,True,19.6717,-53.5102,1425.9826,78.9728,21,5,2827.4686,1000.0,54.6676
46,894.1382,3159.9331,52.6269,76,44.3898,97.9158,112,3888.0582,300000.0,69.8395,29.1306,2,3,16.5054,76.2237,84,54,True,1.7152,-66.1878,1526.0273,81.5983,13,6,2732.9087,1000.0,60.1637
24,914.9234,2961.6843,13.3392,95,45.8919,93.6309,60,7698.6358,291990.4268,57.935,71.7277,4,4,14.3156,99.0187,82,57,False,43.7602,-19.618,1535.4096,74.8231,23,6,2925.7133,1000.0,56.7694
95,797.5654,547.9908,78.5272,2,79.8101,100.0,148,2527.6404,282663.0417,56.3288,276.4685,49,4,21.6684,90.2597,81,66,True,56.8933,-6.9397,1535.5507,77.4134,16,6,2507.238,1000.0,59.0494
94,862.5184,4602.8052,54.2683,57,48.0264,96.638,10,2259.0621,300000.0,75.9423,490.662,31,3,10.4088,85.1425,84,69,True,12.3811,-53.9233,1505.6308,80.3033,26,7,839.0499,1000.0,56.3613
20,812.5374,1696.1847,7.2215,8,63.9065,91.701,181,6925.6695,286020.7763,58.2367,117.8394,4,3,15.3402,92.2816,78,57,False,9.0609,-10.1271,1479.2619,79.774,16,6,555.6015,1000.0,59.0024
22,931.0529,4464.9728,43.8709,88,75.784,100.0,4,5315.2816,280550.6055,62.0758,238.4192,15,4,26.3127,89.8346,87,62,True,4.8937,-96.0494,1628.6135,79.8017,19,6,167.5765,1000.0,62.352
79,834.8937,1132.6921,62.1866,2,85.2124,100.0,305,4785.934,289366.9717,67.8018,141.6348,15,4,19.4693,90.9124,86,61,False,75.17,-80.8004,1508.6886,73.2684,21,6,1107.3628,1000.0,61.0835
24,808.775,4766.8897,16.0665,94,71.4238,99.8908,162,365.4433,286542.3114,67.5615,377.2915,4,3,18.8911,88.0808,76,58,False,76.9464,-93.6132,1455.5469,83.163,28,8,2897.4289,1000.0,61.1144
17,806.9947,3284.1343,38.6352,29,15.2697,98.234,15,4911.1747,300000.0,57.7288,252.6894,27,3,19.714,87.9931,85,73,True,63.9874,-41.5545,1566.3364,88.8639,18,6,1712.6147,1000.0,60.34
86,798.7636,3919.7136,31.6499,67,70.5499,97.6508,394,4430.9305,292962.8484,61.5338,294.5495,45,4,27.2921,90.7433,85,56,False,70.6449,-65.6122,1734.8096,85.6177,21,6,1082.4787,1000.0,57.8174
59,961.8747,2418.9814,49.8331,42,1.1055,97.813,55,1283.5211,300000.0,61.7475,281.2226,33,3,20.5978,98.4009,90,74,True,35.5342,-11.306,1552.5208,81.1442,19,6,0.0,1000.0,59.6717
26,807.6703,2848.7061,47.8633,61,75.5168,93.1947,165,9799.3948,286697.7037,68.2909,414.6859,42,3,17.8725,84.7475,78,53,False,15.6195,-33.5766,1629.9577,79.6301,20,6,1811.6621,1000.0,60.8403
40,797.6937,1636.9096,85.1558,43,35.0146,92.865,9,3917.5407,281886.4894,63.5179,86.8473,47,3,15.6315,97.5715,76,60,True,15.6765,-42.1155,1521.0324,85.2999,28,7,2798.3295,1000.0,58.4309
17,908.2249,3675.9242,91.3399,69,25.0777,96.088,439,129.0483,300000.0,75.019,407.3866,46,4,16.5355,98.4741,86,56,False,26.5855,-86.6669,1508.0054,83.0269,23,6,3000.0,1000.0,57.2738
59,681.4662,4662.2891,24.7038,15,94.3658,96.9029,145,9945.9124,287604.2532,60.2013,57.5448,42,4,15.6454,98.7042,84,60,False,34.8801,-69.2433,1467.5513,83.0768,11,6,1637.2764,1000.0,66.0637
12,910.9611,3716.6763,75.0556,26,91.2475,100.0,341,4835.3724,290508.9064,57.3815,295.6568,25,3,22.0337,96.563,75,57,False,89.3445,-29.8491,1361.3635,74.6869,26,6,2374.7806,1000.0,56.1672
32,818.675,2320.9107,10.1618,24,29.5667,93.5504,87,6555.09,300000.0,63.7934,241.195,1,4,17.5125,92.97,90,70,True,38.8685,-80.2694,1453.5085,86.2534,23,6,266.242,1000.0,63.3769
98,881.5034,4273.4758,41.318,28,58.2071,100.0,486,3601.4423,283115.3992,63.1648,185.1048,0,4,32.0393,91.8803,80,63,True,43.7561,-25.9603,1483.9776,78.4089,28,7,2971.324,1000.0,57.1151
52,854.6882,2411.439,37.1921,16,37.0825,100.0,423,8045.0928,299075.2713,81.7615,259.4912,40,3,19.7469,94.2824,80,65,True,50.3885,-6.5523,1442.2195,83.5311,24,6,1604.0228,1000.0,57.9148
32,879.5578,2329.5086,87.5622,60,13.152,97.953,28,3276.9709,292702.1116,58.2568,127.2309,14,3,17.715,98.363,85,53,False,74.5482,-13.4456,1524.1267,77.4457,21,7,1102.2884,1000.0,62.6762
90,655.3534,3107.0786,9.4175,46,35.6598,94.5664,39,4858.6073,299742.8059,56.7303,224.6959,18,4,22.0579,93.0503,91,62,False,4.121,-95.6462,1483.6333,83.8667,24,7,1084.2997,1000.0,62.2517
