site_discovery_date,light_penetration,stone_structures_present,ocean_current_strength,coral_reefs_present,sediment_accumulation_rate,current_speed,sediment_concentration,site_depth,number_of_artifacts,contains_gold,water_depth,site_id,permit_year,protected_marine_area,depth_of_site
2000-01-01,11.9532,True,0.1247,False,7.018,2.3289,7.2496,77.8331,3106,False,1018.4275,654,1980,True,7.7868
2000-01-01,11.6678,False,0.2893,False,7.3143,2.734,11.104,84.4109,3980,False,602.0243,546,1980,False,17.4334
2023-12-31,10.8437,True,0.3848,False,6.9859,2.5963,10.5503,82.7368,6893,False,835.656,268,2019,False,44.7427
2023-12-31,12.1297,True,0.1909,False,6.2424,2.3452,13.2005,78.032,3942,False,984.8984,572,2019,False,80.6527
2023-12-31,12.4396,True,0.3761,False,7.3014,2.0608,15.0,72.7018,6736,False,1180.6506,832,2019,False,98.6456
2000-01-01,13.082,True,0.4131,False,6.547,2.4912,7.4494,79.9399,928,False,1181.5653,489,2019,False,17.4718
2000-01-01,12.2343,True,0.3183,False,6.3934,2.5879,0.6872,81.9026,2497,False,1233.7332,869,1981,False,86.7168
2000-01-01,12.3371,True,0.2824,False,7.1333,2.4453,14.0035,79.5945,3507,False,800.4708,322,2020,True,59.1127
2023-12-31,12.5435,False,0.3218,False,6.3838,2.3092,5.446,77.1752,571,False,428.8143,502,1980,False,59.7417
2023-12-31,11.605,False,0.3735,False,8.3568,2.4227,8.2366,79.6062,1780,False,1157.6907,822,2019,True,25.26
2023-12-31,11.8077,False,0.2595,False,7.3616,2.4609,6.2192,80.1096,4731,False,1311.3752,914,1981,False,85.7765
2023-12-31,12.3846,False,0.3564,False,7.3069,2.4383,11.2148,79.4738,924,False,971.0939,600,1980,True,23.4586
2023-12-31,11.797,True,0.255,False,6.3172,2.3103,0.2394,77.624,1138,False,870.2909,708,2020,True,35.8792
2023-12-31,12.1682,True,0.3871,False,7.4377,2.3802,5.1848,78.6298,1897,False,1022.2012,650,2017,True,38.1001
2023-12-31,12.1973,True,0.2955,False,6.9201,2.5509,1.2492,81.368,7742,False,574.366,925,1980,False,92.3998
2023-12-31,11.5181,True,0.4783,False,7.4069,2.2618,4.3934,76.8822,6680,False,609.7813,397,1980,False,81.4383
2023-12-31,12.6877,True,0.4414,False,8.6244,2.8426,13.5735,85.4364,6954,False,839.3865,458,1980,False,42.5404
,13.1239,True,0.4262,False,5.569,2.6062,6.4063,81.7419,2129,False,773.6727,153,1980,False,79.409
2023-12-31,12.8259,False,0.304,False,6.7163,2.4559,7.8091,79.5193,2693,False,594.1355,29,2019,False,25.3988
2000-01-01,12.4115,False,0.2658,False,6.792,2.6655,1.2267,83.0113,6208,False,1158.3699,357,2020,False,13.3878
2023-12-31,12.5718,False,0.528,False,6.3622,2.2996,2.2267,77.0287,663,False,1231.6681,604,2020,True,59.7127
2000-01-01,10.8511,False,0.3751,False,6.8508,2.356,8.6727,78.8637,1472,False,914.0386,367,2020,True,84.0683
2000-01-01,12.1504,False,0.1163,False,6.5325,2.4279,8.9047,79.4083,507,False,867.3905,824,1981,False,41.0444
2000-01-01,11.9475,True,0.5588,False,7.3614,2.4454,13.3396,79.8045,8587,False,1043.9228,974,1980,False,4.3927
2023-12-31,12.1036,True,0.4612,False,7.2927,2.4415,1.1951,79.6508,5218,False,495.2796,595,2020,True,88.1524
2000-01-01,12.0443,True,0.353,False,7.888,2.7497,12.5261,84.4451,7554,False,692.5872,564,1980,True,87.5534
2023-12-31,12.7076,True,0.3631,False,7.5682,2.4599,10.3099,79.6452,7783,False,1064.9693,710,2019,True,66.0939
,13.2109,False,0.3817,False,6.7707,2.4054,2.4997,78.5297,6098,False,1222.1027,435,1987,False,34.6441
2000-01-01,12.1173,False,0.4119,False,7.1489,2.2541,9.3728,76.442,2671,False,1048.6132,64,2020,True,32.3651
2023-12-31,11.5542,True,0.3199,False,6.7392,2.4097,1.0834,79.3905,837,False,1074.3229,536,2020,False,28.4884
2023-12-31,12.5923,True,0.5686,False,6.3242,2.4487,7.0184,79.5356,6400,False,974.396,170,2016,False,55.7994
2023-12-31,12.4182,False,0.3667,False,6.9325,2.3913,10.4733,78.6522,6671,False,1172.1762,938,2020,False,50.7441
2023-12-31,12.464,False,0.1202,False,7.2916,2.3631,0.7568,78.193,2247,False,838.8595,345,2020,True,2.4843
2023-12-31,12.578,False,0.5036,False,8.134,2.7796,13.2646,84.5901,3319,False,884.0556,759,1980,True,80.3569
2000-01-01,12.2606,True,0.3585,False,7.4419,2.4171,14.0726,79.186,9094,False,642.3406,757,1980,False,81.7018
2000-01-01,13.0065,False,0.4834,False,7.873,2.6014,10.8909,81.7366,5049,False,954.2081,561,1980,False,56.0148
,12.0381,False,0.408,False,7.2833,2.5769,1.5953,81.8614,6759,False,916.8423,761,1980,False,60.114
2000-01-01,12.8241,False,0.4205,False,6.6567,2.6003,3.2284,81.8356,8504,False,1106.6182,811,2020,True,65.8553
2023-12-31,12.1115,False,0.3348,False,6.766,2.5321,10.9935,81.1104,5327,False,1000.5053,810,1991,True,65.7456
2000-01-01,12.0997,False,0.4292,False,7.397,2.7945,1.6497,85.0521,7871,False,522.8884,826,2018,True,61.6367
2000-01-01,12.4606,True,0.372,False,6.5629,2.8477,3.7679,85.6145,3016,False,574.3644,543,1980,True,29.9058
2023-12-31,13.4986,True,0.2311,False,7.1549,2.2342,11.8508,75.4042,2598,False,1061.7322,435,1980,False,71.6345
2000-01-01,11.6903,False,0.4504,False,6.9,2.459,8.5398,80.1551,1711,False,870.7389,447,2018,False,67.7472
2000-01-01,12.8889,False,0.5044,False,6.3749,2.3153,9.0793,77.1257,6122,False,777.5567,24,2020,True,25.3167
2000-01-01,11.2616,False,0.3336,False,6.7279,2.5846,13.4957,82.3721,10000,False,909.8007,74,1980,True,29.0617
2023-12-31,11.2406,True,0.2998,False,6.5076,2.8283,10.5461,85.9498,3804,False,1159.2757,319,2019,True,50.633
2000-01-01,12.4546,True,0.4555,False,7.1374,2.6298,2.8537,82.4425,8957,False,970.1563,607,2020,True,4.2272
2000-01-01,12.618,False,0.378,False,6.4328,2.3048,9.3137,77.0763,6996,False,961.6993,691,1980,True,72.8056
2000-01-01,11.366,False,0.2664,False,6.3419,2.4698,12.24,80.4894,5714,False,947.2074,137,2020,True,66.551
,11.6348,True,0.3213,False,6.8874,2.6748,7.7981,83.5555,8945,False,1027.5229,490,1982,True,58.8386
2000-01-01,12.8224,False,0.4531,False,6.5037,2.4955,1.1831,80.1584,5912,False,834.4317,991,1981,True,0.0
2023-12-31,10.856,True,0.4747,False,6.9604,2.4612,7.5002,80.6081,5766,False,606.0829,516,1982,True,77.8428
2023-12-31,13.6205,True,0.4848,False,7.5658,2.6688,9.4324,82.4712,404,False,689.9578,904,2020,True,66.6569
2023-12-31,12.0732,False,0.3494,False,6.1767,2.3122,12.2796,77.4779,6608,False,928.8586,673,2019,True,5.5005
2023-12-31,12.2426,False,0.202,False,7.6052,2.5067,13.3406,80.6208,2494,False,663.9067,242,2019,False,75.2504
2023-12-31,11.3223,False,0.2429,False,7.9512,2.59,13.2684,82.3811,6438,False,858.913,689,1980,True,47.7087
2023-12-31,12.018,True,0.4824,False,7.4156,2.6306,7.8293,82.6555,2300,False,844.2312,197,2020,True,88.9928
2023-12-31,11.8965,True,0.3733,False,5.453,2.8074,6.5432,85.3494,1269,False,962.0586,745,1981,False,15.6465
2023-12-31,12.0923,False,0.2901,False,7.0894,2.3729,6.0889,78.5265,7623,False,918.13,721,2020,True,100.0
,11.616,False,0.3242,False,5.7652,2.5353,5.1527,81.3763,3499,False,842.6622,158,2020,True,100.0
,12.4172,True,0.397,False,6.0794,2.2271,11.1097,75.8274,5219,False,745.6174,391,2019,True,80.3099
2000-01-01,13.4845,False,0.1174,False,5.995,2.8422,7.772,85.0334,432,False,604.8704,299,2020,True,6.4528
2023-12-31,12.2711,True,0.2654,False,7.9094,2.637,2.907,82.6288,5143,False,626.2244,798,1992,True,26.853
2023-12-31,12.5844,False,0.2692,False,6.7618,2.7535,7.2649,84.1809,5896,False,1011.7648,759,1980,True,11.4558
2000-01-01,12.339,True,0.3706,False,5.0853,2.1255,1.8956,74.0111,7387,False,894.5448,614,1981,True,21.2438
2000-01-01,12.6908,True,0.2651,False,6.2787,2.5135,0.9235,80.5334,5039,False,988.3935,969,1980,False,44.5295
2000-01-01,11.5637,True,0.3168,False,6.7269,2.7021,3.296,83.9726,5940,False,899.3795,155,2019,False,28.2336
2000-01-01,12.3882,False,0.4049,False,7.9719,2.3654,13.1774,78.2368,6507,False,879.8444,435,2020,True,42.6042
2023-12-31,12.661,True,0.3368,False,6.1906,2.308,11.9696,77.1278,0,False,965.5425,612,2020,False,55.3012
2023-12-31,12.7737,True,0.4555,False,7.0331,2.4552,9.5011,79.5427,5709,False,955.4424,11,2019,False,83.3995
,12.4246,False,0.3368,False,6.362,2.5579,3.3928,81.3567,4598,False,1105.5046,34,1980,False,53.2685
2000-01-01,10.1088,True,0.4007,False,8.1561,2.6425,7.9156,83.823,7187,False,853.6252,65,1980,False,55.6974
2000-01-01,13.4802,True,0.5487,False,6.2727,2.5978,5.7854,81.4413,523,False,1128.6639,84,1981,False,57.3706
2023-12-31,12.5447,True,0.3514,False,7.3626,2.5333,1.3668,80.9172,4496,False,830.1089,902,1980,False,82.2158
2023-12-31,12.5531,False,0.4778,False,6.1379,2.4644,1.5079,79.8324,6104,False,1014.2481,190,1982,True,1.4204
2000-01-01,12.1854,False,0.2615,False,7.1115,2.4742,6.8667,80.1461,3613,False,976.7305,765,1980,False,55.7131
2000-01-01,11.3353,True,0.3844,False,4.8679,2.1791,9.5866,75.4819,1119,False,809.0345,854,1981,True,59.46
2000-01-01,12.9505,False,0.3961,False,6.3668,2.4778,5.7098,79.8084,5458,False,861.6833,904,2020,False,78.4496
2000-01-01,11.1993,False,0.4377,False,7.5513,2.4645,12.414,80.4668,2933,False,849.4848,132,2019,True,24.6916
2023-12-31,10.6513,True,0.6177,False,6.8544,2.5002,13.2538,81.3488,181,False,782.5922,88,1980,False,14.7599
2000-01-01,13.0139,True,0.5636,False,6.7955,2.3434,6.7225,77.5631,6022,False,782.0097,387,1980,False,90.9969
2023-12-31,12.4799,True,0.5034,False,6.1965,2.5106,7.5363,80.5939,1255,False,965.0344,484,1998,True,13.6152
2000-01-01,11.6499,True,0.2682,False,5.4131,2.6461,11.6161,83.0824,8355,False,1213.063,970,1981,True,90.7285
2023-12-31,12.1395,True,0.272,False,5.596,2.665,5.9291,83.1256,1718,False,1076.5818,345,1980,False,74.3305
2023-12-31,12.694,False,0.3956,False,6.9254,2.2747,12.1277,76.5083,1098,False,834.0856,256,1980,True,50.694
2023-12-31,11.6709,True,0.4449,False,6.7145,2.5769,12.6243,82.0299,187,False,1225.636,295,1980,True,52.7954
2023-12-31,12.6031,True,0.4382,False,6.7799,2.5211,5.8577,80.7338,5058,False,1043.6147,255,2020,False,40.0213
2023-12-31,11.7853,True,0.3836,False,5.5431,2.3501,3.63,78.3015,9127,False,1056.6378,672,1980,True,81.3276
2000-01-01,13.2799,True,0.5612,False,7.4735,2.6145,3.9134,81.8215,8039,False,698.9992,307,1980,False,48.3627
2000-01-01,12.2888,True,0.4348,False,6.7349,2.5267,0.2815,80.9199,8647,False,1095.992,339,1980,False,56.5877
2023-12-31,11.6578,True,0.5339,False,6.2179,2.1802,10.2702,75.3277,1617,False,795.0737,429,1980,True,13.5844
2023-12-31,12.9315,False,0.5461,False,7.1069,2.3337,4.0087,77.4072,6739,False,1001.0902,385,1995,False,54.6814
2023-12-31,13.6789,True,0.4981,False,6.6742,2.6167,13.5813,81.632,6003,False,478.5859,454,1980,True,62.5992
2000-01-01,11.0948,True,0.4164,False,7.0964,2.2577,6.3121,77.0019,9397,False,980.5819,836,2020,False,90.1808
2023-12-31,12.3589,True,0.3055,False,7.4518,2.6031,10.0956,82.1053,7540,False,826.7783,259,1981,True,54.9835
2000-01-01,12.7067,False,0.4803,False,7.5312,2.4571,9.0249,79.5965,5109,False,823.6092,698,2018,False,31.9048
2000-01-01,12.1812,False,0.3375,False,7.9054,2.3813,0.273,78.6243,1252,False,846.9376,479,1980,False,27.2012
2023-12-31,13.1511,False,0.4818,False,7.1972,2.7901,2.8885,84.4726,1716,False,760.923,598,2018,False,95.7859
2000-01-01,12.8038,False,0.4078,False,6.6204,2.3011,9.443,76.9331,1151,False,817.0123,748,2019,False,75.9811
2000-01-01,12.0323,True,0.2924,False,6.5659,2.4607,13.8087,79.9932,8429,False,1039.2414,723,2020,False,63.2045
2023-12-31,12.112,False,0.2375,False,5.988,2.3551,0.9567,78.2421,781,False,807.6427,838,2020,True,71.8218
2023-12-31,12.38,False,0.2852,False,8.3002,2.5445,4.1214,81.1489,1793,False,835.8778,462,2020,True,68.3071
2023-12-31,12.1713,False,0.3204,False,6.9044,2.4208,14.2032,79.3058,3864,False,675.2453,774,1980,True,35.6895
2023-12-31,13.0557,False,0.2813,False,8.1637,2.5935,2.7227,81.5696,4015,False,775.2746,920,1980,False,21.0911
,12.9806,True,0.2117,False,6.916,2.5646,4.1359,81.1902,6606,False,627.3116,579,2018,False,4.3597
2000-01-01,12.9738,True,0.4266,False,6.7458,2.5345,8.0182,80.724,5841,False,973.4918,808,1980,False,27.3167
2023-12-31,12.5832,True,0.377,False,6.1384,2.5393,8.2634,80.9837,9283,False,1107.6285,852,2020,True,57.3987
2023-12-31,11.9804,False,0.6023,False,6.7498,2.5269,8.2274,81.0843,8079,False,740.6418,383,1980,False,82.9313
2000-01-01,11.3117,True,0.5277,False,6.6469,2.3259,7.4492,78.1366,3131,False,996.4525,243,2010,True,63.3464
2023-12-31,11.9131,False,0.3833,False,7.2979,2.5586,10.9798,81.6429,9189,False,881.8631,367,1980,True,45.3709
2000-01-01,11.5203,True,0.3558,False,7.5672,2.3337,2.7991,78.1268,1106,False,908.042,679,1981,False,66.2333
2000-01-01,11.9402,True,0.5026,False,5.2427,2.524,15.0,81.0051,5670,False,553.9092,956,2020,True,32.7781
2000-01-01,12.722,False,0.204,False,7.0074,2.4603,3.3756,79.6508,5482,False,652.604,945,2020,False,10.191
2023-12-31,12.7785,True,0.3654,False,6.9556,2.1723,14.4322,74.6324,1088,False,1067.121,755,1982,False,75.0274
2000-01-01,11.8574,True,0.3961,False,6.8207,2.5964,13.4281,82.2575,8801,False,955.7056,276,2020,False,3.975
,12.7917,True,0.4316,False,7.0993,2.5133,8.4717,80.4485,4239,False,1146.2231,476,1980,False,50.2673
2023-12-31,12.8438,True,0.2367,False,6.6829,2.5549,6.4146,81.0913,1529,False,1101.5,588,1980,False,19.2465
,11.8398,False,0.1321,False,6.3539,2.597,8.6406,82.2632,7728,False,886.705,374,2020,False,92.3343
2023-12-31,11.9485,True,0.2219,False,8.074,2.6742,0.5014,83.3703,1803,False,858.8666,676,1980,True,88.353
2023-12-31,12.4582,True,0.4969,False,7.2754,2.238,4.9149,76.0068,6547,False,1276.2631,429,2019,True,40.1048
2000-01-01,12.2423,False,0.5669,False,7.2184,2.3854,4.2872,78.6807,6371,False,666.0625,95,1980,True,36.6911
2023-12-31,12.876,True,0.4656,False,7.6302,2.2889,5.7616,76.7107,6225,False,1108.169,678,1980,False,95.4633
2023-12-31,13.0665,True,0.1654,False,7.0801,2.3169,11.9331,77.0777,7364,False,795.3063,885,2020,False,44.8567
2000-01-01,12.8447,False,0.5283,False,6.8261,2.484,8.3874,79.966,2334,False,1195.0415,707,2020,False,93.2157
2000-01-01,11.7405,True,0.3684,False,7.5612,2.6695,11.5486,83.395,1734,False,938.2,492,2014,False,58.3532
2023-12-31,12.6109,True,0.2344,False,7.2462,2.6388,13.2417,82.4937,789,False,887.5306,503,1980,True,45.8467
,12.3761,False,0.4976,False,5.464,2.3981,11.3103,78.7804,1776,False,1060.7927,240,2018,False,25.1379
2000-01-01,12.084,False,0.2622,False,6.4934,2.4729,13.4969,80.1981,10000,False,1087.5921,931,2020,True,56.8366
2000-01-01,13.2573,True,0.3523,False,8.8138,2.4607,9.859,79.4052,1312,False,913.1517,513,2019,True,6.5238
2023-12-31,13.2465,False,0.5754,False,7.3257,2.7147,2.9205,83.3523,1605,False,1072.6921,31,2003,True,17.0975
2000-01-01,12.4909,True,0.4396,False,6.7541,2.4264,2.0605,79.2051,7081,False,1130.6881,694,1992,False,84.3761
2023-12-31,11.6667,False,0.2632,False,7.8661,2.6885,13.7494,83.732,968,False,1008.6734,685,2018,False,36.1815
2023-12-31,12.847,False,0.3158,False,5.6871,2.4467,4.5881,79.3773,9525,False,812.464,935,1981,True,4.1247
2023-12-31,12.9459,False,0.4226,False,7.1593,2.5637,4.9021,81.1951,5396,False,905.4934,544,1980,True,37.2113
,12.1836,True,0.354,False,7.4223,2.5107,10.1709,80.7165,3692,False,948.352,124,1980,False,14.7944
2023-12-31,11.9853,True,0.2897,False,7.6898,2.6531,1.4899,83.0528,2698,False,889.8837,384,1980,False,59.656
2000-01-01,11.9876,True,0.3448,False,7.8037,2.5352,0.9772,81.2263,4768,False,896.586,458,1980,False,9.2239
2000-01-01,11.4667,True,0.366,False,8.3953,2.5355,11.0125,81.4848,2473,False,1130.4183,51,1980,False,20.4992
2000-01-01,13.5679,False,0.6867,False,6.8095,2.4592,14.1154,79.2067,5672,False,619.6074,733,1980,False,49.3762
2023-12-31,12.3337,True,0.4655,False,6.066,2.5721,4.5845,81.6009,6357,False,725.7662,469,1980,False,78.3103
2023-12-31,12.226,False,0.5031,False,7.5771,2.4007,11.1269,78.9299,497,False,917.1092,1000,2020,False,41.9055
2000-01-01,12.2546,False,0.5869,False,6.4659,2.3615,10.6101,78.2378,3440,False,866.9016,414,1981,True,19.8802
2000-01-01,12.4668,True,0.5563,False,6.4784,2.4418,3.7693,79.4904,8525,False,1031.6782,266,1980,False,87.0027
2023-12-31,12.5257,True,0.3372,False,8.2005,2.4295,2.6262,79.2611,6988,False,709.9014,580,2020,False,45.296
2000-01-01,12.8778,True,0.3817,False,6.914,2.5742,13.4652,81.3781,8774,False,833.5604,1000,1980,False,73.1532
2023-12-31,12.7857,True,0.1831,False,6.7423,2.397,1.6118,78.5916,7917,False,901.2072,539,2020,True,3.5777
2023-12-31,12.1614,False,0.4284,False,7.5859,2.4523,5.8847,79.7695,6812,False,963.7061,689,2020,True,57.2073
2000-01-01,12.4535,True,0.3891,False,8.7933,2.3435,13.6967,77.8419,4793,False,784.6337,479,1980,True,75.0659
2000-01-01,11.0853,True,0.5013,False,7.3025,2.2478,4.7622,76.8663,1131,False,812.5859,719,2018,False,48.5803
2000-01-01,12.7106,True,0.1329,False,7.3159,2.4711,11.4362,79.8447,1648,False,709.138,560,2004,True,6.4168
2023-12-31,11.0808,False,0.382,False,6.344,2.4377,5.6342,80.0808,3759,False,1132.8992,481,1980,True,11.0656
2000-01-01,12.7289,True,0.4108,False,7.2405,2.5092,0.3439,80.4356,5011,False,1067.9319,502,1980,False,17.4647
2023-12-31,11.0879,False,0.549,False,6.4617,2.3906,7.1042,79.3002,7958,False,1072.711,1000,2019,False,69.759
2023-12-31,13.5058,False,0.1744,False,6.9478,2.4301,7.6074,78.7684,1528,False,966.1471,578,1987,True,76.0283
2000-01-01,12.464,True,0.4747,False,7.1047,2.505,2.777,80.484,3543,False,861.881,574,1980,True,98.0324
2023-12-31,12.7383,False,0.3331,False,6.8381,2.3131,13.9725,77.1749,6256,False,927.8668,956,1980,False,75.2448
2023-12-31,12.9856,True,0.3555,False,7.6184,2.4302,6.9882,79.0143,9061,False,809.3572,626,2004,False,97.474
2023-12-31,11.8462,True,0.2467,False,6.9879,2.5094,7.0094,80.8847,2899,False,753.8398,786,2001,False,55.2376
2023-12-31,12.1279,False,0.5441,False,7.2678,2.2971,10.8201,77.2209,8562,False,1238.0277,919,2020,True,54.8847
2023-12-31,10.9551,True,0.5683,False,7.5155,2.6974,3.9483,84.232,6896,False,746.8982,495,1988,False,61.2452
2023-12-31,12.2225,True,0.6666,False,7.3399,2.5715,12.3342,81.6562,3358,False,978.1436,850,1982,False,59.2388
2000-01-01,13.3218,True,0.3112,False,6.8253,2.5183,14.5422,80.2895,826,False,719.4155,340,1980,False,4.9674
2000-01-01,12.34,False,0.3632,False,6.9068,2.5447,5.6664,81.1876,466,False,790.7007,793,2020,True,56.0932
2000-01-01,12.4165,True,0.455,False,6.2635,2.5511,0.7738,81.2511,907,False,877.656,698,1987,False,100.0
2000-01-01,11.9563,False,0.1764,False,7.7585,2.6812,0.5243,83.5035,9650,False,1113.1259,262,2015,False,48.9621
2023-12-31,12.9144,True,0.2063,False,7.1834,2.6316,4.6861,82.2491,6112,False,1060.6296,614,1980,True,14.6462
2000-01-01,12.7887,False,0.4894,False,6.697,2.1934,10.2669,75.0426,1843,False,964.0562,979,2020,True,67.6252
2000-01-01,13.2166,True,0.2776,False,7.4746,2.7113,9.8127,83.3198,3890,False,1045.844,525,1992,True,62.2779
2000-01-01,12.3409,False,0.5337,False,7.8066,2.6557,12.9984,82.8989,5650,False,1139.02,672,1980,False,42.3523
2000-01-01,11.8768,True,0.5761,False,7.1858,2.513,10.0653,80.9062,9513,False,1071.6972,662,2019,False,86.8638
2000-01-01,12.3288,True,0.4678,False,6.7301,2.4339,11.8353,79.4127,8103,False,906.6111,65,2018,False,84.5426
2023-12-31,13.2132,True,0.1717,False,8.3454,2.4633,6.2778,79.4409,4796,False,738.7828,870,1982,False,26.4169
,13.4628,True,0.4861,False,7.5013,2.3394,13.4397,77.2475,4964,False,855.4115,536,1980,True,68.4318
2000-01-01,12.1756,False,0.3021,False,6.1059,2.715,2.1145,83.861,9631,False,793.4041,925,2020,False,50.1526
2023-12-31,12.5767,False,0.148,False,7.9181,2.7571,6.4473,84.2861,3503,False,1003.8091,983,1991,False,88.4108
2000-01-01,11.4831,False,0.6017,False,7.0536,2.6993,3.5663,83.9826,8656,False,959.4436,8,1980,True,82.185
2023-12-31,12.7015,True,0.137,False,8.7354,2.6575,14.2506,82.7621,6050,False,948.3576,7,2020,False,99.2646
2000-01-01,11.6726,True,0.6462,False,7.5569,2.6072,4.7932,82.5075,9736,False,838.5926,549,2019,False,82.9278
2000-01-01,11.8377,True,0.4916,False,6.5172,2.7464,11.3376,84.4843,7638,False,667.0946,525,1981,False,8.9131
2000-01-01,12.5506,True,0.5841,False,8.079,2.4953,1.5759,80.3517,2913,False,896.5775,64,2018,True,68.95
2000-01-01,12.7171,True,0.4326,False,6.994,2.6505,1.1882,82.6258,9934,False,988.9198,754,2019,False,26.748
2023-12-31,12.3438,True,0.489,False,8.7094,2.887,8.3705,86.2316,4688,False,1016.8024,999,2019,True,32.6741
2000-01-01,13.0048,False,0.3323,False,6.2951,2.5115,11.006,80.3217,9351,False,1055.5935,300,2019,False,69.9864
2023-12-31,12.0497,False,0.3834,False,7.0097,2.6731,14.5194,83.328,9532,False,961.5094,774,2017,False,75.2406
2023-12-31,11.3292,True,0.1809,False,6.7456,2.7221,2.2292,84.4218,6491,False,946.5322,621,1992,False,93.5877
2000-01-01,10.9471,False,0.4061,False,6.5949,2.4122,0.1407,79.7631,1921,False,951.2035,458,1980,True,79.0292
2000-01-01,12.2139,False,0.3696,False,7.0271,2.7268,5.9743,84.0236,333,False,669.8558,394,2018,False,33.6431
2023-12-31,11.828,False,0.3445,False,5.8358,2.4288,9.6989,79.5735,5055,False,881.1974,694,2019,False,76.171
2000-01-01,12.4344,False,0.1883,False,7.4846,2.9168,12.5567,86.5724,3093,False,695.2698,814,1980,False,10.0153
2000-01-01,11.3891,False,0.2522,False,6.4435,2.6735,4.749,83.6112,7370,False,1009.9317,570,1981,False,50.8554
2000-01-01,13.08,False,0.5142,False,7.1769,2.6773,7.2165,82.8561,3286,False,874.7411,548,1980,False,68.7954
2023-12-31,12.0183,True,0.3133,False,6.6907,2.4898,9.5289,80.5016,3498,False,768.179,324,2020,True,3.5809
2023-12-31,12.5482,True,0.4651,False,6.1681,2.5816,7.9298,81.6697,5796,False,916.3726,849,2020,False,31.5129
2023-12-31,12.7507,True,0.3163,False,7.0158,2.2853,1.1582,76.7081,4098,False,819.7076,348,2020,False,5.7421
2000-01-01,11.4507,True,0.5186,False,7.2267,2.3017,3.1334,77.6271,9584,False,730.4915,448,2018,True,18.2897
2023-12-31,12.7614,True,0.2808,False,6.6663,2.4204,7.8612,78.9845,5393,False,1043.3376,86,2017,True,48.2238
2000-01-01,12.0045,True,0.5464,False,5.2729,2.6744,14.4319,83.357,1187,False,1266.9746,774,2019,False,54.9814
2000-01-01,11.5187,False,0.2295,False,5.9115,2.4239,13.2197,79.6465,7208,False,1062.9515,970,2020,False,2.2386
2000-01-01,12.971,True,0.3339,False,8.3303,2.8328,4.1469,85.1701,4410,False,1225.0427,929,1980,True,86.3621
2000-01-01,12.0398,True,0.4805,False,7.204,2.5395,4.9026,81.2429,8638,False,796.6992,904,1980,False,37.9927
2000-01-01,12.5694,True,0.2681,False,6.1456,2.2561,1.5523,76.2395,9688,False,695.9571,916,1980,True,93.4342
2023-12-31,12.0559,False,0.4241,False,6.1039,2.5638,5.6873,81.6352,1041,False,655.5824,309,2020,True,61.144
2000-01-01,11.7775,False,0.4279,False,7.5814,2.3391,13.2862,78.1343,5212,False,1232.3578,808,2020,True,20.491
2023-12-31,12.5674,False,0.43,False,6.688,2.4132,9.0061,78.9444,7110,False,1087.6779,794,2020,True,13.658
2023-12-31,11.342,False,0.227,False,5.8526,2.4292,7.752,79.8506,6366,False,1000.819,85,1985,True,65.1898
2000-01-01,12.4506,False,0.5985,False,5.81,2.3908,4.1787,78.6301,9770,False,953.9762,222,2020,True,61.5677
2023-12-31,11.8469,False,0.296,False,7.7443,2.8751,11.7041,86.3313,9557,False,889.3527,933,2013,True,55.1998
2023-12-31,12.2801,False,0.5806,False,7.1107,2.7617,5.556,84.4693,5835,False,608.6595,686,2019,True,59.8975
2023-12-31,12.5279,True,0.458,False,7.4242,2.563,13.8693,81.3408,1612,False,1009.9657,536,2020,False,20.4666
2023-12-31,11.3595,True,0.3884,False,6.525,2.653,15.0,83.3647,8797,False,1256.1616,99,2006,False,48.5659
2023-12-31,13.8753,False,0.3842,False,6.7688,2.2632,12.3735,75.7352,4621,False,1038.1229,524,2020,False,65.5896
2023-12-31,11.2041,True,0.2156,False,7.1135,2.4031,1.3803,79.4598,5764,False,813.9205,683,2020,False,77.2499
2023-12-31,11.3414,False,0.2028,False,7.4765,2.3895,11.4967,79.1607,7933,False,1276.5566,494,2017,True,42.7112
2000-01-01,11.5038,False,0.4834,False,7.5831,2.8548,2.5051,86.1795,2760,False,852.0931,950,1980,False,73.1379
2000-01-01,11.0031,True,0.5064,False,7.8378,2.4017,14.2543,79.5377,4817,False,1051.1888,825,1980,True,100.0
2023-12-31,11.6418,True,0.3997,False,8.2793,2.543,8.063,81.5166,3646,False,585.2637,657,2018,False,85.1975
2000-01-01,12.6166,False,0.4372,False,8.1373,2.5393,3.7345,80.9693,1205,False,809.3522,542,1987,True,40.6127
2000-01-01,10.8423,True,0.4584,False,6.6595,2.5976,8.8014,82.7501,211,False,765.433,392,1980,False,79.3641
2023-12-31,11.65,False,0.4402,False,7.9358,2.7121,14.493,84.1014,1292,False,607.995,157,2019,True,67.6703
2023-12-31,11.4421,True,0.335,False,5.3525,2.6121,11.5742,82.6777,2110,False,1140.0206,242,1981,False,78.5168
2000-01-01,11.4919,False,0.2498,False,7.2614,2.2288,0.1,76.3003,7278,False,867.1551,627,1990,True,72.6109
2023-12-31,11.8163,True,0.2392,False,6.6432,2.6431,11.5647,82.9729,8048,False,733.8099,658,1980,False,33.547
2023-12-31,12.098,True,0.4303,False,7.7884,2.4699,3.7571,80.1121,4582,False,613.2378,89,2018,True,14.411
2023-12-31,11.9028,True,0.3599,False,5.8556,2.2412,12.1626,76.3306,8829,False,633.4809,236,1983,False,68.8451
2023-12-31,12.6149,True,0.2761,False,5.7692,2.446,11.1923,79.4786,448,False,776.7744,563,2020,False,23.2982
2000-01-01,11.6353,True,0.1723,False,7.1925,2.5811,12.8684,82.1178,5611,False,1205.2862,104,2019,True,89.9959
2000-01-01,12.231,False,0.4085,False,7.2754,2.6861,14.4375,83.4042,8711,False,946.8083,309,1980,False,30.6517
2023-12-31,11.9824,True,0.3227,False,6.6504,2.6779,11.0808,83.4065,5621,False,979.3506,180,2020,True,22.5146
,12.7829,False,0.4787,False,6.5837,2.6757,10.7371,82.9933,10000,False,1025.2822,996,1980,True,48.7964
2023-12-31,12.8997,False,0.3151,False,9.1717,2.6854,10.6861,83.0684,689,False,991.6338,631,1980,True,48.3658
2023-12-31,11.6151,False,0.4827,False,5.7777,2.228,6.1951,76.2574,6571,False,810.4238,543,2020,False,98.9801
2023-12-31,12.9361,False,0.355,False,7.6906,2.6171,6.2258,82.0216,77,False,1022.2483,170,2020,True,29.367
2023-12-31,13.2359,False,0.3326,False,6.8456,2.4312,4.389,78.9465,9025,False,1073.4285,786,2020,True,39.6798
2023-12-31,11.1325,True,0.3511,False,8.7297,2.6394,7.9575,83.2291,3607,False,926.1779,117,1980,True,30.2926
2023-12-31,11.2879,False,0.4484,False,6.6954,2.4975,2.5989,80.9323,6829,False,809.5328,380,1980,False,27.3454
2000-01-01,11.8913,True,0.2226,False,8.6005,2.567,0.712,81.756,6035,False,885.9102,967,2006,True,12.637
2023-12-31,12.8453,False,0.1597,False,6.6053,2.7408,10.6939,83.911,8869,False,916.7413,236,1980,False,16.649
2023-12-31,11.7569,False,0.545,False,6.1424,2.7129,7.0469,84.0481,5699,False,985.1782,413,1980,True,10.686
2000-01-01,12.8869,False,0.4847,False,6.1101,2.5195,4.827,80.5413,9670,False,782.2392,373,2003,True,13.1851
2023-12-31,12.3797,True,0.6092,False,5.9354,2.4472,3.5095,79.6083,5356,False,777.4548,136,1980,True,64.3177
,11.5426,False,0.1598,False,7.2932,2.0685,0.9974,73.3065,3255,False,627.5086,56,2020,False,92.736
2023-12-31,12.522,False,0.261,False,6.0711,2.2603,8.8646,76.3598,6117,False,1348.9207,228,2019,True,73.3805
2023-12-31,12.3145,True,0.5483,False,7.7079,2.4802,7.9045,80.1767,5132,False,962.354,823,2017,True,0.0
2000-01-01,12.8374,False,0.3609,False,7.8615,2.5662,13.1994,81.2896,7646,False,848.4728,704,1990,True,29.8127
2000-01-01,12.9463,True,0.4928,False,6.6054,2.607,6.4702,81.8548,2533,False,1072.234,181,1980,False,52.3266
2000-01-01,11.4114,True,0.2593,False,7.786,2.5216,3.362,81.2929,4568,False,424.4137,927,1980,False,77.5201
2023-12-31,12.1952,True,0.322,False,6.685,2.3406,9.9646,77.9136,191,False,687.5566,496,1990,True,55.4266
2000-01-01,12.9013,True,0.4367,False,7.7297,2.6142,9.6733,81.9804,6387,False,1016.0655,345,2019,False,82.3336
2000-01-01,13.0703,True,0.4694,False,6.6814,2.4451,11.0654,79.2208,5595,False,1034.4211,546,1980,True,75.0323
2000-01-01,12.845,False,0.5035,False,6.5005,2.463,11.5942,79.6525,905,False,660.0674,191,2020,False,0.7231
2000-01-01,12.3589,True,0.544,False,5.6575,2.6481,5.7993,82.7965,8211,False,1072.1335,823,1998,True,47.5724
2000-01-01,12.6208,False,0.3224,False,6.5273,2.6128,0.7611,82.1093,8367,False,874.8085,82,2020,True,47.1603
,11.6986,True,0.3194,False,5.4596,2.4732,14.6544,80.3794,2847,False,633.3483,533,1980,False,32.7582
2023-12-31,13.2235,True,0.5345,False,8.051,2.8355,9.8982,85.0611,7790,False,753.7067,45,1980,False,92.0988
2000-01-01,11.9936,True,0.1828,False,6.6053,2.6269,13.4028,82.6054,2815,False,1012.2023,180,2019,True,84.5481
2023-12-31,11.6027,True,0.4483,False,7.8253,2.2725,15.0,77.0449,3551,False,801.2653,441,1980,False,38.6677
,12.0158,False,0.3456,False,7.5512,2.2578,4.7331,76.5358,2295,False,770.1782,695,1980,True,49.1058
2023-12-31,13.3715,False,0.5576,False,8.8314,2.6599,9.6479,82.4484,1988,False,909.9161,439,1980,False,79.867
2023-12-31,12.1152,False,0.5382,False,6.5634,2.5997,11.5891,82.1563,838,False,771.5522,55,2020,True,100.0
2000-01-01,11.9674,False,0.3777,False,6.3098,2.6946,3.5925,83.6356,6219,False,1216.6207,605,1980,True,23.9044
,12.8082,False,0.515,False,6.0742,2.6404,5.1678,82.4345,3627,False,948.9911,782,1980,True,96.8598
2023-12-31,12.7913,True,0.2875,False,7.2386,2.6229,12.5042,82.1947,3980,False,802.9605,978,2019,False,12.7504
,12.557,False,0.4194,False,8.0529,2.7685,11.9865,84.4541,8475,False,1109.4191,982,2020,False,71.8223
2023-12-31,12.1507,True,0.4245,False,7.3159,2.4125,1.0303,79.1534,2413,False,981.655,686,2020,False,10.9357
,12.5637,True,0.5405,False,6.1531,2.4782,2.3663,80.0108,2462,False,868.1738,300,1980,True,97.277
2023-12-31,13.1383,True,0.2352,False,6.9784,2.5274,2.4806,80.5266,7605,False,932.0995,159,2020,True,58.5222
2023-12-31,12.3929,True,0.0639,False,7.0847,2.4435,7.9166,79.5504,0,False,1089.4657,961,1980,True,1.2403
2023-12-31,12.0869,False,0.6116,False,6.0059,2.6046,10.3959,82.2732,7598,False,1088.6965,817,1990,True,92.7243
2000-01-01,11.7086,True,0.247,False,6.7485,2.3381,8.0391,78.1228,222,False,1046.5757,309,1994,True,37.6093
2000-01-01,11.3461,False,0.4794,False,7.8067,2.4094,9.2301,79.4971,8398,False,863.0869,639,2018,True,93.0819
2000-01-01,11.7634,False,0.4973,False,7.1808,2.551,1.2928,81.5945,9733,False,1229.045,77,1981,True,34.7583
2023-12-31,12.3622,True,0.382,False,7.0521,2.5598,0.1724,81.4333,5539,False,948.6729,691,1980,True,35.1602
,12.7791,False,0.4817,False,7.0527,2.7339,3.6852,83.8388,1262,False,834.4693,562,1980,False,48.8898
2023-12-31,12.7339,True,0.4875,False,7.0001,2.5562,0.8478,81.1723,8279,False,1134.105,53,1980,False,38.7872
,11.7543,True,0.3813,False,7.8824,2.3677,11.2663,78.6038,6816,False,809.7126,331,1980,True,93.7781
2023-12-31,12.7597,True,0.3031,False,6.9887,2.5549,5.4111,81.1637,9329,False,638.7925,38,1980,False,46.2517
,12.7499,True,0.304,False,5.9645,2.4874,7.9618,80.0603,2427,False,1001.4481,1000,1980,False,3.2937
2000-01-01,12.6009,True,0.2158,False,7.3077,2.4929,5.0303,80.2487,5328,False,935.8792,112,1980,False,49.6572
2023-12-31,13.4691,True,0.4075,False,6.2739,2.4862,13.1207,79.7176,7023,False,1106.0932,656,1980,False,16.603
,12.3671,True,0.2648,False,7.9207,2.4635,2.4637,79.8609,169,False,967.5888,808,1980,False,3.5462
2000-01-01,12.355,True,0.644,False,6.7264,2.7387,10.5866,84.1188,704,False,1048.0247,378,2020,True,12.9305
2000-01-01,12.0529,True,0.4196,False,6.8952,2.2221,12.3826,75.9328,6563,False,833.2199,543,2019,True,78.2467
2000-01-01,10.5538,False,0.4888,False,6.562,2.6504,10.1035,83.7085,8485,False,968.621,487,2018,True,52.2946
2023-12-31,12.4814,False,0.2862,False,5.4577,2.5781,13.6811,81.6152,3009,False,944.7737,540,2019,True,93.0289
,12.6277,False,0.2432,False,6.6555,2.6546,4.3411,82.7226,6461,False,951.1106,878,1980,False,60.1928
2023-12-31,12.5158,True,0.2009,False,7.7838,2.4989,9.5124,80.3654,9536,False,711.1186,513,2019,False,0.0
2000-01-01,12.3581,False,0.414,False,7.3054,2.5834,13.2046,81.7791,3924,False,1009.6672,793,2020,True,83.4072
2023-12-31,12.3621,True,0.2117,False,7.1022,2.4807,5.8054,80.1866,8644,False,1034.5366,29,2020,True,65.8178
2023-12-31,12.0584,False,0.4023,False,7.9074,2.5107,14.1422,80.8062,2454,False,878.1675,114,2020,True,27.0389
2023-12-31,12.9647,True,0.4243,False,8.0808,2.288,5.935,76.623,7442,False,701.7535,23,2020,True,22.0222
2023-12-31,13.6056,False,0.5179,False,7.3646,2.5077,4.1986,79.9507,1665,False,700.2609,733,1980,False,81.2341
2000-01-01,12.2104,True,0.4845,False,7.8844,2.6082,3.2886,82.2688,385,False,859.8242,636,2019,False,38.5034
2023-12-31,12.3455,True,0.3789,False,6.1951,2.9627,6.6906,87.2461,6163,False,566.0578,918,2008,True,77.4029
2000-01-01,12.9921,True,0.2469,False,8.746,2.6196,10.8052,82.0133,8150,False,937.8308,342,1981,True,55.4384
2023-12-31,12.5032,False,0.165,False,7.0677,2.4688,13.6465,79.881,431,False,594.6609,241,1980,True,24.208
2023-12-31,11.0525,True,0.6136,False,7.8786,2.3899,1.5307,79.3318,5894,False,837.0228,458,1980,False,64.4314
2023-12-31,11.7782,False,0.4373,False,7.2341,2.3481,0.8098,78.2327,8694,False,1000.3267,653,1980,False,79.4357
2000-01-01,12.2225,False,0.2492,False,6.5093,2.2164,0.1,75.7137,7034,False,859.9014,941,1980,True,55.1277
,11.2307,False,0.4281,False,6.7479,2.4747,14.3041,80.6422,6929,False,916.172,158,1980,True,14.2407
2023-12-31,11.7214,True,0.2554,False,6.1566,2.4541,3.7868,80.0443,7740,False,1052.0218,545,1980,True,45.4535
2000-01-01,11.4379,False,0.3462,False,7.8936,2.4385,14.3351,79.9195,934,False,1246.5463,413,1989,False,84.4358
,11.6626,True,0.3979,False,6.1156,2.6754,15.0,83.5154,1754,False,731.1584,834,2017,False,94.2225
,11.334,False,0.4392,False,6.816,3.0036,15.0,88.3138,6603,False,685.2042,685,2020,True,54.8806
2000-01-01,12.3961,False,0.2952,False,7.0396,2.8309,6.2602,85.4077,7345,False,890.6642,1000,2019,True,69.9051
2000-01-01,12.5523,False,0.4954,False,7.5873,2.6232,4.7038,82.2877,1150,False,854.1614,390,1980,True,8.0134
2023-12-31,12.9824,False,0.3747,False,8.0776,2.3898,11.4219,78.3727,9183,False,1068.4779,190,1980,True,61.3607
2000-01-01,11.0761,True,0.2583,False,8.0534,2.5808,0.6923,82.398,447,False,855.5661,667,2019,True,5.7901
2000-01-01,13.4579,False,0.1827,False,6.424,2.7344,11.2551,83.5049,246,False,1052.3258,37,2018,False,4.7803
2000-01-01,11.6212,False,0.3457,False,6.7584,2.4017,9.8065,79.247,7604,False,829.5228,871,1980,False,25.5253
2000-01-01,12.983,True,0.1662,False,7.5399,2.3051,14.7223,76.9196,6965,False,1142.2183,667,2018,True,16.8498
2000-01-01,11.5836,True,0.5943,False,6.9703,2.6577,13.6637,83.3224,9394,False,932.0133,160,1980,True,47.0623
2000-01-01,13.5961,False,0.4406,False,5.9768,2.5486,0.4279,80.6632,3097,False,1064.7396,310,1980,False,22.3637
2000-01-01,11.7707,False,0.4311,False,7.2592,2.4055,4.3529,79.2354,9729,False,1087.7742,297,1993,False,22.8039
2023-12-31,13.0553,False,0.5548,False,6.8681,2.8043,1.7913,84.7311,3630,False,707.9293,769,1980,False,45.7029
2023-12-31,12.215,False,0.497,False,6.1181,2.5327,2.0243,81.0688,880,False,915.737,166,1980,True,83.082
,11.5754,False,0.4468,False,7.3443,2.5739,10.8655,82.0146,7040,False,674.0742,697,1980,True,75.2837
2000-01-01,12.8542,False,0.4434,False,7.4954,2.498,1.7535,80.2236,944,False,982.6679,592,2020,True,68.6037
2023-12-31,13.5674,False,0.5148,False,5.6909,2.2074,5.164,74.8904,5316,False,1277.8491,522,2020,False,73.7299
2023-12-31,13.1779,True,0.4524,False,7.4586,2.7773,2.2352,84.2885,768,False,845.0083,180,2020,True,99.9207
2000-01-01,12.155,False,0.4407,False,7.6334,2.5759,11.7567,81.7589,2289,False,652.5185,236,2020,True,97.514
2023-12-31,11.9325,False,0.3428,False,6.4539,2.9242,0.6832,86.9549,194,False,1040.7943,547,1980,True,70.407
2000-01-01,11.9882,True,0.3842,False,6.0414,2.5314,13.6365,81.1556,3949,False,663.6263,18,2019,True,43.2136
2000-01-01,11.8705,True,0.1466,False,7.572,2.8537,3.641,85.9835,8802,False,900.922,783,1980,False,24.1173
2023-12-31,11.9044,True,0.4055,False,7.7947,2.4438,13.6921,79.782,578,False,1214.8897,116,1980,True,36.5655
,12.6981,True,0.4248,False,7.9045,2.4154,1.2931,78.9322,7988,False,1023.6498,763,2019,False,6.4188
2023-12-31,11.8442,True,0.7231,False,6.8759,2.6524,8.8831,83.1015,6170,False,961.4042,576,1980,True,10.9687
2000-01-01,11.2678,False,0.3652,False,6.5463,2.5127,12.4852,81.24,1990,False,830.219,963,1980,False,72.3126
2000-01-01,12.1814,False,0.3861,False,5.4529,2.6057,2.8244,82.2234,2492,False,991.5844,90,2019,False,36.2871
2000-01-01,12.24,False,0.4266,False,6.6586,2.8441,7.679,85.7161,7885,False,997.6183,83,2020,True,65.8778
2000-01-01,12.001,False,0.2624,False,5.89,2.5146,2.5567,80.9036,5105,False,767.0824,144,1980,True,23.4104
,12.1351,True,0.445,False,5.3263,2.5912,3.7043,82.0095,9126,False,950.4597,67,2019,False,71.0063
2000-01-01,11.8871,True,0.4959,False,6.9956,2.5759,0.7398,81.8888,5284,False,1004.7323,7,1980,True,21.7816
2023-12-31,13.1185,False,0.4815,False,6.3521,2.3133,1.4545,76.9869,4254,False,950.1197,128,2020,True,69.7509
2023-12-31,11.8425,False,0.5247,False,6.4437,2.7307,11.5289,84.2726,1359,False,1058.2122,919,1981,False,77.5332
2000-01-01,12.0149,False,0.586,False,6.1051,2.3703,5.3253,78.4964,807,False,528.71,459,1980,False,38.2601
,12.7253,False,0.3915,False,7.6217,2.528,12.4305,80.7306,396,False,924.9041,182,2018,False,52.3982
2000-01-01,12.5035,True,0.4382,False,5.5682,2.3799,10.0835,78.4259,5852,False,1184.997,774,2019,True,6.3347
2023-12-31,12.1562,False,0.5533,False,8.1897,2.4589,8.4681,79.9191,5745,False,819.7908,165,1981,False,33.4972
2023-12-31,11.7304,True,0.4094,False,7.3422,2.4432,11.908,79.875,3867,False,1044.7063,966,2018,False,81.0549
2000-01-01,11.9656,False,0.2687,False,7.549,2.5228,1.2749,81.0419,8926,False,1142.2681,680,1980,True,86.4468
2000-01-01,12.5446,False,0.4895,False,7.7237,2.4185,11.3859,79.0586,996,False,1124.4444,352,1980,True,100.0
2023-12-31,11.3289,True,0.4894,False,7.2042,2.9641,13.1828,87.7672,6366,False,795.3242,460,2004,False,19.912
2000-01-01,11.6649,False,0.4598,False,6.5159,2.6415,5.4376,83.0085,1845,False,568.9083,387,2020,True,6.6193
2023-12-31,12.8569,False,0.4131,False,7.1146,2.4855,2.2442,79.983,2278,False,664.9231,429,1980,True,50.3438
2023-12-31,12.7573,True,0.2499,False,7.0377,2.4644,14.3076,79.6756,2489,False,629.4959,664,1987,True,94.4798
2023-12-31,12.2635,True,0.3266,False,5.7641,2.5013,6.9199,80.5438,4343,False,945.258,408,1981,True,80.6338
2000-01-01,12.1749,False,0.4223,False,8.5198,2.379,13.6407,78.5859,4978,False,1209.3789,11,1980,False,2.0248
,12.1997,True,0.2955,False,7.798,2.5915,0.9006,81.9902,6117,False,1087.3733,350,1980,True,83.4568
,12.7185,False,0.3703,False,6.1977,2.5845,1.4341,81.5864,7885,False,922.5138,787,2020,False,9.3042
2000-01-01,13.1575,False,0.4587,False,6.5547,2.561,8.4984,81.0195,4220,False,525.398,477,2020,False,10.3381
,12.4535,False,0.1377,False,8.0006,2.6379,5.2147,82.5867,925,False,914.4424,467,2018,True,44.6249
2023-12-31,12.0983,False,0.3807,False,5.6699,2.4899,6.0234,80.4391,6155,False,700.0669,764,2019,False,16.9762
2000-01-01,13.9547,False,0.3049,False,6.0153,2.3546,15.0,77.3013,3216,False,931.6426,55,2020,True,48.0379
2023-12-31,12.78,False,0.4123,False,6.6348,2.5759,11.3276,81.4764,7999,False,689.8847,696,1981,False,51.6037
2023-12-31,11.9881,False,0.3863,False,7.3892,2.8624,11.8632,86.0789,1111,False,827.9453,402,1980,False,3.5143
2023-12-31,13.2079,True,0.2925,False,6.9042,2.4917,13.8418,79.9019,2585,False,1061.601,432,2020,True,78.4503
2023-12-31,12.043,False,0.4814,False,6.9496,2.5639,11.1471,81.6458,2933,False,642.5177,532,1999,False,51.1951
2023-12-31,11.8299,True,0.2545,False,7.8181,2.5997,3.1221,82.2906,8072,False,843.7091,637,1980,True,91.7115
2023-12-31,11.6788,True,0.7173,False,7.7897,2.6056,0.2316,82.4414,9401,False,667.5447,488,2020,True,64.5716
2023-12-31,13.1045,False,0.3987,False,6.8675,2.3033,7.3631,76.8104,1957,False,1379.0786,871,1980,True,16.7646
,12.098,False,0.3902,False,7.017,2.3325,12.4699,77.8419,3128,False,1070.5134,911,2020,True,43.321
,12.3355,False,0.3634,False,7.6642,2.523,0.6795,80.8494,5079,False,1113.5265,480,2019,True,97.2724
2000-01-01,11.8516,True,0.5884,False,8.0945,2.513,7.8002,80.9201,1500,False,993.5888,524,1980,False,58.7326
2023-12-31,13.1249,True,0.5259,False,7.0398,2.2336,10.9466,75.5719,1718,False,1016.5848,736,1980,False,25.8187
2000-01-01,12.574,True,0.4826,False,7.0005,2.544,5.0921,81.0287,5154,False,1046.4118,259,1980,False,24.2854
,11.7619,False,0.4016,False,6.5666,2.7879,5.1908,85.1409,514,False,910.0004,679,1980,True,89.3005
2000-01-01,11.9221,False,0.291,False,8.1353,2.3162,3.4791,77.6136,6665,False,1146.8136,313,2020,True,51.6316
2023-12-31,12.5757,True,0.3396,False,7.2557,2.4242,6.9075,79.1408,643,False,978.0828,345,2020,False,76.2361
2000-01-01,12.7744,False,0.4834,False,6.6606,2.1603,11.172,74.4275,7397,False,822.0008,871,1980,True,59.4444
2000-01-01,11.7195,True,0.3464,False,5.9518,2.2123,8.9599,75.9081,1491,False,778.6086,865,2020,True,92.3597
2000-01-01,12.4096,True,0.5102,False,6.1984,2.249,8.0911,76.2146,5828,False,944.7011,360,2018,False,8.6755
,11.596,False,0.4542,False,7.2122,2.5392,1.5313,81.4541,8753,False,727.3562,916,2019,True,14.0934
2000-01-01,11.7726,False,0.4584,False,6.0362,2.5768,9.973,81.972,2419,False,1171.0615,730,1980,True,41.6549
2023-12-31,11.7404,True,0.4017,False,6.7915,2.2634,2.0487,76.8013,50,False,1030.6322,392,2001,False,0.7426
2023-12-31,11.024,True,0.408,False,6.8444,2.5632,3.495,82.1302,3606,False,765.5937,344,2019,False,60.254
2000-01-01,13.2135,False,0.3528,False,7.3621,2.551,7.6399,80.8418,8832,False,880.9154,170,1980,True,90.9516
2000-01-01,10.6193,False,0.3,False,7.5949,2.4468,8.15,80.4688,7576,False,656.3938,685,2020,False,35.9364
2023-12-31,13.0403,False,0.3555,False,6.4432,2.7703,1.8638,84.2379,9813,False,682.563,333,1980,False,55.9551
2000-01-01,13.1236,False,0.4132,False,7.7247,2.3948,12.8275,78.3799,6307,False,876.7765,1000,1980,False,89.7024
,11.6567,False,0.5255,False,7.1636,2.4845,2.3549,80.5675,308,False,559.0522,259,2020,False,63.5936
2000-01-01,13.8961,False,0.4835,False,7.5145,3.0612,12.528,87.7935,8271,False,567.9258,35,2002,True,60.5887
,12.053,False,0.4949,False,7.403,2.1742,11.378,75.0161,7170,False,922.7347,504,1985,False,41.6444
,12.0481,False,0.3384,False,6.1421,2.6663,14.9694,83.1993,6765,False,926.4457,541,1980,False,93.6851
2000-01-01,12.2785,True,0.2719,False,6.875,2.4516,3.6662,79.724,4557,False,907.2599,206,1980,True,88.164
2023-12-31,11.5516,True,0.5348,False,7.4562,2.4001,12.7399,79.2259,6239,False,776.6117,847,2012,False,74.5651
2000-01-01,12.2785,True,0.3418,False,7.5337,2.6239,4.436,82.4202,2451,False,779.5624,351,2019,True,31.7212
2023-12-31,13.3077,True,0.4737,False,6.6393,2.8376,10.9894,85.0798,7844,False,602.2993,252,1980,False,34.4727
2023-12-31,12.7071,False,0.4848,False,7.6755,2.3376,3.7185,77.5767,4036,False,806.4095,97,1980,False,22.7962
2023-12-31,11.9111,True,0.3536,False,6.781,2.2768,2.2144,76.9376,4253,False,914.041,251,2020,True,42.2804
2000-01-01,13.4253,True,0.3996,False,6.9436,2.5839,9.3659,81.2615,9906,False,755.9556,927,2019,False,64.37
2023-12-31,11.4799,False,0.4036,False,8.3947,2.6562,7.5081,83.3359,8223,False,672.4031,310,1981,False,63.6062
2023-12-31,12.8828,True,0.3173,False,7.8994,2.2016,14.5753,75.1264,3394,False,930.6686,150,2019,True,44.7788
2000-01-01,13.1217,True,0.2501,False,7.262,2.5871,3.1102,81.4584,1559,False,1177.8586,255,2020,True,18.8806
2023-12-31,12.0307,True,0.6282,False,6.2129,3.1215,9.0451,89.5009,1106,False,793.4113,24,2020,False,67.6936
2000-01-01,12.6739,False,0.328,False,8.1957,2.6075,10.9386,81.9816,1047,False,1141.7445,480,2020,False,63.5225
2023-12-31,11.684,True,0.3115,False,7.4411,2.2555,7.5168,76.6776,1895,False,866.5999,576,1980,False,64.4175
2000-01-01,11.2012,False,0.4326,False,7.346,2.3369,10.7171,78.3818,7218,False,1322.648,864,1980,True,46.9528
,10.3994,True,0.3575,False,5.8865,2.287,9.063,77.8934,8210,False,987.8002,775,2019,False,51.1923
2000-01-01,12.9684,False,0.4469,False,7.4183,2.4868,12.833,79.9668,538,False,928.1299,355,1980,False,19.8985
2023-12-31,12.864,False,0.1547,False,6.9712,2.3319,0.8304,77.4255,1105,False,1035.9137,69,1997,False,13.3825
2000-01-01,11.9394,True,0.5563,False,7.7653,2.6362,12.5263,82.8007,9658,False,973.4063,378,2019,False,93.5972
2023-12-31,12.2237,False,0.1807,False,6.7836,2.7294,7.2667,84.0462,4302,False,718.7306,758,1980,True,62.6162
,12.4907,True,0.5999,False,8.3272,2.4806,10.6594,80.0954,473,False,1086.7215,137,1980,True,60.6412
2023-12-31,12.1052,False,0.4927,False,8.5917,2.5483,7.0467,81.3821,5675,False,1081.0264,909,1982,False,54.0699
2023-12-31,12.0415,False,0.6937,False,7.9166,2.5893,1.3355,82.0399,6461,False,1127.1968,390,2017,True,100.0
2000-01-01,12.2009,False,0.3848,False,7.4491,2.4169,14.649,79.2257,8169,False,911.7935,41,1980,True,97.6029
2000-01-01,12.394,False,0.4153,False,7.6559,2.4573,4.1315,79.7652,5549,False,1071.792,147,2020,False,95.1622
2000-01-01,12.2411,True,0.4869,False,7.2858,2.6308,5.3268,82.5779,6644,False,1226.5012,959,1980,True,27.7619
2000-01-01,11.9182,False,0.4242,False,6.446,2.5742,10.0071,81.8731,3947,False,831.5389,94,1980,True,39.8632
2023-12-31,12.3265,True,0.2554,False,6.2578,2.3905,6.5994,78.6857,3524,False,959.9252,103,1992,True,89.5436
2000-01-01,12.3053,True,0.3314,False,8.0026,2.4509,4.5089,79.7087,4911,False,683.8694,1000,1981,True,14.4732
2023-12-31,11.5293,False,0.328,False,5.5128,2.5931,10.7122,82.3309,3756,False,904.4137,280,1980,True,89.836
2000-01-01,11.5826,True,0.3572,False,8.3775,2.3947,8.8528,79.1416,8108,False,1347.3058,761,1980,True,53.8574
2000-01-01,12.6686,True,0.3519,False,5.8909,2.439,10.3298,79.3447,1517,False,697.8342,526,2018,False,52.4062
2000-01-01,13.5829,True,0.3877,False,6.289,2.5791,13.5352,81.0837,1293,False,714.4653,729,2018,False,85.0761
2000-01-01,12.7539,True,0.5818,False,6.6179,2.5622,6.5651,81.2642,822,False,1009.5312,384,2018,True,71.982
2023-12-31,13.3968,True,0.558,False,7.747,2.3969,14.9674,78.2838,8496,False,835.6543,110,2019,True,78.1633
2000-01-01,11.7601,True,0.1358,False,7.4742,2.718,10.9795,84.1192,3170,False,863.3225,398,1981,True,88.4805
2023-12-31,13.0194,True,0.4071,False,7.6628,2.5351,11.0311,80.6993,2889,False,767.1961,682,1985,True,93.7248
2000-01-01,11.5164,True,0.5073,False,7.8092,2.0763,9.1118,73.4456,8774,False,907.7362,283,1999,True,31.6029
2000-01-01,12.6429,False,0.277,False,7.2033,2.4478,7.9439,79.4777,9700,False,802.4963,966,2020,True,23.0886
2000-01-01,12.0694,True,0.4875,False,7.0994,2.516,14.4032,80.8802,962,False,850.3663,105,2019,False,92.5659
2000-01-01,12.2945,False,0.5687,False,6.2563,2.6306,4.649,82.5311,1114,False,950.8003,738,1980,False,30.7473
,12.094,False,0.4123,False,8.5342,2.2898,14.1842,77.0815,904,False,1114.0859,843,1980,False,24.3999
2023-12-31,12.727,True,0.1911,False,7.0604,2.6342,9.0053,82.355,3012,False,758.2865,731,1992,False,57.3778
2000-01-01,13.3784,True,0.3768,False,6.8233,2.4877,15.0,79.7858,7670,False,836.5088,876,1980,False,3.5284
2000-01-01,12.0782,False,0.3736,False,6.5697,2.3715,14.3671,78.4946,488,False,781.126,655,1980,False,19.2125
2023-12-31,11.8865,False,0.3847,False,5.0639,2.7166,11.335,84.0238,7223,False,857.756,491,1980,True,66.5491
2000-01-01,11.6032,True,0.4521,False,7.2497,2.5883,2.7176,82.2468,9540,False,685.5064,46,1980,True,35.7166
2023-12-31,12.6231,False,0.477,False,6.381,2.7514,1.008,84.1751,9296,False,1445.9288,51,2020,True,8.9388
2023-12-31,12.4469,False,0.4828,False,7.9242,2.3727,0.1,78.3448,8075,False,1056.9396,102,2018,True,62.6787
2000-01-01,11.8568,True,0.3127,False,7.4942,2.6352,1.0298,82.8242,5704,False,886.2962,712,2020,False,75.0217
2000-01-01,13.3557,False,0.3126,False,6.7641,2.8022,1.7355,84.5412,6133,False,703.7054,946,2020,False,74.215
2000-01-01,12.4308,False,0.2154,False,5.7111,2.5934,6.6001,81.894,3689,False,460.199,167,2020,False,10.0356
2023-12-31,12.309,True,0.2708,False,6.6676,2.0575,1.3856,72.7285,6904,False,1034.674,399,1980,True,23.9791
2000-01-01,12.2483,False,0.4088,False,6.4195,2.3414,5.0251,77.9255,8708,False,867.9539,896,2020,True,85.2113
2000-01-01,11.8751,False,0.3627,False,6.225,2.4215,1.7658,79.4412,9689,False,621.2941,777,2020,True,40.4327
2000-01-01,12.0816,True,0.2787,False,6.1212,2.1871,1.2226,75.2876,325,False,735.5477,690,1980,False,38.3518
2000-01-01,11.8265,True,0.5549,False,8.4983,2.7683,2.6515,84.7863,9498,False,756.9366,714,1980,True,14.4325
2000-01-01,11.9394,True,0.4817,False,7.8751,2.4903,8.2248,80.5371,5374,False,812.5971,126,1980,True,8.464
2023-12-31,11.3187,True,0.4213,False,8.3955,2.333,5.9792,78.2324,7317,False,665.2371,542,1980,True,42.6357
2023-12-31,12.6314,False,0.4767,False,6.8693,2.725,7.1079,83.8111,6075,False,712.5906,627,1980,True,32.035
2000-01-01,12.3383,False,0.7809,False,7.2548,2.5239,11.7527,80.8298,389,False,914.2783,336,1980,False,66.3369
2023-12-31,11.9406,True,0.4162,False,7.0672,2.8334,9.82,85.6832,1733,False,703.0246,305,1980,False,36.8113
2000-01-01,12.222,False,0.4321,False,6.6808,2.4751,5.3983,80.1433,5457,False,867.9206,260,2018,True,17.4769
2000-01-01,10.6362,True,0.3755,False,5.5975,2.4611,11.1504,80.7187,535,False,964.6562,139,1981,False,58.8799
2000-01-01,12.8249,True,0.4139,False,6.7668,2.6746,3.3459,82.9437,7649,False,1039.1686,647,1980,True,67.1567
2023-12-31,12.1604,False,0.2219,False,7.1687,2.7138,7.4052,83.8641,2611,False,863.9792,745,1989,False,26.8295
2023-12-31,12.2439,False,0.2993,False,7.1311,2.4864,6.8244,80.3032,4921,False,688.039,136,1980,False,78.0241
2000-01-01,12.9619,False,0.3801,False,5.8484,2.2189,9.5888,75.3893,6128,False,1052.7027,814,2019,False,89.7649
2023-12-31,11.3959,False,0.3835,False,6.6427,2.2713,4.2436,77.1177,756,False,907.9173,372,1980,False,38.0649
2000-01-01,13.7091,False,0.304,False,6.494,2.3778,9.6499,77.794,3190,False,1009.0093,240,2006,True,86.3771
2023-12-31,13.3406,True,0.6456,False,7.6518,2.5109,12.86,80.1762,8203,False,1029.0233,786,2020,True,79.8241
2023-12-31,13.3898,False,0.4022,False,5.904,2.7067,3.0668,83.1457,5430,False,1141.9675,1,2020,False,1.2068
2000-01-01,12.704,True,0.2237,False,6.808,2.6439,7.1346,82.5639,1179,False,794.0808,560,2019,True,58.1496
2023-12-31,11.921,True,0.4611,False,6.66,2.4985,12.7546,80.6684,4757,False,1129.5698,773,2019,False,38.2103
2023-12-31,11.4486,False,0.4678,False,6.9183,2.3764,12.9987,78.8958,6399,False,765.863,878,1980,True,18.9459
2000-01-01,12.0197,True,0.3258,False,7.9624,2.5094,2.0247,80.7957,2883,False,689.1794,540,2020,False,12.9131
2023-12-31,12.3601,False,0.341,False,6.3932,2.6662,4.7751,83.018,8584,False,1055.7602,703,1981,False,66.6954
2000-01-01,12.7637,True,0.5711,False,7.1178,2.6428,13.8453,82.4951,3458,False,1258.344,536,1980,True,32.1081
2000-01-01,12.8267,False,0.2809,False,7.2822,2.6519,2.2491,82.5905,10000,False,1100.8805,749,1999,True,94.4208
2000-01-01,13.2018,False,0.6219,False,5.7364,2.5628,13.6754,81.0388,3410,False,1186.5565,634,1980,False,19.4773
2023-12-31,12.7974,True,0.1999,False,7.3376,2.496,9.6608,80.2097,4708,False,1238.3502,802,1982,True,65.2805
2000-01-01,11.6211,True,0.4865,False,6.5565,2.3501,1.6203,78.3777,2969,False,1102.8638,665,2020,False,12.5117
2023-12-31,11.9512,True,0.5376,False,6.6832,2.5495,12.5789,81.4565,3927,False,829.2123,807,2019,False,80.181
2000-01-01,11.5773,True,0.3625,False,6.65,2.3162,10.4763,77.8082,7393,False,1031.3026,103,2011,True,89.7485
2000-01-01,13.1972,False,0.263,False,6.5978,2.4216,14.7822,78.796,7669,False,920.2869,221,1981,False,46.9383
2023-12-31,11.7963,True,0.4515,False,6.5286,2.8065,10.1256,85.3707,2333,False,929.4384,680,2002,True,63.0907
2023-12-31,12.4605,False,0.225,False,6.9119,2.4194,14.6042,79.1109,6723,False,1078.7759,363,2015,True,65.9964
2000-01-01,11.3209,True,0.504,False,7.7034,2.2255,5.4416,76.3254,6703,False,1071.6925,428,1980,True,62.4503
2000-01-01,11.9255,True,0.3681,False,8.5623,2.6292,2.5468,82.6711,4054,False,422.747,240,1980,True,87.4893
2023-12-31,11.6667,False,0.3756,False,7.6379,2.4204,8.2805,79.5411,3820,False,965.8757,709,1980,False,2.7958
2000-01-01,12.2987,False,0.3397,False,7.3361,2.586,8.1201,81.8768,3484,False,977.4385,211,2001,False,16.1382
2023-12-31,12.3095,False,0.4887,False,8.7592,2.0443,8.4109,72.4399,2767,False,1105.0239,765,1981,False,8.8634
2000-01-01,13.2388,True,0.442,False,6.9007,2.4532,10.7454,79.2671,1741,False,992.1893,878,1996,True,27.9094
,12.1872,False,0.5622,False,6.742,2.576,2.9559,81.782,4908,False,1055.6373,244,1980,True,38.1912
2000-01-01,12.7949,True,0.3848,False,8.3933,2.5517,1.9701,81.0522,5932,False,1148.2886,615,1981,False,67.7549
2000-01-01,13.3427,True,0.4874,False,7.3255,2.6738,4.4998,82.6723,4739,False,864.7558,58,2018,False,68.9262
2023-12-31,11.9204,True,0.3119,False,6.541,2.6398,4.0144,82.8691,2208,False,1267.022,263,1984,False,89.3309
2023-12-31,11.6994,False,0.3298,False,7.0423,2.2712,12.0982,76.9507,9719,False,924.7276,893,1980,True,8.1843
2023-12-31,12.6069,True,0.5887,False,8.0599,2.2536,12.2495,76.2004,5898,False,552.5392,148,1980,False,100.0
2000-01-01,12.0094,False,0.333,False,6.5819,2.4156,11.814,79.3007,629,False,866.4772,753,1980,True,82.8139
2023-12-31,12.8141,True,0.3887,False,7.8061,2.5873,8.5464,81.599,10000,False,636.9738,633,2020,True,38.4656
2000-01-01,12.7641,False,0.4158,False,6.7438,2.5917,3.7023,81.6932,8375,False,976.2473,922,2020,True,94.0083
2023-12-31,12.2564,True,0.4402,False,5.7259,2.4073,3.2875,79.0302,8821,False,826.5949,396,2019,True,88.516
2023-12-31,11.8863,True,0.359,False,7.6829,2.4831,2.8346,80.4253,8796,False,603.2318,259,1980,True,61.6531
2023-12-31,12.8192,True,0.2621,False,6.7896,2.4321,2.041,79.1143,7303,False,837.5087,436,1980,False,10.3235
2023-12-31,11.9508,True,0.4043,False,7.7076,2.8308,14.3244,85.6675,8799,False,1022.7282,146,2018,True,72.9898
2000-01-01,11.454,False,0.1824,False,7.2385,2.3748,14.5135,78.8508,8510,False,924.8747,818,2020,True,11.1943
2000-01-01,12.2226,False,0.6047,False,8.8116,2.5694,14.7819,81.6318,3153,False,778.6658,567,1980,True,21.6477
2023-12-31,14.0253,True,0.3159,False,6.6747,2.634,5.7871,81.7138,1285,False,716.977,590,1980,False,44.067
,12.3167,False,0.3124,False,7.2921,2.6038,0.9528,82.1152,6514,False,636.8316,982,2018,False,10.7776
2000-01-01,12.7564,True,0.0988,False,6.6817,2.6613,10.2489,82.7561,9439,False,635.753,601,1980,False,62.012
2023-12-31,11.8651,True,0.3156,False,6.4753,2.5832,13.8133,82.0367,7900,False,1031.5037,930,2005,True,61.9686
2000-01-01,12.844,False,0.3853,False,7.1588,2.5235,12.0092,80.6135,2119,False,848.8727,1,1980,True,87.0977
2023-12-31,12.5551,True,0.4118,False,6.1579,2.5527,7.5958,81.1852,2533,False,781.8898,802,1980,False,94.0802
2000-01-01,12.17,False,0.4687,False,6.925,2.4017,4.3499,78.9261,821,False,1045.923,524,1980,False,93.0519
2000-01-01,10.9693,True,0.2844,False,6.4949,2.6323,3.6645,83.2016,8641,False,828.3658,701,2020,True,40.4254
2000-01-01,12.365,True,0.5781,False,7.2545,2.5935,10.5546,81.9554,5264,False,1367.4458,351,1980,True,73.4219
2023-12-31,11.6034,True,0.4065,False,7.0605,2.3124,7.0648,77.7431,8769,False,634.6011,125,2019,True,10.7129
