recent_environmental_violations,commercial_fishing_restrictions,average_tourist_rating_visibility,conservation_funding,is_eco_tourism_area,marine_patrol_interventions_per_month,pollution_index,has_international_cooperation,illegal_fishing_rate,pollution_control_index,research_grants_count,marine_conservation_funding,fishery_compliance_score,is_marine_conservation_zone,reported_marine_pollution_incidents,marine_biodiversity_index,local_gov_environmental_policy_score,protection_status,area_id,marine_fauna_disruptions,marine_conservation_in_schools,fishing_vessels_count,tourist_visits_annual,predatory_fish_lifespan_years,local_community_involvement,fishing_industry_presence,eco_friendly_business_percentile,illegal_fishing_reports,water_temperature_celsius,local_awareness_campaigns,marine_pollution_incidents,environmental_surveillance_count,protected_marine_reserves_count
False,3,1.0,58500,True,0,91,True,5,99.9418,50.0,527,0.1732,True,365,57,5,False,MPA002,42,True,283,0.0,49.9846,3,9,56,378,14.9459,0.0,9,7,15
False,2,1.0,46500,True,55,84,False,11,100.0,50.0,1778,29.9579,False,336,41,5,False,MPA002,74,False,295,0.0,50.0,1,9,53,50,14.218,0.0,65,7,8
False,2,1.0,71000,True,60,81,False,0,86.5854,47.7373,142,0.0,False,296,69,5,False,MPA001,61,False,298,0.0,50.0,1,1,64,283,12.711,0.0,57,6,6
True,1,1.0,60500,True,71,92,True,21,99.831,50.0,1049,0.7177,False,352,46,5,False,MPA003,94,True,300,0.0,49.954,2,9,59,460,13.5606,0.0,4,7,14
False,4,1.0,68000,True,37,86,True,29,88.722,37.6795,1199,1.7106,False,343,64,5,False,MPA002,62,False,300,0.0,50.0,2,9,37,318,8.7439,0.0,53,8,2
False,3,1.0,31000,True,36,87,False,21,68.6541,37.7084,281,0.5103,True,365,28,5,False,MPA004,10,,299,0.0,50.0,4,2,47,384,11.3979,0.0,87,6,2
True,2,1.0,72500,True,29,85,,8,99.4694,50.0,601,0.0,False,270,60,5,False,MPA003,88,False,300,0.0,49.9386,3,9,44,500,13.9182,0.0,7,7,12
,3,1.0,58500,True,66,86,True,8,100.0,50.0,1136,35.2183,True,424,52,5,True,,39,False,292,0.0,50.0,4,9,73,61,14.8565,0.0,90,7,13
True,3,1.0,81000,True,35,89,False,48,69.1701,38.2967,293,0.0,,276,68,5,True,MPA002,46,,279,0.0,49.9661,1,7,31,117,13.9076,0.0,34,6,2
False,4,1.0,32500,True,94,77,False,6,77.2274,33.6293,718,33.0554,False,392,29,5,True,MPA001,61,False,268,0.0,50.0,2,9,56,152,12.3796,0.0,73,7,0
True,3,1.0,102000,True,78,81,False,33,90.1101,50.0,489,0.0,True,400,87,5,False,MPA004,4,True,292,0.0,49.9786,3,9,25,323,9.364,0.0,0,8,7
True,3,1.0,57500,True,63,81,False,21,87.943,47.6795,305,4.8743,False,389,43,5,True,MPA004,50,True,300,0.0,50.0,1,10,42,181,10.8409,0.0,13,7,6
False,3,1.0,14000,True,100,81,True,39,99.9083,50.0,860,0.0,True,404,10,5,False,MPA001,4,True,300,0.0,49.9331,4,9,37,305,10.2084,0.0,57,8,18
True,1,1.0,42500,True,61,84,True,6,99.8373,50.0,1443,0.0,True,360,28,5,True,MPA003,25,True,291,0.0,50.0,3,9,50,187,9.2605,0.0,87,7,7
False,2,1.0,100000,True,54,85,True,14,99.9954,42.6795,452,18.4986,True,391,97,5,False,MPA001,8,False,300,0.0,50.0,1,9,41,90,10.2154,0.0,39,6,4
False,3,1.0,70000,True,11,82,False,46,60.8218,33.6905,725,0.5376,False,345,66,5,True,MPA001,26,True,266,0.0,49.9175,4,9,54,242,9.6125,0.0,56,6,0
False,4,1.0,80500,True,58,82,False,35,97.2353,50.0,1658,14.605,False,297,74,5,False,MPA003,66,False,274,0.0,50.0,1,10,65,113,8.7261,0.0,44,7,10
,1,1.0,91000,True,65,87,False,23,90.1313,50.0,999,0.3356,True,369,88,5,False,MPA004,28,False,292,0.0,50.0,1,10,65,240,12.3408,0.0,32,6,9
True,4,1.0,64000,True,39,82,True,40,100.0,50.0,1534,17.7181,False,363,50,5,False,MPA004,34,True,268,0.0,49.9807,3,10,67,41,8.6621,0.0,9,8,10
False,2,1.0,24000,True,25,79,True,24,99.98,50.0,1692,0.6538,False,267,18,5,True,MPA004,85,True,278,0.0,50.0,5,10,35,232,13.5604,0.0,21,8,13
False,3,1.0,36500,True,70,81,True,32,99.8024,42.9706,1132,6.0942,True,340,33,5,False,MPA002,27,True,290,0.0,50.0,1,10,65,188,14.4014,0.0,48,7,4
False,3,1.0,88000,True,57,79,,24,89.8022,50.0,1716,0.1416,True,380,84,5,True,MPA001,11,False,292,0.0,49.8319,1,9,48,431,9.3743,0.0,97,8,7
False,3,1.0,83500,True,45,85,False,28,90.6755,50.0,1504,1.1593,False,352,79,6,True,MPA002,53,True,300,0.0,50.0,2,9,54,160,13.1171,0.0,13,7,15
False,3,1.0,48500,True,86,90,,23,100.0,50.0,701,0.2313,True,343,45,5,False,MPA004,4,False,286,0.0,50.0,1,10,36,302,6.9449,0.0,8,7,16
,4,1.0,28000,True,65,87,False,8,90.6042,50.0,1443,0.098,True,365,15,5,False,MPA002,27,False,277,0.0,49.9297,3,10,49,409,10.5181,0.0,49,6,7
False,2,1.0,39000,True,5,85,False,0,90.1895,50.0,1038,0.4679,True,394,35,4,False,MPA002,10,False,300,0.0,49.9468,1,9,49,209,9.4571,0.0,7,6,7
True,4,1.0,36500,True,66,78,True,29,99.6496,50.0,1679,36.6081,True,349,22,5,True,MPA003,12,False,289,0.0,50.0,3,9,52,53,9.3128,0.0,14,7,11
False,3,1.0,61000,True,68,74,False,33,90.3356,50.0,786,0.5386,False,353,54,5,False,MPA003,83,True,289,0.0,45.219,1,10,39,451,6.8093,0.0,62,8,14
False,1,1.0,101500,True,72,77,True,21,99.4416,45.1795,1761,0.8461,True,486,98,5,True,MPA004,28,False,300,0.0,49.9651,1,9,45,401,12.1606,0.0,28,7,5
False,2,1.0,66000,True,64,90,True,35,100.0,50.0,894,0.0418,False,434,61,5,True,MPA004,64,False,300,0.0,50.0,3,10,40,412,11.3505,0.0,55,8,12
False,4,1.0,62000,True,79,77,False,38,100.0,50.0,361,19.8541,True,397,58,5,True,MPA001,18,False,291,0.0,50.0,2,7,40,151,13.969,0.0,43,8,7
True,3,1.0,26000,True,31,79,True,38,99.9423,50.0,742,0.0,True,353,14,4,False,MPA002,13,False,290,0.0,49.889,3,9,46,465,9.0784,0.0,53,6,13
True,1,1.0,78500,True,35,86,True,4,99.6164,50.0,377,0.0256,True,277,66,5,True,,50,False,273,0.0,50.0,1,10,28,356,8.0011,0.0,22,7,10
False,3,1.0,43000,True,18,78,False,9,64.0584,35.3536,389,0.0,False,397,37,5,False,MPA003,89,False,294,0.0,49.9535,3,10,71,435,10.6046,0.0,15,8,1
True,1,1.0,103500,True,16,77,False,35,89.7154,50.0,1524,0.0,True,239,88,5,True,MPA001,17,True,298,0.0,50.0,2,10,54,83,11.8545,0.0,26,7,8
True,4,1.0,86500,True,5,80,False,50,90.737,50.0,664,0.5976,False,401,73,5,False,MPA001,59,False,291,0.0,50.0,1,6,57,62,10.4888,0.0,97,7,19
True,3,1.0,50500,True,9,77,True,38,100.0,50.0,1602,1.2101,True,412,37,5,True,MPA003,14,False,300,0.0,50.0,1,10,46,189,11.1834,0.0,56,7,14
,3,1.0,17000,True,28,90,True,32,99.7041,50.0,1111,0.0,False,352,14,5,False,MPA004,43,False,270,0.0,50.0,1,10,38,149,8.1609,0.0,71,6,16
True,2,1.0,107000,True,78,88,False,32,97.3066,50.0,954,15.3505,False,350,92,5,True,MPA003,63,True,300,0.0,50.0,1,10,74,182,7.0378,0.0,73,6,16
True,3,1.0,60500,True,4,89,,4,100.0,50.0,712,0.0,True,357,46,6,True,MPA001,54,False,288,0.0,50.0,2,10,26,121,11.2031,0.0,28,7,9
True,1,1.0,90000,True,56,93,True,11,99.3893,50.0,400,0.0,True,390,75,5,True,,34,False,266,0.0,50.0,3,9,35,479,10.8641,0.0,3,8,8
False,2,1.0,90000,True,58,78,True,13,86.0932,36.0379,305,0.0,False,454,90,5,False,MPA001,90,True,271,0.0,50.0,1,4,23,212,8.6255,0.0,61,8,1
True,2,1.0,70000,True,5,80,True,43,99.8946,50.0,82,0.0,False,311,58,5,False,MPA003,100,True,300,0.0,49.9056,1,8,45,180,12.1104,0.0,10,8,15
True,3,1.0,60500,True,17,91,,23,100.0,50.0,1219,0.0,False,340,47,5,True,MPA001,87,False,299,0.0,50.0,1,9,56,203,10.6403,0.0,97,7,12
True,1,1.0,106000,True,82,76,True,42,100.0,50.0,946,0.0,False,375,91,5,True,MPA001,33,True,300,0.0,50.0,1,9,42,452,10.6141,0.0,49,6,16
False,3,1.0,68500,True,9,84,True,22,99.6148,50.0,1932,0.0,False,351,66,5,True,MPA002,76,True,298,0.0,49.983,3,9,29,272,12.9802,0.0,46,7,12
False,3,1.0,56500,True,73,80,False,0,59.326,32.7373,585,0.4946,True,386,51,6,False,MPA001,28,False,298,0.0,49.9981,1,7,43,355,14.662,0.0,72,7,0
True,3,1.0,79500,True,19,81,False,15,85.2453,47.6795,749,0.0,True,268,68,5,False,MPA001,35,True,300,0.0,50.0,3,9,58,221,10.6431,0.0,27,7,6
True,3,1.0,31500,True,71,79,True,44,100.0,42.6795,1702,16.6743,False,343,17,5,True,MPA002,73,False,300,0.0,50.0,1,10,39,144,12.1539,0.0,14,7,4
,5,1.0,73000,True,83,84,True,7,100.0,50.0,208,0.6146,False,283,58,5,True,MPA002,67,False,263,0.0,49.9497,1,10,36,491,13.285,0.0,8,8,7
True,4,1.0,113500,True,8,89,False,36,89.7674,50.0,1781,0.0,False,355,99,5,True,,75,False,292,0.0,50.0,2,9,54,428,7.8641,0.0,34,7,14
False,3,1.0,36500,True,43,78,False,13,90.1818,50.0,1565,0.0,,353,32,5,True,MPA001,11,False,284,0.0,50.0,2,9,53,473,13.3405,0.0,86,7,12
True,4,1.0,76500,True,40,83,,5,97.6837,35.9471,1274,26.1836,True,305,62,5,True,MPA004,21,True,274,0.0,50.0,3,10,33,17,8.4759,0.0,78,7,1
False,4,1.0,75500,True,24,81,,47,99.3472,50.0,1626,0.8465,False,410,70,5,True,MPA002,59,False,285,0.0,50.0,1,10,34,215,11.2383,0.0,74,7,17
False,4,1.0,76000,True,16,79,False,9,67.6696,37.6795,1760,0.4155,,294,72,5,False,MPA001,35,True,300,0.0,50.0,1,10,13,432,12.2625,0.0,71,8,2
,1,1.0,75500,True,6,80,False,28,90.3404,50.0,1779,1.2668,False,335,73,5,False,MPA003,79,True,300,0.0,49.8972,3,9,51,130,9.9868,0.0,41,7,8
False,4,1.0,95000,True,81,84,False,25,90.4854,50.0,524,0.0,False,416,91,5,True,MPA001,45,False,300,0.0,50.0,1,6,45,488,10.1345,0.0,75,6,16
True,1,1.0,57500,True,75,85,False,5,58.8231,32.6795,1527,1.7386,True,318,44,5,True,MPA003,12,False,300,0.0,50.0,4,9,37,352,9.9397,0.0,68,7,0
True,3,1.0,35000,True,30,79,True,30,100.0,47.6795,820,18.6808,True,354,19,5,False,MPA001,11,False,300,0.0,50.0,1,9,44,20,7.6636,0.0,58,8,6
True,3,1.0,79500,True,81,89,True,31,78.8615,32.8244,886,0.0,False,376,65,5,False,MPA003,81,True,295,0.0,50.0,1,10,48,406,11.7826,0.0,85,7,0
True,4,1.0,28000,True,86,92,False,33,74.035,40.6774,1529,0.0,False,352,14,5,True,,87,,283,0.0,49.9762,4,9,59,311,12.9895,0.0,90,8,3
True,2,1.0,42000,True,11,78,,1,97.0083,42.9706,324,0.0,False,451,29,5,True,MPA003,82,False,290,0.0,50.0,1,5,61,387,14.4011,0.0,59,6,4
False,4,1.0,80500,True,21,87,True,18,93.7197,40.7071,1658,0.0,True,296,76,5,True,MPA003,11,False,282,0.0,49.9747,1,10,65,463,9.0291,0.0,79,9,3
False,2,1.0,28500,True,73,88,True,31,97.54,42.9413,1956,0.5202,True,397,24,5,True,,27,True,291,0.0,50.0,2,10,58,214,12.3273,0.0,68,9,4
False,4,1.0,58000,True,82,92,True,31,100.0,50.0,157,0.3785,False,285,53,5,True,MPA002,89,True,300,0.0,50.0,1,1,48,472,11.5048,0.0,56,8,10
False,3,1.0,58500,True,66,84,True,44,100.0,45.8868,658,0.0,False,342,55,5,True,MPA003,78,False,276,0.0,49.934,1,7,49,215,10.8703,0.0,84,7,5
,4,1.0,44500,True,36,86,True,5,99.5896,50.0,885,7.6082,False,386,38,5,False,MPA001,84,True,290,0.0,49.9393,4,10,37,66,13.3938,0.0,77,7,9
True,1,1.0,97000,True,19,88,True,12,99.7712,47.6795,1945,0.0324,False,303,83,5,True,MPA004,55,False,300,0.0,49.8628,1,9,41,65,7.9532,0.0,91,6,6
False,2,1.0,54000,True,50,86,True,34,99.7662,50.0,333,0.0,False,362,49,5,False,MPA004,46,True,286,0.0,50.0,4,10,35,319,10.631,0.0,1,6,13
,1,1.0,40500,True,26,90,True,36,88.3182,37.9706,1663,1.201,False,368,38,5,False,MPA004,78,False,290,0.0,49.9059,2,9,42,143,12.0248,0.0,57,7,2
False,3,1.0,58000,True,71,71,,50,100.0,50.0,292,40.8153,False,328,55,5,False,MPA004,24,False,266,0.0,50.0,4,10,45,55,15.6747,0.0,17,6,16
True,1,1.0,64000,True,54,89,False,39,93.8265,50.0,327,8.9009,True,372,50,5,False,MPA004,13,True,284,0.0,50.0,1,4,52,139,10.445,0.0,55,8,8
True,2,1.0,53500,True,53,87,False,28,73.575,40.8267,1482,0.0,True,369,41,5,True,MPA004,8,,278,0.0,50.0,1,10,58,232,10.6657,0.0,74,7,3
False,2,1.0,103500,True,44,86,True,22,99.6484,50.0,1460,19.5721,True,393,99,5,True,MPA004,7,True,294,0.0,49.9143,3,10,57,52,12.425,0.0,54,7,20
True,1,1.0,33500,True,21,78,False,10,90.6771,50.0,1701,0.0,True,325,19,5,True,MPA001,7,True,300,0.0,50.0,4,10,49,208,12.9178,0.0,97,7,15
True,1,1.0,104000,True,79,86,True,44,99.4571,50.0,787,3.1768,False,321,92,5,True,,44,,300,0.0,49.7782,3,9,44,223,11.6139,0.0,34,6,19
False,4,1.0,21500,True,99,79,False,19,100.0,40.1795,222,74.5,True,379,17,5,True,MPA001,17,True,300,0.0,50.0,3,10,57,2,11.363,0.0,10,7,3
False,4,1.0,79500,True,34,86,,44,100.0,50.0,1963,0.4007,,319,75,5,True,,14,False,261,0.0,49.8788,3,9,44,194,7.9209,0.0,21,7,7
True,1,1.0,63000,True,69,82,False,17,90.3336,50.0,1797,0.0,,347,48,5,True,MPA004,37,True,270,0.0,49.8512,1,9,63,365,11.9232,0.0,80,8,8
False,2,1.0,16500,True,25,85,False,0,89.5218,50.0,1899,0.582,,354,13,5,False,MPA002,80,False,292,0.0,50.0,1,10,43,90,13.9097,0.0,21,7,16
False,4,1.0,101000,True,50,80,True,22,87.9042,37.6795,743,0.0,True,386,98,5,False,MPA003,6,False,300,0.0,50.0,1,10,48,390,15.2695,0.0,46,6,2
False,3,1.0,86500,True,58,85,False,41,90.0765,50.0,228,0.0457,False,342,84,6,True,MPA004,38,True,261,0.0,49.9112,2,1,23,328,10.4097,0.0,86,7,11
False,3,1.0,90500,True,23,84,True,29,99.0209,50.0,1748,0.0,False,339,85,5,True,MPA002,42,False,283,0.0,50.0,1,10,54,274,14.7356,0.0,91,7,18
True,3,1.0,48500,True,32,94,True,6,100.0,50.0,877,19.6733,True,280,35,5,True,MPA001,37,True,300,0.0,50.0,2,9,47,23,12.7313,0.0,31,7,11
True,4,1.0,111000,True,93,81,True,14,100.0,50.0,547,0.0,,348,97,5,False,,10,False,275,0.0,50.0,2,7,41,398,10.6526,0.0,71,8,18
,1,1.0,76500,True,93,81,False,2,89.9216,50.0,1876,0.0,False,398,62,5,True,MPA003,86,True,257,0.0,50.0,2,9,17,391,10.1665,0.0,52,7,16
True,4,1.0,61500,True,90,90,False,5,90.8686,50.0,295,0.0,True,342,45,5,False,MPA003,27,False,287,0.0,49.9397,1,4,60,306,9.957,0.0,65,9,18
False,2,1.0,53500,True,30,90,True,45,99.2056,50.0,788,0.0,,431,48,5,True,MPA004,26,False,291,0.0,50.0,1,9,56,179,10.875,0.0,23,7,17
True,2,1.0,70000,True,46,85,True,18,100.0,40.6774,410,33.3195,False,344,54,5,True,MPA004,92,True,283,0.0,50.0,2,4,27,0,8.8631,0.0,94,8,3
False,2,1.0,20000,True,9,79,True,27,100.0,50.0,1908,0.0,False,226,14,4,True,,66,True,290,0.0,50.0,1,10,49,474,11.093,0.0,93,8,7
,3,1.0,61500,True,82,82,False,23,89.4546,50.0,1032,0.0,,404,47,5,True,MPA002,17,False,292,0.0,49.9426,2,10,66,372,11.444,0.0,78,7,15
,3,1.0,23000,True,30,97,True,24,99.7015,50.0,343,0.2465,False,246,17,5,True,MPA001,42,True,253,0.0,49.981,1,4,49,338,10.5794,0.0,78,8,12
False,3,1.0,90500,True,69,85,True,3,88.6726,38.1774,1279,0.2687,True,282,86,5,True,MPA001,32,True,283,0.0,49.9117,2,10,46,407,12.3468,0.0,90,7,2
,2,1.0,83500,True,37,84,True,20,99.7282,48.5683,606,28.4518,True,324,79,5,True,MPA003,24,False,270,0.0,50.0,2,7,46,0,10.2993,0.0,80,7,6
False,3,1.0,64500,True,53,88,True,43,100.0,50.0,549,1.3586,True,384,61,4,True,MPA002,3,False,300,0.0,50.0,2,10,68,279,11.6662,0.0,5,7,7
False,1,1.0,92000,True,38,83,False,4,64.338,35.5,646,0.0,True,400,87,5,True,MPA004,8,False,289,0.0,50.0,4,9,51,125,13.5949,0.0,0,8,1
True,3,1.0,76500,True,18,82,False,5,91.9306,48.6599,1514,10.0182,True,326,64,5,False,MPA001,11,True,267,0.0,49.8624,3,10,47,19,12.7477,0.0,87,7,6
,3,1.0,99500,True,37,74,False,24,90.6898,50.0,1466,0.4072,False,389,95,5,True,,54,True,274,0.0,49.8291,2,10,43,475,10.013,0.0,59,7,14
False,2,1.0,87000,True,12,86,False,0,90.1282,50.0,526,0.0,True,370,82,5,False,MPA001,23,False,281,0.0,49.9759,1,10,41,265,7.3185,0.0,33,6,14
False,2,1.0,91000,True,71,85,False,26,99.6772,50.0,1567,38.7754,True,327,89,5,True,MPA004,30,True,300,0.0,50.0,2,9,46,57,12.8124,0.0,13,6,14
True,1,1.0,35000,True,3,86,False,22,89.8156,50.0,1802,0.0727,False,338,23,5,False,MPA001,79,True,289,0.0,50.0,1,10,52,190,7.6399,0.0,46,8,18
True,4,1.0,102000,True,0,84,True,23,100.0,50.0,1636,0.0703,True,378,88,5,True,,12,,277,0.0,49.9575,1,10,46,377,14.1553,0.0,26,6,7
True,1,1.0,105000,True,86,81,False,10,100.0,50.0,1811,24.3194,True,324,94,5,False,MPA003,20,,291,0.0,50.0,1,10,72,160,13.1944,0.0,56,6,7
False,3,1.0,25500,True,65,88,True,40,79.7387,33.0589,991,0.1074,False,358,21,5,True,MPA003,22,False,287,0.0,49.8974,1,9,65,218,14.9084,0.0,78,7,0
True,1,1.0,109000,True,33,73,True,32,99.9669,40.3828,1102,22.9102,,317,95,5,False,MPA004,97,True,293,0.0,49.9867,2,9,72,5,7.3874,0.0,24,8,3
False,4,1.0,70000,True,2,85,True,22,99.3721,50.0,1958,0.0,False,435,65,4,True,MPA002,83,True,292,0.0,49.7793,3,10,42,112,7.3477,0.0,82,6,15
False,2,1.0,80500,True,27,86,True,29,100.0,50.0,1665,1.0829,False,318,79,5,True,,50,True,300,0.0,50.0,2,10,25,136,9.3767,0.0,65,5,18
False,3,1.0,33000,True,37,85,False,39,93.7639,50.0,1440,6.6427,False,350,27,4,True,MPA002,47,True,300,0.0,50.0,3,10,34,92,12.3568,0.0,4,8,16
True,3,1.0,82000,True,86,87,False,5,99.8859,50.0,1068,59.7403,True,296,71,5,True,MPA003,54,True,270,0.0,49.9471,3,9,37,17,10.7894,0.0,10,6,10
True,1,1.0,105500,True,67,81,True,25,99.6648,40.7369,1618,29.2157,False,369,90,5,True,MPA004,84,True,281,0.0,50.0,3,9,48,89,10.1125,0.0,51,7,3
True,4,1.0,94500,True,14,78,True,12,88.6897,38.3567,1265,0.2442,True,397,82,5,True,MPA003,7,False,277,0.0,49.9369,1,10,20,62,9.9665,0.0,22,7,2
True,2,1.0,91000,True,100,88,True,42,100.0,50.0,442,34.0425,False,347,76,5,False,,39,False,297,0.0,50.0,3,10,63,161,9.605,0.0,5,6,10
True,1,1.0,84000,True,74,86,True,40,99.7082,50.0,1383,0.3784,True,347,69,5,False,MPA001,3,,300,0.0,50.0,3,9,46,315,8.541,0.0,59,8,9
True,2,1.0,68500,True,15,85,False,30,87.0461,48.4169,1104,1.3817,True,355,54,5,True,MPA002,28,False,275,0.0,49.8924,2,9,26,328,11.0305,0.0,1,7,6
False,4,1.0,84500,True,80,80,False,26,95.7434,40.1795,1609,48.578,False,384,83,5,False,MPA003,70,True,300,0.0,50.0,1,10,30,46,14.2148,0.0,14,7,3
True,4,1.0,41000,True,58,84,True,28,99.5836,45.4706,1788,28.9117,False,365,28,5,False,MPA003,35,,290,0.0,49.947,1,10,58,58,8.1772,0.0,54,8,5
False,1,1.0,87000,True,66,89,False,35,89.7398,50.0,1432,0.0,False,396,81,5,False,MPA003,47,True,279,0.0,49.9777,2,9,46,321,11.731,0.0,23,6,17
False,4,1.0,58500,True,92,82,True,9,100.0,50.0,235,52.8821,True,370,54,5,False,MPA004,10,False,289,0.0,50.0,4,7,53,63,12.54,0.0,27,7,9
True,1,1.0,101000,True,89,79,False,16,90.126,50.0,453,1.3977,False,288,91,5,False,MPA001,63,,300,0.0,49.9423,1,3,28,265,13.9168,0.0,94,6,9
True,4,1.0,84000,True,0,85,True,39,100.0,50.0,1286,0.8745,False,385,69,5,False,MPA003,23,False,291,0.0,37.3423,1,10,58,454,6.1905,0.0,66,8,15
False,1,1.0,38500,True,93,83,True,26,99.1295,50.0,1152,0.0,False,366,35,5,True,MPA002,54,True,284,0.0,50.0,1,10,37,412,13.1381,0.0,11,7,11
True,4,1.0,53000,True,63,92,True,30,100.0,50.0,1717,10.7978,False,340,40,5,True,MPA001,31,True,296,0.0,50.0,2,9,40,148,13.4151,0.0,11,6,11
True,3,1.0,44500,True,32,86,True,19,100.0,50.0,1793,0.4846,False,322,28,5,True,MPA004,69,False,295,0.0,50.0,3,10,36,395,10.8743,0.0,30,7,12
False,1,1.0,19500,True,25,84,,11,89.7771,50.0,287,0.9431,False,305,15,5,False,MPA004,51,True,300,0.0,50.0,4,5,11,408,10.3857,0.0,50,7,16
False,2,1.0,70500,True,29,81,False,40,90.2225,50.0,886,0.6755,,315,66,5,True,MPA002,77,True,282,0.0,49.9577,2,9,36,310,11.5123,0.0,61,7,11
False,2,1.0,46000,True,60,84,False,3,100.0,50.0,381,18.4006,True,396,44,4,False,,53,True,300,0.0,50.0,1,5,62,120,11.4052,0.0,70,6,17
False,3,1.0,83000,True,47,82,False,19,82.0259,45.1795,382,1.3223,,318,77,5,False,MPA001,77,True,300,0.0,50.0,3,3,32,132,11.3325,0.0,88,8,5
False,3,1.0,98500,True,13,82,True,3,95.9912,40.9773,612,5.3225,True,391,95,5,False,MPA001,35,True,273,0.0,49.9837,3,10,39,15,11.3649,0.0,11,7,3
False,2,1.0,35500,True,60,82,True,23,100.0,50.0,751,0.3029,False,376,33,5,False,,44,True,300,0.0,49.9634,1,9,56,286,14.8138,0.0,55,7,13
False,1,1.0,101000,True,18,85,True,21,83.5312,35.3536,1158,0.0,False,364,96,4,True,MPA001,88,True,294,0.0,49.8656,3,10,39,377,8.5706,0.0,6,8,1
False,1,1.0,32500,True,58,86,False,19,86.1905,47.6795,1491,0.1544,False,329,31,5,False,MPA003,65,True,300,0.0,50.0,2,9,30,263,9.2291,0.0,85,7,6
True,4,1.0,59000,True,78,81,,20,90.1974,50.0,1983,0.7332,False,339,43,5,False,MPA003,44,,280,0.0,50.0,1,9,41,261,11.1461,0.0,4,8,18
True,2,1.0,93500,True,31,82,False,46,78.4915,43.3267,1525,0.0,False,283,79,5,False,MPA001,18,True,278,0.0,50.0,4,10,55,400,12.0429,0.0,60,9,4
False,2,1.0,80000,True,41,78,,20,77.8624,42.8244,1224,0.8251,True,383,78,5,False,MPA001,23,True,295,0.0,49.9695,1,9,18,366,9.6243,0.0,28,6,4
True,5,1.0,74500,True,94,71,False,26,89.5901,50.0,772,0.0,True,382,61,5,False,MPA002,32,,300,0.0,49.8746,1,10,64,462,10.7409,0.0,51,7,13
True,2,1.0,41500,True,66,85,True,10,100.0,50.0,1279,7.9319,True,381,27,5,True,MPA003,17,False,294,0.0,49.947,3,10,27,167,12.4992,0.0,3,7,10
,4,1.0,79000,True,77,83,False,17,100.0,50.0,791,57.4205,True,390,74,5,False,MPA002,1,True,287,0.0,50.0,2,10,22,6,10.247,0.0,58,8,13
False,4,1.0,55500,True,26,92,False,39,97.1233,50.0,1342,14.4961,False,344,50,5,False,,82,False,293,0.0,50.0,3,10,52,16,10.7337,0.0,67,9,18
False,1,1.0,18500,True,64,83,True,32,100.0,50.0,387,0.0,False,268,14,5,True,,49,True,300,0.0,49.8664,1,4,71,346,10.3228,0.0,77,5,13
False,3,1.0,56000,True,58,85,True,10,85.4129,36.0076,50,0.579,,305,52,5,False,,56,True,272,,50.0,3,0,52,322,10.0542,0.0,63,6,1
False,2,1.0,81500,True,50,85,False,39,95.1907,50.0,914,10.6293,,355,79,5,False,MPA002,62,False,300,0.0,50.0,1,10,45,109,11.2701,0.0,82,7,18
True,5,1.0,53000,True,0,94,True,4,99.0012,50.0,1421,0.0,True,419,41,5,False,MPA001,20,True,259,0.0,49.9482,2,10,59,120,13.836,0.0,91,6,18
True,3,1.0,33000,True,11,79,True,16,100.0,50.0,1572,0.4461,False,329,18,5,True,MPA004,94,False,280,0.0,49.9495,1,9,54,50,13.0338,0.0,83,6,10
True,4,1.0,108000,True,32,88,True,46,99.9607,38.0589,595,20.8114,False,325,95,5,False,MPA004,67,True,287,0.0,49.8738,1,9,43,13,14.3304,0.0,9,6,2
True,4,1.0,101000,True,25,86,False,6,89.6329,50.0,1096,0.6524,False,305,87,5,False,MPA004,80,True,289,0.0,49.9817,2,9,45,75,13.9744,0.0,86,8,17
False,2,1.0,13500,True,47,84,False,25,62.3977,34.4115,451,0.0,False,463,10,5,False,MPA003,86,False,243,0.0,50.0,3,10,57,389,13.0551,0.0,26,7,0
True,2,1.0,100500,True,2,80,False,7,90.4898,50.0,1221,0.0,False,412,84,6,True,MPA002,67,False,300,0.0,50.0,4,10,51,193,13.7288,0.0,73,9,11
True,1,1.0,30000,True,67,80,False,27,64.2623,35.4413,619,0.0,False,330,15,5,False,,98,True,291,0.0,49.996,1,7,46,247,10.2345,0.0,79,6,1
True,3,1.0,77500,True,64,85,True,41,99.9671,49.0313,657,10.3972,False,355,65,5,True,MPA001,91,True,255,0.0,50.0,2,9,45,156,12.8446,0.0,69,7,6
True,1,1.0,107000,True,17,88,True,28,99.547,50.0,778,0.0,,328,92,5,True,MPA004,20,True,283,0.0,50.0,2,10,34,266,15.2509,0.0,17,8,10
,3,1.0,91500,True,84,84,False,7,80.5774,35.7071,575,32.416,False,372,77,5,True,MPA002,78,,282,0.0,49.9193,1,10,39,117,15.7694,0.0,23,7,1
False,3,1.0,56500,True,15,74,True,10,100.0,50.0,174,0.0791,True,361,53,5,False,MPA001,26,False,287,0.0,50.0,1,6,59,52,8.1748,0.0,26,7,11
True,1,1.0,109000,True,4,88,False,44,89.819,50.0,50,0.0,False,323,95,5,False,MPA001,53,False,280,,50.0,1,0,42,99,11.2085,0.0,74,6,16
True,2,1.0,89500,True,35,80,,1,99.6098,50.0,1239,13.0054,True,332,75,5,False,MPA003,37,False,289,0.0,50.0,3,10,41,60,8.9301,0.0,26,7,16
False,4,1.0,49500,True,6,79,True,34,100.0,45.3536,1303,0.3982,False,274,47,5,False,MPA002,60,True,294,0.0,49.8747,2,10,60,66,10.3566,0.0,1,7,5
True,4,1.0,112000,True,91,79,,14,100.0,50.0,728,10.9746,False,291,97,5,False,MPA002,56,True,287,0.0,50.0,3,9,45,248,9.2845,0.0,34,6,20
False,1,1.0,96500,True,90,90,False,40,100.0,40.2084,1887,60.0542,True,271,90,5,False,MPA002,16,True,299,0.0,50.0,1,9,46,34,13.2331,0.0,48,7,3
True,1,1.0,66500,True,27,86,True,9,92.4175,40.1795,271,0.0,True,379,54,5,False,MPA001,29,,300,0.0,49.9862,1,4,39,332,12.7911,0.0,67,7,3
,3,1.0,101500,True,65,83,False,43,72.1782,32.6795,1691,25.1001,False,384,88,4,False,MPA001,39,True,300,0.0,50.0,1,9,31,98,12.0742,0.0,19,7,0
,1,1.0,93500,True,71,85,False,26,93.946,50.0,670,7.7652,,419,91,5,True,MPA003,81,True,264,0.0,49.9337,2,10,34,180,11.5682,0.0,54,7,20
True,1,1.0,49500,True,30,88,False,38,63.7693,35.4413,1298,0.0568,True,318,36,5,False,MPA003,0,True,291,0.0,43.3989,4,10,52,312,6.5964,0.0,23,7,1
True,2,1.0,69000,True,21,78,False,20,74.2948,40.9773,746,0.0,True,373,56,5,True,MPA002,6,True,273,0.0,50.0,3,9,48,261,12.5686,0.0,2,6,3
False,2,1.0,50000,True,44,87,False,5,89.6149,50.0,1547,0.0,True,350,46,5,False,MPA003,41,True,287,0.0,49.8938,1,10,38,308,7.769,0.0,86,8,11
,2,1.0,95000,True,55,86,True,26,100.0,50.0,1819,0.0,False,281,91,5,True,MPA001,91,False,273,0.0,49.9928,1,10,50,406,9.9939,0.0,91,6,7
,3,1.0,51000,True,42,80,False,17,77.0583,41.0076,1007,4.4453,True,380,37,5,False,MPA002,27,False,272,0.0,50.0,3,10,37,107,10.9509,0.0,11,8,3
True,3,1.0,60500,True,98,81,True,12,83.4018,35.1795,629,0.8649,True,411,46,5,True,MPA001,47,,300,0.0,50.0,4,9,44,299,10.9651,0.0,62,5,1
False,1,1.0,79000,True,74,90,False,19,100.0,50.0,787,30.5929,True,379,75,5,False,MPA002,14,False,300,0.0,50.0,3,9,38,102,8.6658,0.0,60,8,15
,3,1.0,35000,True,80,81,True,10,100.0,50.0,697,29.553,False,398,18,5,True,MPA001,92,False,290,0.0,50.0,2,10,60,119,12.3212,0.0,35,8,8
True,1,1.0,62500,True,96,85,True,18,100.0,50.0,989,41.5332,True,349,50,5,False,MPA003,11,True,295,0.0,49.934,2,9,46,121,10.3089,0.0,65,7,13
,2,1.0,24500,True,32,85,False,50,89.2519,50.0,1586,0.2874,,352,22,5,False,MPA001,61,False,279,0.0,50.0,1,9,49,293,12.9686,0.0,24,7,13
False,3,1.0,62000,True,80,85,True,48,100.0,50.0,818,0.0,False,355,59,5,True,MPA003,94,True,289,0.0,49.9517,1,10,56,423,9.2975,0.0,28,8,16
,4,1.0,26500,True,72,77,True,44,99.9884,50.0,1003,0.9957,False,273,21,5,True,MPA001,95,False,290,0.0,50.0,4,10,42,335,12.2474,0.0,56,7,16
True,4,1.0,101000,True,50,82,True,22,100.0,50.0,1653,13.6564,False,333,88,5,False,MPA004,39,,276,0.0,49.9059,1,10,57,100,14.1484,0.0,80,6,13
True,4,1.0,75500,True,93,88,,21,99.1457,50.0,1171,41.142,False,397,61,5,True,MPA003,49,False,265,0.0,49.8446,2,10,37,120,9.5319,0.0,31,7,12
,4,1.0,62000,True,9,77,False,20,89.3167,50.0,831,0.6297,False,349,47,5,True,MPA004,44,False,283,0.0,49.9932,2,10,51,301,8.5561,0.0,69,6,18
,2,1.0,71000,True,21,90,True,15,100.0,50.0,1007,0.7243,False,346,66,5,False,MPA002,89,True,300,0.0,50.0,3,9,37,455,10.9692,0.0,38,8,15
False,2,1.0,103500,True,19,82,False,37,90.1881,50.0,391,0.8404,True,410,100,5,True,MPA004,20,False,299,0.0,49.9747,1,5,49,332,10.8298,0.0,66,7,16
,2,1.0,57000,True,41,85,False,7,99.9296,50.0,148,24.8506,True,384,42,5,True,MPA001,36,True,300,0.0,50.0,1,1,56,24,10.82,0.0,67,8,14
True,3,1.0,91500,True,13,86,False,21,90.2462,50.0,1326,1.0602,True,303,76,5,True,MPA001,15,,286,0.0,50.0,1,10,22,286,13.689,0.0,47,7,13
False,2,1.0,57000,True,52,85,False,30,93.6675,50.0,1601,7.9698,False,407,52,4,True,MPA001,43,False,288,0.0,49.9643,4,9,49,125,12.4169,0.0,78,8,19
False,1,1.0,35500,True,54,83,False,34,89.489,50.0,1548,0.079,False,381,32,5,True,,57,False,278,0.0,49.9994,1,10,34,266,11.2675,0.0,83,7,18
False,5,1.0,13500,True,47,86,True,23,99.416,50.0,371,0.0,False,318,10,5,False,MPA004,81,False,299,0.0,50.0,1,9,60,390,9.6917,0.0,38,5,17
False,1,1.0,13000,True,69,84,False,27,89.4761,50.0,615,0.0,False,428,10,5,True,MPA003,89,True,286,0.0,49.9382,3,9,62,231,12.5361,0.0,30,6,12
False,3,1.0,61000,True,68,86,False,22,63.9366,35.5294,1619,0.0,False,365,54,5,True,MPA003,80,True,288,0.0,50.0,1,9,47,430,11.6099,0.0,2,6,1
True,1,1.0,104500,True,37,84,True,32,100.0,50.0,611,0.0,False,407,91,5,True,MPA002,38,False,300,0.0,49.9392,2,5,49,401,8.9011,0.0,90,7,11
True,4,1.0,61500,True,1,82,True,4,97.3322,42.8244,1123,0.8442,False,309,49,5,True,MPA004,82,,295,0.0,50.0,1,9,43,382,10.8086,0.0,58,7,4
False,4,1.0,102000,True,53,80,False,39,78.1013,43.4773,912,0.0,False,324,97,5,False,MPA001,66,False,273,0.0,50.0,1,9,32,227,9.381,0.0,85,8,4
True,5,1.0,24500,True,97,88,False,32,91.6712,50.0,175,3.5361,True,369,10,5,False,MPA001,23,True,300,0.0,50.0,2,0,51,281,10.0424,0.0,100,7,14
True,4,1.0,55500,True,70,86,True,23,88.1179,38.2071,63,0.492,False,264,42,5,False,,69,False,282,0.0,49.9645,1,2,61,364,13.9452,0.0,31,7,2
True,3,1.0,88000,True,43,79,True,46,100.0,50.0,679,1.3001,False,359,72,5,True,MPA003,23,False,296,0.0,49.9366,2,10,36,385,8.2034,0.0,43,8,17
True,4,1.0,44000,True,73,86,,17,90.2999,50.0,1332,0.0,True,288,30,4,True,MPA001,32,False,297,0.0,50.0,2,9,40,349,10.4264,0.0,17,8,10
True,4,1.0,45500,True,68,71,True,44,100.0,47.6795,180,0.0,,373,32,5,True,MPA003,67,True,300,0.0,49.9541,1,2,37,236,9.1854,0.0,64,5,6
False,2,1.0,83000,True,53,81,False,7,86.8401,48.1774,1907,0.1967,False,363,78,5,True,MPA004,78,True,283,0.0,50.0,1,10,62,444,10.2276,0.0,82,8,6
True,2,1.0,108000,True,66,85,False,8,72.5021,35.1795,274,20.9516,True,339,92,6,True,MPA002,33,False,300,0.0,49.9545,1,3,37,119,10.0067,0.0,84,8,1
True,4,1.0,94000,True,39,84,,40,100.0,50.0,50,23.5281,False,383,82,5,True,MPA003,82,False,297,,49.8921,3,0,45,24,11.3904,0.0,63,8,15
False,2,1.0,36500,True,21,79,False,35,89.1438,50.0,478,0.5244,False,450,33,5,True,MPA004,62,True,291,0.0,49.9932,3,4,45,375,10.3872,0.0,93,7,18
,3,1.0,64500,True,72,89,True,37,100.0,50.0,772,9.8201,False,362,62,5,True,MPA003,48,False,300,0.0,50.0,3,10,37,177,9.5134,0.0,55,7,13
False,4,1.0,30000,True,35,85,False,11,81.8516,45.4413,202,0.5769,True,361,25,5,True,MPA001,42,False,291,0.0,49.8649,4,2,43,404,10.8634,0.0,94,6,5
,1,1.0,36000,True,3,84,True,8,88.8176,38.4471,1190,0.0,False,353,24,5,True,MPA001,95,True,274,0.0,50.0,1,9,52,276,10.7484,0.0,28,6,2
True,3,1.0,36500,True,67,92,True,39,89.173,38.6599,1611,0.5706,,383,24,5,True,MPA002,77,False,267,0.0,49.8338,1,9,38,325,12.3774,0.0,19,7,2
False,2,1.0,87000,True,50,86,False,0,89.5283,50.0,1476,0.4811,True,337,81,5,True,MPA004,26,True,276,0.0,49.9773,2,10,61,277,10.7418,0.0,79,8,10
False,1,1.0,65500,True,2,86,False,16,90.1662,50.0,893,0.0,False,376,63,5,False,MPA003,45,True,292,0.0,50.0,1,10,50,209,13.0266,0.0,38,5,11
True,2,1.0,113000,True,79,83,,49,95.1776,48.3567,219,19.3247,False,275,98,5,True,MPA002,34,True,277,0.0,49.6937,2,1,39,163,12.2149,0.0,89,6,6
True,3,1.0,91000,True,69,82,True,30,91.6023,35.412,99,15.6643,False,349,75,5,True,MPA003,42,True,292,0.0,50.0,2,0,32,146,9.7991,0.0,89,8,1
False,1,1.0,51500,True,82,86,False,13,95.699,35.2663,115,65.9905,False,262,48,6,True,MPA001,88,False,297,0.0,49.9878,1,0,49,0,10.9772,0.0,59,7,1
False,4,1.0,43500,True,70,89,True,21,100.0,50.0,1896,3.5024,False,303,38,5,True,MPA001,73,True,292,0.0,50.0,3,9,51,196,12.6754,0.0,9,7,17
True,2,1.0,60000,True,40,93,True,42,99.2368,50.0,887,0.0,False,272,43,5,False,MPA002,71,True,280,0.0,49.9371,1,8,30,309,10.9898,0.0,89,8,18
True,1,1.0,68500,True,43,90,False,48,89.4527,50.0,184,0.8839,True,295,55,5,False,MPA002,10,,300,0.0,50.0,3,5,35,278,14.0606,0.0,33,7,16
,2,1.0,85500,True,44,73,True,38,99.1411,43.9376,1225,0.0,False,290,82,5,False,MPA001,51,True,258,0.0,49.9096,1,9,69,155,13.0365,0.0,30,7,4
True,2,1.0,63500,True,77,80,False,33,89.8422,50.0,570,0.0741,False,380,48,5,True,MPA004,54,False,273,0.0,49.9044,1,7,30,296,12.3785,0.0,80,7,16
False,4,1.0,55500,True,28,87,True,20,79.265,33.0885,903,0.0,False,321,51,5,True,MPA002,52,True,286,0.0,50.0,1,10,36,281,11.5813,0.0,36,7,0
True,3,1.0,44500,True,100,84,True,47,100.0,50.0,1504,44.1018,False,248,32,5,False,MPA004,15,False,300,0.0,49.9213,1,9,51,117,9.357,0.0,25,7,15
False,3,1.0,58000,True,28,82,True,8,100.0,45.1795,1586,0.0,True,344,54,6,True,MPA002,13,True,300,0.0,50.0,1,10,43,154,15.2602,0.0,71,6,5
True,5,1.0,25500,True,74,81,True,48,100.0,50.0,1136,8.4043,True,387,13,5,False,MPA003,6,False,300,0.0,49.8766,1,9,41,172,9.9184,0.0,12,7,14
False,3,1.0,45500,True,79,81,False,0,99.6225,50.0,1554,33.5638,False,299,42,5,True,MPA004,71,True,298,0.0,50.0,2,9,43,106,13.2324,0.0,47,7,14
True,3,1.0,101500,True,30,84,False,18,75.5131,38.1774,831,13.9231,True,359,86,5,True,MPA002,6,True,283,0.0,49.9898,2,10,42,35,10.337,0.0,24,7,2
False,1,1.0,85000,True,64,77,False,5,99.2817,50.0,1498,41.0435,True,370,82,5,True,MPA004,6,,277,0.0,49.9154,1,10,31,21,9.6198,0.0,90,6,12
False,2,1.0,18000,True,95,83,False,23,74.7982,40.7369,1613,1.866,False,404,15,5,False,MPA002,87,False,281,0.0,50.0,2,10,31,274,14.3777,0.0,43,6,3
False,3,1.0,72000,True,16,77,False,47,87.8283,45.1795,1310,13.9145,False,387,68,5,True,MPA002,46,False,300,0.0,49.8205,2,9,43,0,12.3059,0.0,60,8,5
False,1,1.0,15000,True,29,87,True,20,98.9987,50.0,1618,0.0,False,329,11,5,True,MPA002,84,False,287,0.0,49.8642,2,9,48,172,11.4731,0.0,92,6,11
False,2,1.0,92000,True,28,88,False,23,90.0552,50.0,555,0.0,False,312,88,5,True,MPA003,71,False,274,0.0,49.965,1,9,45,160,7.4199,0.0,43,6,7
True,3,1.0,57500,True,36,80,,18,99.6375,50.0,1335,20.3019,True,310,43,5,False,MPA004,12,False,270,0.0,50.0,5,9,18,31,14.9519,0.0,79,7,16
,3,1.0,110500,True,73,81,False,13,90.2858,50.0,501,0.0339,True,297,94,5,False,MPA002,33,False,300,0.0,50.0,2,10,39,249,13.5065,0.0,21,7,14
False,2,1.0,102000,True,95,81,True,11,99.3475,50.0,1447,0.0,True,338,99,5,False,,0,True,297,0.0,50.0,3,10,55,472,9.9317,0.0,5,6,11
True,4,1.0,58000,True,8,88,False,8,73.4103,40.412,558,0.0,True,370,43,5,True,MPA001,50,,292,0.0,50.0,1,9,52,268,11.384,0.0,59,8,3
True,2,1.0,54500,True,59,88,True,18,100.0,50.0,1774,0.2258,False,291,42,5,False,MPA001,75,True,291,0.0,49.9256,3,10,13,220,12.995,0.0,92,7,17
False,4,1.0,35000,True,52,82,False,25,68.9892,33.4471,153,17.9786,True,400,31,5,False,MPA002,21,False,274,0.0,50.0,1,1,35,93,10.8298,0.0,85,8,0
False,2,1.0,88500,True,5,77,False,45,89.2615,50.0,1739,1.3748,,427,83,5,True,MPA003,61,,287,0.0,50.0,3,10,21,41,14.2096,0.0,43,7,15
True,1,1.0,37500,True,75,85,True,23,78.6591,32.6795,409,0.0,False,331,22,5,False,MPA003,87,True,300,0.0,49.8747,1,6,63,251,11.4413,0.0,54,7,0
True,2,1.0,41000,True,53,81,False,9,89.6245,50.0,964,0.888,True,405,27,5,True,MPA002,8,False,293,0.0,49.9904,3,9,49,287,12.6315,0.0,10,8,16
False,1,1.0,25000,True,7,83,False,45,89.6397,50.0,301,0.4773,False,348,20,5,False,MPA003,95,True,293,0.0,50.0,3,3,26,130,11.8812,0.0,94,8,15
True,1,1.0,59500,True,49,86,,18,97.2447,42.8244,350,0.1854,True,382,45,5,False,MPA001,16,,295,0.0,50.0,1,4,31,182,12.1635,0.0,67,7,4
True,4,1.0,59000,True,51,81,True,20,98.9106,43.5379,730,17.1283,False,340,45,5,True,MPA002,98,True,271,0.0,50.0,2,10,44,88,8.8445,0.0,71,8,4
True,1,1.0,108000,True,24,87,True,37,99.4094,50.0,1863,0.0426,False,401,94,5,False,MPA001,55,True,286,0.0,50.0,2,10,51,346,14.1641,0.0,24,8,10
,3,1.0,62500,True,0,84,True,28,99.8876,50.0,722,0.3189,False,326,58,5,True,MPA001,85,True,280,0.0,50.0,3,8,57,198,16.2366,0.0,90,7,17
True,4,1.0,96500,True,100,83,False,36,68.0978,37.9706,1900,1.2398,False,343,84,5,True,MPA002,62,True,290,0.0,49.8738,2,10,18,295,10.8158,0.0,60,7,2
True,2,1.0,78000,True,75,76,False,18,90.7242,50.0,754,0.5441,False,393,65,5,True,MPA004,57,False,300,0.0,50.0,1,10,28,339,9.2469,0.0,43,6,18
True,2,1.0,56000,True,34,91,False,24,81.647,45.4706,196,0.2392,False,371,42,5,False,MPA004,45,False,290,0.0,49.8841,1,3,50,253,9.5015,0.0,43,6,5
True,4,1.0,45500,True,55,89,False,7,86.6936,47.6795,1344,0.4224,True,365,31,5,True,,27,True,300,0.0,50.0,2,10,44,344,10.4471,0.0,64,7,6
False,1,1.0,64000,True,45,88,True,36,88.4544,38.0885,608,0.5859,False,281,60,5,True,MPA004,86,False,286,0.0,49.8472,3,10,51,382,12.7552,0.0,52,6,2
False,1,1.0,81000,True,7,87,True,6,91.7285,40.1795,522,0.0822,False,342,77,5,False,MPA002,89,False,300,0.0,50.0,2,5,46,287,11.2532,0.0,79,6,3
False,3,1.0,90000,True,50,85,False,49,90.2713,50.0,1318,0.0,False,326,86,5,False,MPA001,84,True,300,0.0,49.9463,1,10,41,302,9.6509,0.0,32,8,18
False,4,1.0,74000,True,72,84,False,37,89.4946,50.0,1456,0.5324,False,326,68,5,True,MPA002,28,False,300,0.0,49.9657,2,9,25,325,11.1014,0.0,29,8,19
False,5,1.0,63000,True,46,84,,19,99.0526,50.0,517,0.0367,False,320,60,5,False,MPA004,70,True,263,0.0,50.0,1,10,51,283,11.5585,0.0,42,6,14
False,2,1.0,58000,True,12,80,False,25,79.4452,43.8445,246,0.4417,True,418,56,5,False,MPA003,7,True,261,0.0,49.8897,1,8,63,362,9.7564,0.0,28,6,4
,1,1.0,32500,True,97,79,False,14,89.9264,50.0,671,0.0,False,300,27,5,True,MPA003,62,False,293,0.0,50.0,1,9,20,391,9.4835,0.0,64,7,15
False,2,1.0,91000,True,32,87,True,30,99.4591,50.0,1670,22.3592,True,349,88,5,True,MPA002,13,True,282,0.0,50.0,1,10,66,5,13.4143,0.0,7,6,11
True,1,1.0,84000,True,60,78,False,47,90.1413,50.0,1745,0.3164,False,331,71,4,False,MPA002,31,True,285,0.0,50.0,1,9,58,383,12.1734,0.0,14,8,8
False,4,1.0,70500,True,80,82,False,0,89.7052,50.0,986,0.0,True,321,66,5,False,MPA003,0,True,291,0.0,49.9831,1,9,53,389,11.6201,0.0,68,7,18
,1,1.0,37500,True,54,91,False,6,90.0182,50.0,1070,0.0,True,248,25,5,False,MPA003,6,True,275,0.0,50.0,4,9,34,281,8.2522,0.0,100,7,10
,2,1.0,67000,True,9,84,False,25,68.7907,38.1477,429,0.0,False,382,64,5,True,MPA002,98,True,284,0.0,49.9869,4,3,43,248,11.742,0.0,99,6,2
True,3,1.0,40000,True,93,80,True,4,98.8873,43.5683,1598,0.4703,True,345,25,5,False,MPA001,24,False,270,0.0,50.0,3,9,38,304,12.1252,0.0,24,6,4
True,3,1.0,105500,True,31,85,True,44,99.6922,50.0,1702,0.0,True,321,92,5,True,MPA001,1,True,298,0.0,49.9484,4,10,75,310,9.0941,0.0,67,7,17
False,4,1.0,29000,True,84,85,True,23,100.0,50.0,702,58.7437,,365,26,5,False,MPA002,78,,292,0.0,49.9852,3,7,63,22,9.5202,0.0,100,6,7
False,4,1.0,40500,True,62,77,False,6,91.322,50.0,1103,0.0,True,274,35,5,True,MPA002,4,False,292,0.0,49.9952,3,10,64,356,10.0525,0.0,57,7,10
True,2,1.0,95500,True,14,88,False,8,89.4503,50.0,1008,0.0,True,276,82,5,True,MPA003,32,True,296,0.0,49.9938,2,9,53,50,7.708,0.0,74,7,14
True,4,1.0,72000,True,7,90,False,31,90.0224,50.0,183,0.0,False,439,61,5,True,MPA001,86,True,289,0.0,49.7574,4,3,23,300,13.9145,0.0,40,6,13
True,2,1.0,103000,True,78,80,,23,90.4468,50.0,1912,0.0,,388,88,5,False,MPA004,24,True,284,0.0,50.0,3,9,46,357,10.6619,0.0,59,8,8
False,3,1.0,43500,True,46,86,True,22,99.8289,50.0,1008,0.0,True,372,39,5,False,MPA004,19,False,285,0.0,50.0,2,9,66,392,11.284,0.0,11,7,12
True,4,1.0,79000,True,94,82,False,2,100.0,50.0,773,39.4324,False,417,63,5,False,MPA001,76,True,299,0.0,49.9272,2,8,48,124,10.2245,0.0,90,8,16
,4,1.0,40500,True,36,80,True,7,100.0,50.0,991,0.0,True,300,24,5,True,MPA004,50,False,300,0.0,50.0,4,9,74,450,11.5752,0.0,55,7,9
True,2,1.0,103000,True,16,83,,10,85.2064,36.1905,937,0.2315,True,291,89,5,False,MPA004,13,True,266,0.0,50.0,1,9,41,64,7.678,0.0,52,6,1
True,4,1.0,50000,True,46,84,False,19,94.032,45.3536,873,25.9415,False,350,38,5,False,MPA003,88,False,294,0.0,50.0,1,9,28,43,10.4705,0.0,66,6,5
,1,1.0,72500,True,31,85,True,22,98.9595,50.0,801,0.4875,False,326,58,4,True,MPA004,96,True,300,0.0,50.0,1,9,58,308,12.7145,0.0,80,7,7
False,2,1.0,58500,True,52,88,,48,89.5344,50.0,614,0.0,False,339,54,5,True,MPA003,45,True,300,0.0,49.7252,1,10,55,319,14.3419,0.0,51,7,12
False,2,1.0,63000,True,26,89,False,34,74.6407,40.9773,905,0.0,False,371,59,5,False,MPA002,77,False,273,0.0,50.0,1,10,42,194,10.3894,0.0,79,8,3
False,1,1.0,74000,True,50,86,False,50,90.0173,50.0,1461,0.0,True,294,69,5,False,MPA003,9,True,283,0.0,49.9618,1,10,44,500,11.2622,0.0,27,8,12
False,4,1.0,68500,True,88,81,False,39,77.2857,42.7663,1644,0.6311,True,354,62,5,False,,20,False,297,0.0,30.4405,1,9,38,358,5.4718,0.0,49,7,4
False,1,1.0,74000,True,66,80,True,4,99.7096,50.0,1425,0.0,True,315,70,5,True,MPA001,20,True,280,0.0,49.8999,4,10,60,439,8.6538,0.0,54,6,17
True,1,1.0,35000,True,43,76,True,3,100.0,50.0,1358,0.9018,False,355,20,5,True,,79,,290,0.0,49.9864,1,9,62,342,11.1183,0.0,59,8,16
False,4,1.0,46500,True,34,89,True,15,77.6451,32.6795,894,0.5772,True,343,41,5,True,,34,False,300,0.0,49.9836,1,9,52,262,8.7794,0.0,0,7,0
True,3,1.0,88500,True,17,92,,34,100.0,50.0,451,0.9204,False,405,76,5,True,MPA003,40,False,300,0.0,50.0,4,10,46,310,14.6488,0.0,23,7,14
False,2,1.0,53000,True,88,83,False,40,89.9029,50.0,701,1.3473,False,291,48,5,True,MPA003,85,True,300,0.0,50.0,1,8,68,388,12.3254,0.0,86,8,13
False,2,1.0,33500,True,75,84,True,24,100.0,50.0,1681,0.9561,True,335,31,5,False,MPA003,19,True,300,0.0,49.8614,1,9,77,315,12.0663,0.0,70,7,11
True,4,1.0,63500,True,0,72,False,5,90.0067,50.0,1904,0.7,False,318,47,5,False,MPA001,84,True,295,0.0,50.0,2,10,40,411,10.4868,0.0,49,9,18
True,3,1.0,84000,True,16,86,False,10,72.2469,40.3244,1129,0.1902,False,324,73,5,True,MPA002,70,True,295,0.0,49.9626,1,10,62,161,11.4977,0.0,7,6,3
True,1,1.0,52000,True,87,86,True,0,100.0,50.0,1541,0.0,True,371,41,5,False,MPA004,43,,300,0.0,48.6174,2,10,18,274,6.8859,0.0,62,6,12
True,2,1.0,35000,True,8,83,False,10,89.2655,50.0,277,0.0,False,314,21,6,True,MPA003,92,True,269,0.0,50.0,2,4,32,142,10.5701,0.0,56,6,12
True,1,1.0,56500,True,22,88,True,16,100.0,50.0,555,0.1503,True,403,44,5,False,MPA002,10,False,297,0.0,50.0,2,10,52,228,10.9494,0.0,26,7,13
False,4,1.0,33500,True,69,86,False,27,89.4796,50.0,950,0.4365,True,320,28,5,True,MPA001,2,True,290,0.0,50.0,2,10,31,213,15.2592,0.0,34,9,8
False,3,1.0,36500,True,84,86,True,27,92.8272,37.6795,1431,9.1945,True,349,33,5,False,MPA004,2,False,300,0.0,50.0,3,10,36,217,10.49,0.0,3,7,2
True,2,1.0,68000,True,63,76,False,44,89.5161,50.0,1081,0.2964,False,352,54,4,False,MPA003,34,True,294,0.0,49.9999,3,10,54,298,10.4164,0.0,34,6,15
False,3,1.0,86000,True,79,73,True,26,100.0,50.0,1156,50.427,True,348,80,5,False,MPA004,17,True,300,0.0,50.0,1,10,50,41,11.5937,0.0,33,8,16
False,1,1.0,97500,True,50,80,False,38,100.0,50.0,1342,37.4091,,359,92,5,False,MPA004,58,True,296,0.0,50.0,1,10,53,0,7.9318,0.0,12,7,9
True,4,1.0,45000,True,98,88,False,12,89.3905,48.0885,1082,4.4553,False,410,33,5,False,MPA001,51,False,286,0.0,50.0,1,10,39,278,8.8157,0.0,54,6,6
,3,1.0,38000,True,12,79,True,2,100.0,50.0,672,0.0,True,349,34,5,False,MPA001,17,False,278,0.0,50.0,2,10,44,350,12.8614,0.0,50,8,8
False,4,1.0,93500,True,52,82,False,26,85.7828,40.7071,1585,23.9024,False,402,88,5,True,MPA001,92,True,282,0.0,49.9336,1,10,52,58,11.4787,0.0,44,7,3
False,4,1.0,94000,True,8,86,False,40,90.2032,50.0,166,1.465,False,400,90,5,False,,54,False,286,0.0,50.0,2,10,38,167,12.8202,0.0,15,8,12
True,2,1.0,35000,True,61,92,True,38,100.0,50.0,1304,42.7571,False,283,19,5,True,MPA002,46,,295,0.0,49.9699,2,10,60,7,9.8522,0.0,56,8,17
False,3,1.0,60500,True,17,79,False,18,89.3853,50.0,695,1.0563,True,339,55,5,False,MPA003,40,,289,0.0,49.9749,1,9,38,477,12.2545,0.0,58,9,17
True,3,1.0,80500,True,12,87,True,3,99.3819,50.0,1566,0.3174,,379,67,5,False,MPA004,5,False,276,0.0,49.9,4,10,14,272,7.8597,0.0,85,7,13
,2,1.0,25000,True,30,82,False,5,90.0271,50.0,1220,0.0,True,353,21,5,True,MPA004,21,False,290,0.0,49.9538,4,9,37,237,10.7853,0.0,25,6,9
,3,1.0,47500,True,61,89,,47,100.0,50.0,1058,45.7913,False,418,35,5,False,MPA003,37,False,300,0.0,50.0,1,9,61,0,13.4217,0.0,32,7,8
True,3,1.0,96000,True,68,85,False,46,89.9176,50.0,579,0.0,True,424,83,5,True,MPA004,11,True,279,0.0,49.8715,3,10,21,331,10.62,0.0,57,8,18
True,4,1.0,66000,True,91,84,,49,91.8464,50.0,521,2.9953,False,315,52,5,False,,48,True,292,0.0,49.865,4,10,40,260,9.556,0.0,51,8,19
False,3,1.0,20500,True,98,87,False,25,89.64,50.0,389,1.3865,True,461,14,5,True,MPA002,24,True,300,0.0,50.0,2,8,57,378,10.6668,0.0,39,7,19
True,1,1.0,49500,True,11,78,True,37,100.0,50.0,1086,0.0,False,341,35,4,True,MPA004,65,False,283,0.0,49.9724,5,9,53,235,10.6735,0.0,76,9,11
,1,1.0,110000,True,68,83,False,15,99.5408,50.0,536,21.2224,False,371,95,5,False,MPA004,48,True,297,0.0,50.0,2,9,48,119,11.9987,0.0,0,8,11
False,3,1.0,32500,True,10,89,True,16,99.8963,50.0,1166,0.4675,False,396,25,5,False,MPA003,45,True,297,0.0,50.0,1,9,46,470,9.433,0.0,37,9,8
False,3,1.0,29500,True,18,82,True,19,99.3821,45.412,1695,5.3334,False,351,27,5,False,MPA001,58,True,292,0.0,49.8472,5,9,40,37,10.0604,0.0,18,7,5
False,3,1.0,18500,True,34,81,True,2,100.0,50.0,1279,0.0,False,362,13,5,True,MPA003,90,True,256,0.0,50.0,2,9,59,164,11.3762,0.0,48,7,14
False,1,1.0,84500,True,52,76,True,48,99.4178,50.0,1934,32.4897,,385,82,5,True,MPA004,37,False,300,0.0,50.0,3,10,66,28,11.1518,0.0,65,7,11
False,3,1.0,30500,True,18,86,True,26,94.2505,41.2212,701,0.4516,False,368,26,5,False,MPA004,43,True,265,0.0,50.0,3,7,40,397,10.2878,0.0,93,7,3
False,1,1.0,86500,True,86,82,False,4,100.0,50.0,1236,24.2307,True,344,81,5,False,,41,True,286,0.0,49.9399,2,10,41,167,12.4138,0.0,0,7,16
True,4,1.0,57000,True,54,82,True,3,99.6644,46.1905,568,0.61,True,330,43,5,False,MPA004,42,True,266,0.0,50.0,2,9,60,435,15.0909,0.0,5,8,5
,3,1.0,42500,True,13,81,False,47,90.1525,50.0,1504,0.2504,True,263,38,5,False,MPA003,13,True,282,0.0,50.0,2,9,48,88,12.0697,0.0,57,7,14
True,3,1.0,63500,True,8,84,True,31,99.5117,50.0,1354,0.0,True,375,50,5,False,MPA003,4,,300,0.0,50.0,3,9,62,487,8.3566,0.0,88,7,13
False,3,1.0,56000,True,59,80,True,44,100.0,50.0,498,0.0,False,281,52,5,True,,55,False,300,0.0,49.9713,3,5,70,321,13.5883,0.0,73,6,14
False,1,1.0,87000,True,70,80,False,17,99.6891,50.0,1395,43.4967,True,301,81,5,False,,6,True,300,0.0,50.0,2,10,37,34,11.6857,0.0,95,8,17
True,1,1.0,28000,True,40,89,False,35,85.9937,47.6795,931,0.4698,False,335,14,5,False,MPA004,46,True,300,0.0,49.9611,2,10,57,321,10.8147,0.0,60,6,6
True,1,1.0,60000,True,16,85,True,43,80.1714,33.2369,1225,0.334,False,398,45,5,True,MPA001,84,False,281,0.0,50.0,1,10,43,50,12.577,0.0,48,8,0
True,1,1.0,57500,True,23,80,True,22,99.8027,50.0,439,0.2766,False,331,43,5,False,MPA001,57,False,271,0.0,50.0,1,4,67,99,9.0178,0.0,88,7,9
False,1,1.0,52500,True,71,78,False,4,99.3488,50.0,1472,52.4443,True,323,49,5,False,MPA004,41,,293,0.0,50.0,1,10,27,5,10.3747,0.0,93,7,16
False,3,1.0,91000,True,82,83,False,30,90.4299,50.0,686,0.0,True,283,89,4,False,MPA001,7,False,286,0.0,50.0,1,9,62,346,14.0108,0.0,69,8,7
True,3,1.0,68500,True,76,88,True,5,100.0,50.0,1778,21.1866,True,339,53,5,False,MPA004,49,,265,0.0,50.0,1,9,31,148,8.0038,0.0,56,7,18
,5,1.0,45500,True,91,82,False,8,68.0685,38.0294,1122,0.0,False,380,42,5,True,,87,True,288,0.0,50.0,3,10,37,473,10.1136,0.0,22,7,2
False,4,1.0,37000,True,13,91,True,29,100.0,50.0,1483,10.7925,False,338,33,5,False,MPA002,76,False,278,0.0,49.928,1,9,27,0,9.5965,0.0,25,6,11
True,1,1.0,66500,True,50,89,True,19,99.4793,50.0,818,0.0941,False,290,53,5,True,MPA004,95,False,288,0.0,49.8472,1,10,15,243,11.5918,0.0,53,7,16
True,3,1.0,42500,True,99,78,True,36,99.4608,45.7967,58,60.2784,True,460,28,5,True,MPA001,8,False,279,0.0,49.9715,4,0,49,62,11.7781,0.0,46,7,5
False,1,1.0,25500,True,8,86,True,44,98.1815,43.3267,1143,0.0,False,367,20,5,True,MPA001,83,False,278,0.0,50.0,2,10,48,374,11.3942,0.0,62,7,4
True,2,1.0,26500,True,98,82,True,44,84.7413,35.4413,1719,1.9707,False,394,13,5,False,,91,True,291,0.0,49.9415,3,9,52,287,11.3309,0.0,15,7,1
False,3,1.0,93500,True,55,87,True,38,100.0,50.0,1341,0.7077,False,343,92,6,True,MPA001,30,True,291,0.0,49.9894,1,10,66,245,11.8051,0.0,59,7,18
True,2,1.0,35500,True,90,85,,1,100.0,50.0,886,0.826,True,405,21,5,True,MPA003,16,False,289,0.0,49.8286,1,10,68,264,11.0808,0.0,6,7,8
True,3,1.0,100000,True,48,82,False,44,73.2509,40.7967,1037,0.47,False,276,88,5,False,MPA004,92,,279,0.0,50.0,4,9,40,369,11.4864,0.0,4,6,3
True,1,1.0,42000,True,29,86,True,30,100.0,45.7071,429,10.6122,True,416,27,5,True,,15,True,282,0.0,50.0,2,8,52,49,13.6901,0.0,52,8,5
,5,1.0,113500,True,73,78,True,23,99.678,47.9413,1671,51.1222,True,349,100,5,False,MPA001,14,False,291,0.0,50.0,4,10,36,14,10.443,0.0,64,7,6
True,1,1.0,111500,True,84,89,True,39,94.2418,40.9471,1154,0.0,False,431,99,6,False,MPA001,63,True,274,0.0,49.8203,1,9,28,343,13.6826,0.0,72,7,3
True,2,1.0,104000,True,89,85,,8,67.975,37.7953,1935,0.0,True,383,89,5,False,MPA004,9,,296,0.0,49.9259,1,10,46,480,11.5383,0.0,32,6,2
True,5,1.0,70000,True,4,82,False,12,92.8936,50.0,1862,4.6034,True,362,56,5,False,MPA002,24,False,294,0.0,49.9679,1,10,60,1,9.8715,0.0,81,8,8
True,3,1.0,32000,True,45,77,True,20,99.8483,50.0,381,0.9702,False,451,19,5,True,MPA001,77,True,285,0.0,49.8608,1,6,31,254,10.7499,0.0,59,8,8
True,1,1.0,49500,True,90,86,False,17,99.7417,50.0,178,66.8043,False,355,34,5,True,MPA002,46,True,300,0.0,49.9554,1,3,62,0,10.3825,0.0,53,7,17
True,4,1.0,33000,True,63,95,False,42,89.8729,50.0,1004,0.0,False,384,20,5,False,MPA001,59,False,300,0.0,49.8896,1,10,38,440,12.9277,0.0,58,8,15
True,3,1.0,87000,True,10,89,False,35,89.555,50.0,1679,0.0,False,355,73,5,False,MPA004,73,,296,0.0,49.8788,1,9,65,470,11.7854,0.0,50,6,10
True,1,1.0,103000,True,44,84,False,23,89.667,50.0,904,0.0,False,384,89,5,True,,47,False,253,0.0,50.0,1,8,13,475,11.7606,0.0,91,8,10
False,3,1.0,86000,True,2,86,,16,97.7231,43.5988,1344,0.1279,False,324,81,5,False,MPA004,46,True,269,0.0,50.0,4,9,38,413,11.4583,0.0,84,8,4
False,3,1.0,70000,True,0,90,,13,58.8231,32.8536,1880,0.9273,True,359,66,5,False,MPA002,14,True,294,0.0,49.9325,3,9,62,341,11.259,0.0,64,8,0
False,3,1.0,22500,True,56,91,False,19,90.2226,50.0,481,0.1062,False,371,18,5,True,MPA002,67,,289,0.0,50.0,2,9,55,321,11.5086,0.0,5,7,10
,1,1.0,40500,True,28,83,False,18,89.3417,50.0,1043,0.12,False,377,26,5,False,,73,False,299,0.0,50.0,1,9,49,209,12.4826,0.0,12,7,15
,1,1.0,25000,True,17,84,,11,92.7699,40.2084,1274,0.4209,False,371,22,5,True,MPA003,67,False,299,0.0,49.9405,2,9,51,178,10.372,0.0,32,8,3
True,2,1.0,41500,True,21,83,,8,64.2172,35.412,696,0.0,False,413,25,5,False,MPA001,94,,292,0.0,49.962,1,7,63,120,11.3515,0.0,95,7,1
False,2,1.0,78500,True,92,84,True,43,99.817,50.0,1288,70.389,False,370,74,5,True,MPA004,22,False,284,0.0,50.0,3,10,41,0,11.0055,0.0,24,7,18
True,2,1.0,63000,True,67,78,False,28,91.9419,50.0,203,3.4373,False,396,50,5,True,MPA004,60,True,284,0.0,50.0,3,7,33,188,12.4004,0.0,23,8,19
False,2,1.0,22500,True,88,81,True,36,97.1,42.6795,370,0.0,True,380,17,5,True,MPA001,10,False,300,0.0,49.8723,2,10,37,420,10.1196,0.0,20,7,4
False,4,1.0,15500,True,97,81,False,2,93.9557,50.0,847,9.0954,True,328,11,5,True,MPA004,38,True,285,0.0,49.9941,2,10,19,256,12.1741,0.0,84,7,13
,1,1.0,111000,True,4,85,False,14,60.6551,33.4773,1506,0.2791,True,271,96,5,True,MPA001,42,,273,0.0,50.0,3,9,39,257,10.5912,0.0,34,8,0
False,2,1.0,78500,True,46,88,False,9,77.7297,43.2668,2000,0.0,True,336,76,5,True,MPA004,16,False,280,0.0,50.0,3,10,15,500,9.014,0.0,95,7,4
,1,1.0,51500,True,37,78,False,20,73.4959,41.1905,53,0.0,True,347,39,4,False,,3,True,266,,49.9976,2,0,48,206,11.5892,0.0,93,7,3
True,3,1.0,92000,True,52,86,False,4,89.5599,50.0,1511,0.8958,True,396,79,5,True,MPA001,20,False,300,0.0,49.924,3,9,33,165,12.4286,0.0,20,6,10
False,2,1.0,35000,True,43,87,True,44,100.0,50.0,1337,6.2935,False,295,31,5,False,MPA001,95,False,291,0.0,49.8433,2,9,30,114,11.7281,0.0,2,6,14
,3,1.0,16000,True,95,89,False,20,60.3475,32.8828,1995,0.0,False,325,13,5,True,MPA003,56,False,293,0.0,49.9999,4,10,52,426,9.9242,0.0,57,8,0
True,1,1.0,93000,True,81,87,False,4,93.2522,50.0,694,8.1495,True,393,80,5,True,MPA003,6,False,276,0.0,50.0,1,9,61,217,11.1201,0.0,53,8,9
False,4,1.0,68000,True,23,91,False,27,77.9534,43.3567,551,0.0,False,406,66,5,False,MPA002,92,False,277,0.0,50.0,2,9,46,273,12.143,0.0,15,6,4
False,1,1.0,79500,True,8,84,True,35,99.712,50.0,892,2.098,,346,77,5,False,MPA004,97,True,274,0.0,50.0,3,9,37,381,11.3121,0.0,31,7,14
False,1,1.0,89500,True,35,88,True,31,86.8687,32.8244,1868,17.1471,,296,84,6,False,MPA004,77,False,295,0.0,50.0,1,9,42,43,11.6773,0.0,40,7,0
False,2,1.0,69500,True,54,90,True,2,100.0,50.0,1004,0.0,False,310,68,5,False,MPA002,90,False,300,0.0,50.0,1,10,56,439,11.9972,0.0,57,7,14
,1,1.0,73000,True,54,90,True,39,99.7115,50.0,622,0.9801,True,316,70,5,False,MPA004,3,True,271,0.0,49.8982,3,10,36,286,13.0684,0.0,8,6,12
True,4,1.0,86000,True,78,93,True,18,100.0,50.0,379,0.8319,True,397,72,5,True,MPA003,15,False,274,0.0,49.8805,1,5,36,377,11.701,0.0,64,8,8
,2,1.0,55000,True,31,88,True,37,100.0,50.0,382,0.7763,True,362,52,5,True,MPA002,2,False,267,0.0,49.8695,1,4,59,141,10.6105,0.0,82,8,12
False,3,1.0,55000,True,96,81,True,16,100.0,50.0,1150,32.1132,False,243,54,5,False,,96,False,279,0.0,49.9951,1,10,28,158,13.334,0.0,5,6,8
True,3,1.0,43500,True,25,81,True,20,84.2226,35.5,605,0.0,False,421,31,5,True,MPA002,92,False,289,0.0,50.0,1,9,28,353,11.9065,0.0,53,9,1
False,1,1.0,47500,True,97,94,False,7,89.3984,50.0,255,0.0,False,323,45,5,True,MPA001,79,False,267,0.0,49.9603,1,10,52,438,8.5455,0.0,11,7,18
False,4,1.0,77000,True,40,83,False,16,100.0,50.0,1791,20.7684,True,284,73,5,False,MPA002,41,False,300,0.0,49.9321,2,10,29,43,12.4335,0.0,72,6,15
False,2,1.0,42500,True,24,75,,35,100.0,50.0,70,0.5348,True,353,38,5,False,MPA001,11,True,300,,49.8974,1,0,30,269,12.0375,0.0,93,7,17
False,2,1.0,92500,True,11,92,False,2,81.6668,45.5589,702,0.4532,False,347,87,5,True,MPA003,74,True,287,0.0,49.9968,1,9,29,388,9.5343,0.0,8,9,5
,1,1.0,34000,True,45,76,False,42,72.7671,40.7071,1038,0.0,False,324,21,5,False,MPA001,86,,282,0.0,50.0,4,10,40,151,8.143,0.0,8,8,3
False,1,1.0,97500,True,22,76,False,31,90.3627,50.0,1798,0.0,True,403,93,5,False,MPA001,2,,283,0.0,49.8293,1,9,27,412,15.9796,0.0,76,9,18
True,1,1.0,39500,True,25,85,False,21,90.1288,50.0,836,0.0,False,358,25,5,True,MPA002,98,True,254,0.0,50.0,1,7,52,260,10.6592,0.0,100,7,16
True,1,1.0,83500,True,79,84,False,0,99.5386,50.0,1869,58.5431,True,352,68,5,False,MPA001,32,False,293,0.0,50.0,3,9,46,0,13.5595,0.0,75,5,10
True,3,1.0,90000,True,51,91,False,36,99.22,50.0,961,35.3853,True,320,77,5,False,,22,False,274,0.0,50.0,1,10,32,14,9.2453,0.0,35,6,8
False,3,1.0,93500,True,44,78,False,8,85.8968,47.912,207,0.0,True,337,90,5,True,MPA004,19,True,292,0.0,50.0,1,10,32,280,10.2285,0.0,1,7,6
False,4,1.0,94500,True,33,82,True,27,99.3429,50.0,59,0.0,False,374,90,5,True,MPA004,34,True,279,,50.0,1,0,31,434,6.5883,0.0,94,7,9
False,1,1.0,18500,True,26,84,False,16,91.4453,50.0,1780,0.5872,True,278,15,5,True,MPA001,21,True,300,0.0,49.8458,3,10,53,440,13.4742,0.0,44,7,7
True,1,1.0,55000,True,48,79,True,26,99.5717,50.0,1156,0.2235,False,366,41,5,True,MPA002,51,True,299,0.0,50.0,2,9,32,458,10.6659,0.0,10,6,13
False,4,1.0,63000,True,14,86,True,33,98.7578,50.0,356,0.0,False,374,61,5,False,MPA004,85,False,300,0.0,49.8537,2,2,41,218,12.3377,0.0,92,6,11
True,1,1.0,79500,True,42,82,False,35,91.1459,50.0,1030,0.0,False,307,64,6,False,MPA002,32,True,296,0.0,49.9432,2,10,52,255,12.8878,0.0,100,7,18
True,1,1.0,48500,True,51,84,True,35,99.9361,50.0,1499,26.8933,False,323,32,5,False,MPA003,51,True,273,0.0,49.9828,3,10,37,44,10.0735,0.0,22,7,15
False,4,1.0,32000,True,34,84,True,6,100.0,50.0,593,0.0,True,315,27,5,False,MPA002,2,False,285,0.0,50.0,3,9,36,408,10.5663,0.0,5,8,17
True,1,1.0,89000,True,41,83,True,35,99.931,50.0,414,0.0,False,377,76,5,False,MPA004,84,False,294,0.0,49.9571,1,9,41,236,9.7025,0.0,22,6,11
True,3,1.0,99000,True,62,85,True,49,99.3284,50.0,699,0.0,False,402,85,4,True,MPA002,66,False,300,0.0,50.0,3,9,38,352,6.6234,0.0,15,6,11
True,3,1.0,82500,True,18,84,False,25,89.5144,50.0,442,0.0,True,305,67,5,False,MPA001,12,True,263,0.0,49.949,1,4,48,144,9.5656,0.0,90,7,8
True,1,1.0,95000,True,22,95,False,15,89.7662,50.0,1050,0.0,False,340,82,6,False,MPA001,98,False,284,0.0,49.9492,1,9,46,377,10.8969,0.0,9,8,11
True,3,1.0,90500,True,64,83,True,24,88.6998,38.3267,639,0.0,False,362,75,4,False,MPA001,94,False,278,0.0,49.9053,2,10,35,450,11.4095,0.0,41,7,2
False,1,1.0,27000,True,77,81,False,25,94.3688,50.0,436,7.3346,False,346,23,5,False,MPA001,41,True,295,0.0,50.0,1,5,37,198,13.8253,0.0,82,8,18
True,2,1.0,37000,True,89,87,False,6,83.0105,45.5,1305,0.3165,False,311,24,5,True,MPA001,99,False,289,0.0,49.91,2,10,38,460,9.1927,0.0,16,8,5
True,2,1.0,54500,True,62,83,False,20,69.0183,38.2668,1378,0.0,False,327,41,5,False,MPA001,41,,280,0.0,50.0,2,10,56,246,10.0572,0.0,74,7,2
False,2,1.0,47000,True,71,85,,11,99.6871,50.0,712,0.0,True,404,43,5,True,MPA004,21,False,285,0.0,49.9788,2,7,45,441,7.5018,0.0,83,6,14
,2,1.0,100500,True,55,85,True,15,100.0,50.0,109,9.9216,False,348,96,5,False,MPA001,53,True,296,0.0,50.0,2,10,46,133,11.0388,0.0,0,7,10
False,4,1.0,85000,True,83,85,True,3,100.0,48.1477,188,0.0779,True,373,83,5,False,MPA003,23,True,284,0.0,50.0,2,4,51,396,12.4059,0.0,38,6,6
False,4,1.0,98000,True,21,88,False,16,86.9446,48.2967,1010,0.0,False,353,95,5,True,MPA001,100,True,279,0.0,50.0,4,10,39,119,12.5773,0.0,84,6,6
False,1,1.0,55500,True,100,81,False,47,92.3364,36.2212,1717,53.4421,False,330,52,5,True,MPA004,23,True,265,0.0,49.9842,3,9,34,83,9.6479,0.0,77,7,1
True,4,1.0,53500,True,4,85,False,3,90.2239,50.0,363,0.0,False,352,41,5,False,MPA003,58,True,282,0.0,49.9187,1,3,51,500,10.7174,0.0,77,7,16
True,3,1.0,46500,True,84,89,True,31,100.0,50.0,1377,0.9851,False,324,34,5,False,MPA001,99,True,283,0.0,49.7864,3,9,53,339,10.1682,0.0,78,7,8
False,4,1.0,66500,True,97,76,False,46,90.8042,50.0,673,0.017,True,424,63,5,False,MPA001,1,False,286,0.0,50.0,1,9,42,365,10.8936,0.0,17,7,13
False,4,1.0,35000,True,82,81,False,12,89.2744,48.1774,1678,6.4504,True,263,32,5,True,MPA002,7,,283,0.0,49.9234,2,10,50,226,11.521,0.0,2,6,6
False,1,1.0,49000,True,2,85,True,37,100.0,50.0,168,0.1976,False,368,47,5,True,,63,True,300,0.0,49.9843,2,1,41,332,9.9417,0.0,68,8,13
False,4,1.0,29500,True,78,79,True,32,100.0,50.0,1552,0.0,,397,24,5,False,MPA003,89,True,280,0.0,49.744,1,9,65,389,12.4949,0.0,94,7,12
False,3,1.0,42500,True,73,85,True,40,99.9761,50.0,123,1.3436,True,320,39,5,False,MPA001,12,False,300,0.0,50.0,3,3,50,371,10.8981,0.0,32,7,17
False,4,1.0,21000,True,37,82,True,25,99.3546,40.3536,1480,23.2754,False,381,17,5,True,MPA002,88,True,294,0.0,50.0,4,9,49,23,13.1914,0.0,83,8,3
False,3,1.0,53500,True,84,83,True,45,93.3336,37.6795,1831,9.5241,False,325,50,5,False,MPA004,41,False,300,0.0,49.9635,2,9,41,219,12.294,0.0,60,7,2
True,1,1.0,32500,True,86,89,,17,89.646,50.0,50,0.0,,370,17,5,False,MPA002,44,True,296,,50.0,1,0,47,327,10.8182,0.0,66,7,10
False,3,1.0,85000,True,57,88,False,11,88.6699,50.0,1925,0.567,False,348,81,5,True,MPA003,97,True,279,0.0,50.0,1,10,70,486,11.2334,0.0,36,8,8
True,2,1.0,66500,True,67,80,True,34,99.9275,50.0,1189,0.0,False,361,53,5,True,MPA002,46,False,300,0.0,50.0,2,10,68,209,8.5421,0.0,42,7,14
False,2,1.0,54500,True,58,87,True,41,83.769,35.8567,255,0.0586,False,260,50,6,True,MPA003,75,False,277,0.0,50.0,3,1,43,350,10.1808,0.0,100,7,1
True,4,1.0,41500,True,40,84,True,13,83.4115,35.1795,66,0.0,False,346,26,6,False,MPA003,67,False,300,0.0,50.0,3,2,48,249,10.0255,0.0,32,7,1
True,4,1.0,39000,True,20,80,False,39,89.6533,50.0,1476,0.0662,False,335,24,5,True,MPA002,49,False,286,0.0,49.8252,1,9,36,139,9.3832,0.0,36,8,16
True,1,1.0,28000,True,5,81,False,4,89.4782,50.0,384,0.0,True,328,13,5,False,MPA001,30,True,289,0.0,49.9127,3,3,42,422,12.6433,0.0,86,6,9
True,4,1.0,106500,True,17,85,True,29,99.4944,43.5379,330,9.1484,False,372,93,5,True,MPA002,69,True,271,0.0,50.0,1,7,79,26,12.8717,0.0,40,7,4
False,3,1.0,36500,True,93,84,False,29,90.4305,50.0,942,0.0899,,386,34,5,False,MPA004,25,False,296,0.0,50.0,1,10,42,355,9.3885,0.0,3,7,12
False,4,1.0,59500,True,15,96,,33,80.7977,34.0,1750,0.0,False,316,56,5,True,MPA001,70,True,256,0.0,49.9816,2,9,35,292,12.3532,0.0,48,7,0
False,2,1.0,84500,True,99,85,True,7,99.8197,50.0,1069,12.362,True,398,81,5,False,MPA004,17,False,300,0.0,49.921,4,9,37,252,10.1698,0.0,14,7,9
True,3,1.0,93500,True,14,93,False,40,90.2796,50.0,200,0.0,False,332,79,5,True,,26,False,295,0.0,49.9506,2,1,35,273,8.9992,0.0,95,7,8
True,2,1.0,87000,True,9,83,False,40,90.3887,50.0,1063,0.0,False,279,73,5,True,MPA004,52,False,285,0.0,50.0,1,10,55,389,9.0646,0.0,64,6,7
,4,1.0,47500,True,35,85,False,16,60.7914,32.6795,526,4.1742,True,335,33,4,True,MPA002,26,False,300,0.0,50.0,3,9,35,85,10.0357,0.0,40,7,0
False,2,1.0,23500,True,48,81,False,48,89.8764,50.0,290,0.0659,,386,19,5,False,,58,True,289,0.0,49.7607,2,9,30,388,7.518,0.0,16,7,15
True,1,1.0,23500,True,51,86,True,21,100.0,50.0,397,0.0,False,299,10,6,True,MPA003,89,False,298,0.0,50.0,2,5,44,293,8.6624,0.0,66,7,15
False,1,1.0,69000,True,56,79,False,46,72.0382,40.6477,1392,0.0,False,324,64,5,False,MPA004,73,False,284,0.0,50.0,2,10,14,368,10.2312,0.0,13,8,3
,4,1.0,42500,True,58,74,,19,99.9448,50.0,257,10.5524,False,358,38,5,True,MPA002,70,False,294,0.0,49.9652,3,10,49,140,10.885,0.0,9,7,7
False,3,1.0,21500,True,81,82,True,33,99.7095,50.0,795,19.1592,False,312,17,5,False,,43,,300,0.0,50.0,3,7,35,167,13.5103,0.0,99,7,15
False,1,1.0,29000,True,68,85,True,37,99.9919,50.0,1194,0.0,False,320,25,4,True,MPA003,60,,300,0.0,49.8684,3,9,42,413,13.0677,0.0,96,6,12
True,3,1.0,84000,True,65,88,False,29,73.7882,41.0683,496,0.0,False,303,72,6,True,MPA004,71,False,270,0.0,49.8113,3,6,46,430,13.206,0.0,65,8,3
False,3,1.0,100500,True,5,84,True,22,99.4272,48.6293,1202,2.534,False,313,97,5,True,MPA001,90,,268,0.0,49.9852,3,9,37,9,7.1243,0.0,74,7,6
False,3,1.0,44500,True,76,79,False,8,93.9496,50.0,1860,8.0623,False,363,39,5,True,MPA002,54,True,279,0.0,50.0,1,9,25,197,14.8237,0.0,38,7,9
True,3,1.0,83000,True,11,92,True,25,83.1542,35.1795,692,0.0,True,431,68,5,False,MPA002,1,True,300,0.0,49.9688,1,8,59,76,7.2694,0.0,84,6,1
False,2,1.0,103500,True,1,89,False,39,81.4275,45.3244,2000,0.581,False,335,100,5,True,MPA002,78,False,295,0.0,49.9875,1,9,42,8,11.982,0.0,5,7,5
False,2,1.0,63500,True,87,84,True,19,99.1108,50.0,311,0.0,True,364,60,5,False,MPA003,19,True,270,0.0,50.0,3,4,60,306,12.942,0.0,67,7,16
True,1,1.0,70000,True,6,80,False,30,89.8979,50.0,1866,0.4634,True,316,55,5,True,MPA002,2,True,300,0.0,50.0,1,9,28,345,10.3181,0.0,39,6,7
True,3,1.0,97500,True,89,92,False,31,69.2078,38.3868,908,0.1051,False,429,85,5,True,MPA001,79,True,276,0.0,50.0,4,10,30,453,10.5481,0.0,88,7,2
True,1,1.0,40500,True,68,88,False,44,80.532,45.1795,168,0.736,False,334,28,5,True,MPA002,92,True,300,0.0,50.0,2,1,74,455,10.7911,0.0,77,7,5
True,3,1.0,46000,True,35,82,True,11,96.8725,42.7084,207,0.136,,362,30,5,False,MPA002,83,True,299,0.0,49.9364,1,9,60,431,10.8858,0.0,13,8,4
True,4,1.0,51000,True,21,83,False,35,90.2721,50.0,1838,0.0,False,365,36,5,False,MPA001,75,True,270,0.0,49.9287,2,9,38,73,13.7662,0.0,79,6,9
False,4,1.0,25500,True,63,76,True,12,99.7139,50.0,993,10.7303,False,345,23,5,True,MPA004,89,False,299,0.0,49.981,3,9,55,148,14.6296,0.0,50,7,17
False,4,1.0,33000,True,0,85,False,8,68.0265,37.9413,416,0.0,False,403,26,5,False,MPA001,75,False,291,0.0,49.8026,1,9,46,72,11.9,0.0,33,8,2
True,1,1.0,85000,True,71,79,True,44,84.0422,35.7369,402,0.0,True,414,71,5,True,MPA003,15,True,281,0.0,50.0,4,5,40,244,13.2559,0.0,60,8,1
True,3,1.0,46000,True,41,86,True,16,89.3051,38.7212,1551,0.2429,True,302,32,5,True,MPA002,32,True,265,0.0,49.787,1,9,68,248,7.8478,0.0,70,8,2
False,2,1.0,83000,True,82,84,False,29,72.3412,35.1795,1805,17.1203,False,349,80,5,True,MPA004,100,True,300,0.0,49.9735,4,10,30,176,11.4634,0.0,39,8,1
True,1,1.0,40000,True,86,89,False,10,90.5632,50.0,1657,0.593,True,373,27,5,True,MPA001,15,True,295,0.0,49.8819,4,9,38,372,15.5191,0.0,11,8,10
,3,1.0,96000,True,15,94,False,33,90.0519,50.0,420,0.0,False,284,93,5,False,MPA002,44,True,296,0.0,49.8369,3,4,35,221,11.6617,0.0,91,6,19
False,1,1.0,94000,True,72,85,True,37,100.0,45.5885,1396,37.6641,False,312,89,5,True,,42,True,286,0.0,49.9058,3,10,72,69,11.2796,0.0,42,6,5
False,4,1.0,67000,True,25,84,,12,100.0,50.0,1984,0.0,True,421,61,5,False,MPA002,11,True,284,0.0,49.9361,3,9,41,302,12.3597,0.0,20,8,11
False,1,1.0,94000,True,93,83,True,13,100.0,50.0,846,0.8476,True,394,87,5,False,MPA002,27,True,300,0.0,49.9467,3,9,33,479,11.1606,0.0,41,8,18
True,2,1.0,98500,True,61,71,,1,99.4383,50.0,939,38.615,False,396,84,5,False,MPA003,100,True,287,0.0,49.9585,1,9,46,35,10.0366,0.0,53,7,14
False,4,1.0,39000,True,16,84,True,25,100.0,50.0,1566,1.0039,True,293,34,5,False,MPA001,33,True,299,0.0,49.9263,5,10,47,500,9.4916,0.0,10,8,7
True,1,1.0,59000,True,73,88,True,35,83.5428,35.5589,860,0.0,False,323,44,5,False,MPA002,69,False,287,0.0,49.8141,2,9,49,408,8.0449,0.0,75,8,1
False,2,1.0,38500,True,57,85,False,8,89.6517,50.0,1210,0.2035,True,324,33,5,True,MPA004,45,True,280,0.0,49.8979,4,9,39,204,11.999,0.0,36,7,10
False,1,1.0,91500,True,33,85,True,45,88.7903,37.8244,1561,0.0,False,362,86,5,False,MPA003,55,True,295,0.0,50.0,2,10,54,276,12.4062,0.0,46,7,2
True,3,1.0,79500,True,75,76,,42,98.4629,50.0,763,27.4533,False,311,66,5,True,MPA004,93,False,295,0.0,50.0,4,8,44,116,10.3796,0.0,95,7,18
False,3,1.0,40000,True,42,87,True,37,100.0,50.0,1774,0.0,,425,38,5,True,MPA002,20,False,278,0.0,49.9121,1,9,51,248,11.7625,0.0,26,6,19
True,3,1.0,93000,True,23,89,True,27,87.8997,37.6795,522,0.0,True,344,79,5,False,MPA003,13,True,300,0.0,49.9891,1,10,60,221,10.9832,0.0,28,6,2
False,4,1.0,67000,True,29,87,,7,80.9828,33.5683,1048,0.0,False,341,62,5,True,MPA001,59,True,270,0.0,49.9108,2,9,52,285,9.3111,0.0,30,6,0
False,2,1.0,68000,True,12,76,False,0,89.2141,50.0,150,0.0,True,338,65,5,False,MPA004,10,False,277,0.0,49.9757,2,1,42,386,8.0384,0.0,73,8,14
True,3,1.0,51500,True,46,79,False,23,82.3832,45.3828,1907,0.0,True,332,38,6,True,MPA003,30,False,293,0.0,49.9192,3,9,65,188,11.5611,0.0,83,7,5
True,1,1.0,97500,True,30,82,False,7,90.7707,50.0,1791,0.0,,316,82,5,False,MPA003,71,True,283,0.0,49.8698,3,10,60,234,9.4613,0.0,17,7,9
True,4,1.0,56500,True,90,73,False,2,89.989,50.0,1211,0.0252,True,342,41,5,False,MPA003,47,False,281,0.0,50.0,2,10,35,301,15.3203,0.0,96,7,19
False,3,1.0,51000,True,33,84,False,1,59.2336,32.7663,1882,0.0,False,299,48,5,True,MPA002,93,True,297,0.0,49.9308,1,10,63,436,9.1169,0.0,70,6,0
True,2,1.0,87500,True,13,88,True,45,99.7625,50.0,887,0.0,False,359,74,5,False,MPA004,60,True,288,0.0,50.0,3,9,49,399,11.241,0.0,63,7,11
False,2,1.0,40500,True,84,87,True,2,100.0,50.0,1351,4.6989,False,366,37,5,True,MPA001,71,True,300,0.0,49.918,2,9,37,232,11.5996,0.0,70,7,10
,4,1.0,33000,True,36,85,,30,99.7132,50.0,286,1.2229,False,288,17,5,False,MPA002,45,True,286,0.0,50.0,1,7,45,424,12.827,0.0,36,8,14
False,4,1.0,50500,True,2,87,False,20,89.6693,50.0,359,0.2757,False,411,49,5,False,MPA002,59,True,289,0.0,50.0,4,10,12,256,7.6034,0.0,28,7,18
False,3,1.0,63500,True,24,87,False,20,90.4946,50.0,1836,0.0,False,420,60,5,False,MPA004,67,False,269,0.0,50.0,4,9,29,400,12.1468,0.0,15,7,17
True,1,1.0,70500,True,10,89,True,28,92.6185,40.2953,584,0.0,,387,54,5,False,MPA001,24,False,296,0.0,49.9221,4,9,76,199,15.4493,0.0,23,7,3
False,2,1.0,53000,True,33,81,False,11,90.5171,50.0,612,0.0,,349,50,4,False,MPA003,96,True,283,0.0,50.0,3,10,50,297,12.0194,0.0,23,6,17
False,3,1.0,43000,True,79,77,True,40,97.818,43.3267,671,0.0,True,417,35,5,False,MPA003,12,False,278,0.0,50.0,2,9,46,426,13.3411,0.0,18,6,4
True,1,1.0,76500,True,77,83,False,38,90.2801,50.0,773,0.0,False,350,63,4,False,MPA001,31,False,282,0.0,50.0,1,10,60,471,15.7235,0.0,25,7,14
False,3,1.0,67500,True,98,79,False,32,90.2828,50.0,216,0.2351,False,295,65,5,True,MPA004,48,True,300,0.0,49.9708,2,7,26,500,9.683,0.0,29,7,16
True,1,1.0,25500,True,91,87,True,24,100.0,50.0,1980,16.1911,False,369,10,5,False,MPA001,47,True,300,0.0,49.9835,4,9,57,219,7.2086,0.0,62,7,15
True,2,1.0,91500,True,81,84,False,43,99.6681,50.0,1542,61.5373,,410,78,5,False,MPA001,61,False,300,0.0,49.8821,1,9,50,3,12.4363,0.0,54,7,8
True,3,1.0,97500,True,52,92,False,48,81.8629,38.5683,788,25.2688,False,365,83,5,False,MPA001,79,False,270,0.0,50.0,2,10,44,62,12.9509,0.0,4,7,2
False,4,1.0,90500,True,29,75,False,34,63.9193,35.412,488,0.0,False,367,86,5,False,MPA004,50,,292,0.0,49.9703,1,8,41,441,11.5317,0.0,58,7,1
True,1,1.0,45500,True,96,82,True,11,99.8186,50.0,124,0.9509,True,355,30,5,False,MPA003,18,True,299,0.0,50.0,1,1,23,500,11.9725,0.0,88,7,12
True,4,1.0,32500,True,94,82,False,49,82.295,45.5,1325,0.0,False,359,19,4,True,MPA001,100,,289,0.0,50.0,2,10,52,333,11.1714,0.0,30,7,5
True,3,1.0,109500,True,55,81,,20,97.1932,50.0,100,14.1899,,317,95,5,False,,95,False,300,0.0,50.0,1,3,25,111,10.6743,0.0,31,9,11
True,2,1.0,25000,True,20,80,True,43,99.7739,50.0,1331,0.0,False,362,11,4,True,MPA004,93,False,293,0.0,49.9795,5,9,47,82,9.0439,0.0,32,6,16
,4,1.0,41500,True,18,86,False,39,80.6284,45.1795,598,0.0,False,305,36,5,True,,45,False,300,0.0,50.0,1,9,53,477,14.3507,0.0,7,7,5
True,3,1.0,23500,True,75,80,True,32,87.5184,37.7373,1469,0.273,False,364,10,5,True,MPA001,93,False,298,0.0,49.8382,2,10,60,268,12.0212,0.0,53,7,2
False,2,1.0,58000,True,92,90,False,0,89.2519,50.0,1668,0.7326,True,365,52,5,False,MPA001,37,False,300,0.0,49.9566,3,10,57,444,12.673,0.0,22,8,9
False,2,1.0,91000,True,92,84,False,31,100.0,50.0,1534,49.429,False,345,88,4,False,MPA002,70,False,275,0.0,50.0,3,9,58,88,15.2444,0.0,54,6,14
,4,1.0,36000,True,71,85,True,19,100.0,50.0,440,0.0,False,376,33,5,True,MPA003,57,True,275,0.0,50.0,3,7,35,500,8.5803,0.0,61,8,9
True,4,1.0,89000,True,87,85,,42,100.0,50.0,1338,0.6101,False,320,75,4,True,MPA004,48,False,292,0.0,50.0,1,9,65,483,9.9338,0.0,64,6,8
True,2,1.0,38500,True,76,80,False,17,63.6538,35.2373,418,0.0,False,393,23,5,True,MPA002,54,False,298,0.0,49.9836,2,3,30,409,6.7524,0.0,98,7,1
False,4,1.0,79500,True,48,79,False,22,90.6548,50.0,823,0.0,True,295,75,5,False,MPA004,16,True,278,0.0,49.9533,1,10,17,201,9.6885,0.0,44,7,10
False,1,1.0,38500,True,26,82,False,16,90.0151,50.0,698,0.6984,True,350,34,5,True,MPA002,26,False,278,0.0,49.9218,1,8,55,273,10.1269,0.0,78,7,16
True,3,1.0,107500,True,27,85,False,29,65.0996,35.412,141,0.0,True,361,94,5,True,,3,False,292,0.0,49.968,1,0,47,256,10.5154,0.0,95,7,1
,2,1.0,28000,True,65,83,True,1,100.0,50.0,2000,0.1496,True,414,24,5,False,MPA004,12,False,268,0.0,50.0,2,10,44,342,8.8393,0.0,18,8,10
False,1,1.0,39500,True,49,78,True,35,99.4821,45.1795,650,0.0,False,310,36,5,False,MPA004,35,True,300,0.0,49.9247,3,7,38,479,11.7275,0.0,92,7,5
False,1,1.0,49000,True,78,82,False,16,89.9429,50.0,129,0.1877,True,219,45,5,True,MPA002,10,False,271,0.0,50.0,3,0,55,395,9.1732,0.0,76,8,13
,4,1.0,58000,True,74,86,True,12,100.0,50.0,1989,0.0361,,330,54,5,True,MPA003,41,False,295,0.0,49.9166,1,9,36,350,10.2777,0.0,81,6,12
True,2,1.0,91500,True,50,87,True,19,87.8522,37.6795,270,0.0,False,342,78,5,True,MPA003,61,True,300,0.0,50.0,3,6,43,162,10.6394,0.0,38,7,2
False,2,1.0,70000,True,85,83,True,25,91.526,40.1795,1026,0.0,False,278,67,5,False,MPA004,45,True,300,0.0,49.8865,4,9,26,271,10.1003,0.0,58,6,3
True,1,1.0,112500,True,46,83,True,6,100.0,48.1477,606,0.0063,True,278,98,5,False,MPA004,49,True,284,0.0,19.3485,3,10,14,473,4.5148,0.0,10,9,6
False,1,1.0,35000,True,9,88,True,28,99.5725,50.0,936,0.5984,True,349,31,5,False,MPA002,27,False,268,0.0,50.0,1,10,38,92,10.6345,0.0,40,8,17
True,3,1.0,94000,True,0,80,,41,78.4087,43.5379,1995,0.0,False,349,80,5,False,MPA001,50,True,271,0.0,49.9977,2,10,43,496,13.4974,0.0,74,8,4
False,1,1.0,95000,True,30,79,False,38,90.8679,50.0,1778,0.8419,False,389,90,5,True,MPA004,36,,258,0.0,49.9222,1,10,45,405,9.8393,0.0,57,8,15
False,2,1.0,40000,True,24,79,True,8,100.0,50.0,1597,0.0,False,414,34,5,False,MPA002,72,True,280,0.0,49.8154,2,10,69,217,10.427,0.0,33,8,13
False,1,1.0,37500,True,37,88,False,46,82.2224,45.9471,203,0.0,False,370,32,5,True,MPA003,20,,274,0.0,49.9307,1,1,64,178,12.0611,0.0,73,7,5
False,3,1.0,35500,True,15,87,False,40,89.6701,50.0,850,0.1839,False,401,33,5,False,MPA004,29,False,285,0.0,50.0,1,8,28,133,12.7153,0.0,98,7,7
False,1,1.0,56000,True,18,92,,17,90.6755,50.0,1512,0.0,True,253,54,5,True,MPA003,6,False,290,0.0,49.9674,3,10,56,274,11.8926,0.0,52,6,7
True,4,1.0,94500,True,43,85,False,13,64.3242,35.1795,264,0.0,,315,80,4,False,MPA002,76,False,300,0.0,50.0,1,2,41,404,15.2699,0.0,79,7,1
False,3,1.0,95500,True,65,90,False,33,88.7541,50.0,88,0.0,False,360,91,5,False,MPA001,75,True,300,0.0,49.9821,2,0,53,258,9.6348,0.0,47,7,18
False,2,1.0,29500,True,71,91,False,33,93.1755,50.0,50,5.1157,,401,25,5,False,MPA004,35,False,294,,50.0,2,0,48,186,12.0737,0.0,93,7,16
True,4,1.0,96000,True,11,80,True,10,79.1983,32.6795,1470,0.0,False,373,83,5,True,MPA002,67,True,300,0.0,49.9975,4,10,46,247,11.1622,0.0,8,8,0
