shipping_route_presence,pollution_level,daily_sunlight_hours,human_activity_score,reef_proximity_to_land,coral_biodiversity_percentile,seasonal_current_variation,water_temperature,coral_species_count,plankton_density,marine_predator_density,reef_location,reef_is_protected,cloud_cover,salinity_variation,sea_surface_temperature,nutrient_upwelling_frequency,ocean_depth,fishing_activity,water_clarity
True,low,7.1957,7,0.0,76.1412,low,7.1733,453,23.5871,88,Arctic,True,15.6392,9.5068,12.295,96.5569,887,high,35.3805
False,high,4.6972,4,96.6782,50.0,medium,11.0917,380,16.0915,85,Pacific,False,15.7591,9.8723,9.115,46.6405,1179,high,23.3307
False,high,6.4744,2,0.0,50.0,high,15.313,469,21.4231,94,Atlantic,False,16.5459,9.2831,9.245,53.1962,1277,high,32.2533
True,high,5.9218,6,0.0,50.0,medium,17.1524,35,19.7654,94,Pacific,False,17.9479,8.914,23.34,93.664,124,high,29.984
False,low,6.9161,3,0.0,77.7166,low,17.2563,97,22.7482,98,Arctic,True,17.0937,9.5818,14.48,107.4006,1008,high,34.5974
True,medium,5.7379,6,0.0,50.0,medium,11.1089,319,23.2137,98,Southern,False,16.4645,9.0109,20.71,86.6793,246,low,28.5697
False,low,5.7425,5,0.0,62.7433,high,15.4827,420,19.2276,96,Arctic,False,17.9521,8.8819,18.695,80.9606,487,high,29.4957
True,high,5.7172,7,0.0,50.0,high,19.3382,292,19.1515,92,Indian,True,17.153,9.7225,-2.0,28.5358,1945,high,28.6208
True,medium,5.2014,8,7.3323,50.0,low,14.5272,306,21.6041,80,Atlantic,False,18.1646,9.536,1.98,52.0587,1388,low,26.5903
True,high,6.1604,4,0.0,50.0,medium,21.6614,317,,94,Indian,False,16.8623,9.9606,15.95,72.8479,670,medium,30.6699
False,medium,7.9131,1,7.2698,50.0,medium,12.6079,486,29.7393,85,Indian,False,14.9433,9.5495,26.86,101.2218,156,low,38.9414
False,high,5.2285,5,0.0,50.0,low,16.5616,372,17.6856,87,Pacific,False,16.1475,9.3363,5.235,64.7174,1331,high,26.2265
False,medium,6.691,8,0.0,50.0,medium,15.9461,259,22.073,87,Atlantic,False,16.3345,9.2399,7.185,47.6796,1041,high,33.2428
False,medium,5.9354,5,0.0,50.0,low,13.3124,298,23.8062,98,Atlantic,True,18.0133,8.6686,24.605,154.6444,173,low,29.6757
True,,7.4565,1,0.0,50.0,high,18.7492,338,28.3694,90,Atlantic,False,16.0169,9.4025,2.21,36.1265,1746,low,37.0595
False,high,6.4222,5,0.0,50.0,low,19.7285,36,,89,Indian,True,17.4241,9.0543,10.235,86.6158,1131,medium,32.5341
False,low,6.5884,2,55.0778,90.3603,low,7.1693,349,25.7653,83,Arctic,True,16.1322,9.6367,19.825,129.4326,705,low,33.0236
True,high,6.3845,4,0.0,50.0,medium,16.0467,322,,93,Indian,False,15.7704,9.6438,25.55,99.0081,30,medium,31.3958
False,low,7.6165,2,0.0,,low,10.8153,20,,99,Southern,False,17.5114,8.8561,28.4,168.498,0,medium,38.4493
False,low,5.8312,7,0.0,55.5481,medium,7.8624,396,23.4937,88,Atlantic,False,18.346,9.038,-2.0,28.5358,1966,low,29.4849
False,medium,4.9973,1,36.7925,50.0,high,11.9262,76,,90,Southern,False,18.0529,9.7879,25.15,95.0014,270,medium,25.4241
True,medium,5.4873,7,0.0,50.0,high,14.1569,41,18.462,89,Pacific,False,18.3094,8.5472,0.8,33.3594,1520,high,28.2173
False,,7.562,1,0.0,,medium,14.0006,326,,91,Arctic,True,16.4034,9.2557,9.795,54.7282,1427,medium,37.6098
True,low,5.6072,3,0.0,68.7455,low,11.244,251,22.8217,92,Arctic,False,15.3559,9.4559,8.145,77.007,1297,low,27.4229
True,high,4.8131,3,0.0,50.0,low,15.0875,445,20.4392,90,Atlantic,False,20.8034,8.563,22.105,144.1023,313,low,25.4129
False,high,7.241,3,0.0,50.0,low,16.5704,261,,89,Atlantic,True,16.1929,9.0464,20.48,136.7343,608,medium,36.0507
True,high,5.4193,2,0.0,50.0,medium,21.5082,222,18.2578,90,Southern,True,15.4295,9.7507,1.58,34.8618,1868,high,26.8207
False,medium,6.6338,5,0.0,50.0,high,13.0454,28,25.9014,94,Indian,False,17.8259,8.7308,19.43,83.0768,438,low,33.6794
True,medium,5.9319,3,0.0,50.0,high,15.473,332,23.7957,91,Southern,False,15.6802,9.4746,21.055,87.6296,383,low,29.4173
False,medium,6.1317,1,52.7188,50.0,low,10.0002,390,,89,Arctic,False,18.8841,9.8295,12.59,93.9106,1054,medium,31.5711
True,high,5.9317,8,0.0,50.0,high,8.1806,470,,97,Arctic,True,17.7726,9.8479,-2.0,28.5358,1865,medium,30.1936
False,high,6.7857,2,0.0,50.0,high,13.1007,495,26.357,97,Atlantic,False,16.7717,9.5708,-0.985,30.183,1959,low,33.7461
True,high,6.389,6,0.0,50.0,medium,12.222,200,21.1669,87,Atlantic,True,18.2157,9.2459,15.87,72.6084,702,high,32.503
False,high,5.54,2,183.6372,50.0,high,12.9797,105,18.6201,81,Arctic,False,18.2245,9.9603,2.69,28.7147,1714,high,28.2208
True,high,5.7444,5,0.0,50.0,medium,15.7523,278,23.2331,92,Arctic,True,20.0305,9.8897,-0.49,31.0277,1846,low,29.8645
False,high,7.0162,4,0.0,50.0,high,10.6375,362,23.0487,92,Atlantic,True,15.2918,8.328,14.53,68.5903,898,high,34.6832
False,high,5.6042,5,0.0,50.0,medium,15.7996,366,,94,Indian,False,15.1667,9.3484,7.95,49.6846,1150,medium,27.4671
False,medium,5.5738,6,0.0,50.0,low,14.2783,251,22.7215,82,,True,17.1695,9.247,0.12,46.8444,1752,low,28.0932
True,high,5.4292,2,0.0,50.0,medium,15.0511,257,,90,Southern,False,18.2159,9.6231,23.205,93.3211,293,medium,27.5932
True,low,6.6,8,0.0,60.5274,high,13.6907,163,25.7999,100,Pacific,True,19.8305,9.4474,-1.24,29.7585,1736,low,33.9788
False,low,6.5688,8,0.0,,medium,19.9591,500,,88,Southern,True,12.4555,9.3674,22.18,90.66,228,medium,31.2153
True,low,5.2926,1,0.0,,low,15.6957,464,,86,Atlantic,False,15.5438,9.6936,10.94,89.9743,1164,medium,26.0703
True,high,6.1299,1,0.0,50.0,high,13.1083,500,24.3897,92,Atlantic,False,16.8626,9.518,10.055,55.4601,1223,low,30.793
False,low,7.0949,1,0.0,64.2375,medium,24.4075,500,23.2846,100,Southern,False,15.785,10.0,11.255,58.8945,1143,high,34.9131
False,medium,5.5077,1,0.0,50.0,medium,8.7252,303,18.5231,94,Indian,False,15.6698,9.336,27.73,103.7507,98,high,27.3124
True,low,4.5837,3,0.0,81.9023,low,16.3696,274,19.751,94,Southern,True,15.8285,9.9982,21.485,141.3345,541,low,23.092
False,low,6.1471,4,0.0,,medium,8.0103,232,,95,Arctic,False,17.7787,9.6197,11.06,58.3306,996,medium,31.2937
False,medium,6.0774,4,0.0,50.0,high,23.367,270,,89,Indian,False,16.5875,8.2444,-1.55,29.2521,1890,medium,30.3696
False,medium,6.1414,5,0.0,50.0,low,13.2731,56,,93,,True,14.1771,9.5999,-1.51,42.1948,1914,medium,29.8041
False,low,6.6176,1,0.0,95.1989,low,17.2774,225,21.8528,89,Pacific,True,17.1181,9.4903,29.385,171.6445,121,high,33.4761
False,high,5.5422,5,0.0,50.0,high,12.9889,366,,93,Indian,False,16.0197,9.244,21.39,88.5433,254,medium,27.5295
False,low,6.1497,7,86.7118,63.5156,low,11.8048,118,20.4492,83,Southern,True,15.9903,9.7201,9.07,75.391,1102,high,30.7202
False,medium,6.3517,3,0.0,50.0,low,15.3023,299,25.0551,89,,True,16.2748,8.8882,6.8,71.1527,1520,low,31.6601
False,medium,7.1002,9,88.6907,50.0,high,17.8327,463,27.3005,86,Southern,False,15.6174,9.8892,-2.0,22.6551,1670,low,34.9774
True,low,4.9302,1,0.0,64.7001,medium,13.8275,323,20.7907,95,Arctic,False,19.0839,8.7293,17.365,77.0621,789,low,25.3673
True,low,5.6597,9,0.0,74.5226,high,17.7643,231,22.979,97,,True,16.1594,9.077,23.96,95.2152,56,low,28.1451
False,,5.9856,1,0.0,50.0,medium,15.2465,45,,92,,True,15.5064,8.8408,21.375,88.5026,655,medium,29.591
False,,6.6092,4,0.0,73.6645,medium,12.5992,170,21.8276,91,Pacific,False,16.5492,8.8809,26.0,100.0312,0,high,32.8131
False,high,6.5067,3,0.0,50.0,high,21.2008,456,,89,Southern,True,17.3296,9.3603,22.19,90.6864,494,medium,33.038
True,high,8.0875,3,0.0,50.0,high,12.4204,236,,92,Arctic,True,13.0161,9.7104,8.205,50.3647,1373,medium,38.8525
False,high,6.8683,1,0.0,50.0,medium,24.0839,116,22.605,84,Arctic,True,17.1056,9.2998,30.4,108.8158,0,high,34.5177
True,medium,6.0097,5,0.0,50.0,low,17.7526,365,,97,,True,21.6658,9.083,20.38,136.2694,508,medium,32.1435
True,low,5.6542,7,0.0,,high,15.413,252,,94,Arctic,True,17.2811,8.5044,6.03,44.7601,1358,medium,28.4473
False,medium,6.8934,1,0.0,50.0,low,16.3549,15,26.6801,95,Atlantic,False,16.3225,8.7803,21.475,141.2894,515,low,34.3271
True,high,4.5361,7,4.5422,50.0,low,17.7958,231,,84,Atlantic,True,20.2319,9.6421,20.445,136.1277,397,medium,23.6954
True,medium,5.7605,7,0.0,50.0,low,10.6339,297,23.2816,89,Pacific,True,15.5404,9.0708,1.465,51.0598,1609,low,28.4333
False,medium,6.4935,8,0.0,50.0,medium,18.6137,448,21.4804,90,Southern,False,16.088,9.212,19.715,83.8886,259,high,32.3954
True,low,5.0475,2,0.0,56.9013,medium,15.9066,95,21.1425,99,Indian,True,19.1103,9.0248,7.585,48.7211,1521,low,26.3546
False,high,4.0896,4,0.0,50.0,low,21.2926,336,14.2688,84,Indian,False,14.9696,8.6815,-1.235,42.9445,1869,high,20.3992
True,high,6.8567,3,0.0,50.0,high,13.4949,284,22.5702,87,Atlantic,True,18.8123,9.3844,15.03,70.09,918,high,35.2489
True,high,7.5026,4,0.0,50.0,high,15.6925,500,24.5079,91,Pacific,False,15.813,9.8785,23.725,94.6319,205,high,36.8843
True,high,5.3167,4,0.0,50.0,medium,18.0205,491,21.9502,96,Pacific,False,18.6066,8.5382,22.685,91.9836,221,low,27.548
False,low,5.9804,5,0.0,,high,7.3263,362,,96,Pacific,True,13.6429,8.3563,24.895,97.4787,207,medium,28.963
True,medium,5.7657,9,90.0,50.0,high,9.2405,154,,86,Arctic,True,15.7755,9.9786,22.895,86.5926,127,medium,28.3964
False,medium,5.4789,5,0.0,50.0,medium,15.3001,412,,95,Indian,False,19.4585,9.1051,-2.0,28.5358,1822,medium,28.0542
True,low,5.8829,9,80.0,57.2309,high,6.919,406,19.6487,87,Atlantic,False,20.2043,10.0,13.425,59.778,625,high,30.7474
True,low,7.3854,8,0.0,72.2341,high,15.435,258,24.1563,95,Indian,True,16.8662,9.5823,18.275,79.7381,435,high,37.1672
True,medium,5.2536,4,0.0,50.0,low,25.3637,68,,98,Arctic,False,19.5784,9.6992,22.9,147.5663,260,medium,27.008
True,medium,5.2261,7,0.0,50.0,high,14.8147,381,17.6782,95,Pacific,False,16.2072,8.944,18.575,80.6122,335,high,26.2119
False,low,5.6886,6,0.0,65.7502,low,9.5137,38,23.0657,95,Pacific,True,18.6141,9.349,5.405,65.3957,1453,low,29.3546
True,medium,4.0201,1,0.0,50.0,low,18.2863,217,18.0604,97,Atlantic,True,18.2625,9.8174,23.995,152.1693,427,low,20.8724
False,low,5.033,2,0.0,,high,11.515,454,,90,Pacific,False,17.8334,9.6138,22.67,91.9446,382,medium,25.4723
True,high,5.3098,8,0.0,50.0,medium,17.0353,152,,92,Southern,True,18.4611,9.0228,-0.83,30.4445,1762,medium,27.349
True,high,4.5548,3,0.0,50.0,low,13.2861,497,19.6644,95,Arctic,False,16.2598,9.351,17.47,122.2876,622,low,22.723
True,high,5.1207,1,0.0,50.0,high,13.6386,445,21.362,92,Pacific,False,18.5885,9.6491,24.925,97.5498,285,low,26.1258
True,medium,5.6319,1,0.0,50.0,low,12.6065,413,18.8956,92,Indian,True,16.5502,9.8698,2.595,54.8698,1907,high,28.3167
False,medium,5.4655,2,0.0,50.0,high,12.5035,478,18.3965,91,Atlantic,True,17.3861,9.2218,12.355,62.1109,1203,high,27.4003
True,low,6.7619,7,0.0,69.3328,medium,8.3887,458,26.2858,98,,True,15.2721,9.7689,10.2,55.8703,1080,low,33.3188
True,,5.5356,4,0.0,50.0,medium,20.3754,492,,88,Southern,False,17.1681,8.2297,6.385,45.6431,1361,medium,27.9231
True,high,5.3289,3,0.0,50.0,medium,13.3984,500,,97,,False,16.9704,8.859,18.375,80.03,615,medium,26.5499
True,medium,4.5643,1,0.0,50.0,medium,8.2991,129,15.6929,89,Pacific,False,18.3476,9.7577,4.595,41.3264,1587,high,23.4726
False,high,7.5787,4,0.0,50.0,high,16.3706,275,24.736,95,Arctic,True,14.8591,9.44,14.385,68.1556,961,high,37.2112
True,medium,6.7949,3,0.0,50.0,low,7.3191,341,22.3847,100,,False,20.7938,9.1174,22.375,145.2898,295,high,35.6484
False,low,5.8204,4,0.0,,medium,5.571,137,,92,Indian,False,20.5234,9.2011,2.285,36.2801,1581,medium,30.3788
False,low,6.5503,1,0.0,67.5899,medium,24.936,60,21.6508,92,Pacific,False,18.3955,8.6522,18.695,80.9606,647,high,33.2343
True,medium,5.956,3,0.0,50.0,high,17.027,408,23.8681,88,Pacific,False,16.9761,9.2817,9.045,52.6449,1237,low,29.6863
True,medium,5.9248,4,0.0,50.0,low,8.0965,331,,84,Arctic,False,18.118,9.059,15.82,114.0977,732,medium,30.083
False,high,4.974,4,0.0,50.0,high,10.4415,500,16.922,89,Indian,True,16.7196,9.4403,19.155,82.2887,643,high,24.8116
False,high,5.3156,2,0.0,50.0,medium,11.3102,470,21.9469,96,Atlantic,False,18.7961,8.8267,27.48,103.2344,8,low,27.5316
True,low,6.4249,1,0.0,66.8183,low,10.6849,99,25.2747,93,Indian,True,13.0985,9.3081,2.41,54.2292,1866,low,30.7101
False,high,6.3878,1,11.1412,50.0,high,21.321,161,,82,,True,17.0069,9.4746,30.18,107.375,68,medium,32.3756
False,medium,6.2052,6,0.0,50.0,high,12.5087,301,,89,,True,14.2397,9.1469,4.815,41.8384,1439,medium,30.1144
False,medium,6.088,1,0.0,50.0,low,11.3441,318,24.2639,99,Indian,False,18.3747,9.8013,10.99,90.2144,1214,low,31.2542
False,high,6.9482,7,0.0,50.0,high,9.116,427,26.8447,97,Pacific,True,17.2422,9.3916,26.4,100.9216,0,low,34.8576
True,low,6.8002,1,0.0,,low,13.7087,425,,89,Indian,False,16.2325,8.9915,7.825,75.5887,1425,medium,34.1529
True,high,6.694,1,0.0,50.0,high,10.3942,207,22.082,92,Indian,True,13.9674,9.1899,24.9,97.4906,420,high,32.357
False,high,7.4829,5,0.0,50.0,medium,18.2113,274,,92,Pacific,False,16.7558,9.109,10.86,57.7544,956,medium,37.5558
True,high,5.5608,5,0.0,50.0,medium,14.2752,347,,89,Atlantic,False,16.1966,9.2257,7.13,47.5376,1258,medium,27.5372
False,medium,5.9655,6,80.0,50.0,low,22.7988,169,,92,,False,18.0119,9.9675,22.87,141.9307,102,medium,30.1915
False,medium,6.0618,2,0.0,50.0,low,11.937,231,,84,,False,16.9353,9.349,3.425,57.8244,1665,medium,30.2223
True,medium,6.1259,8,50.0,50.0,high,10.1206,238,,90,Arctic,True,16.1016,10.0,12.575,58.8257,815,medium,30.5936
True,medium,6.3916,6,0.0,50.0,medium,3.9445,368,,91,Arctic,True,17.8186,9.7401,22.425,91.3051,265,medium,32.3729
True,high,6.9625,6,0.0,50.0,medium,16.7351,497,,93,Pacific,True,16.8236,9.3692,13.575,65.7322,855,medium,34.9084
False,medium,6.5674,6,0.0,50.0,low,15.0972,218,25.7022,96,Indian,False,18.3429,9.268,9.615,83.7073,1039,low,33.7042
True,high,5.8696,2,0.9778,50.0,high,14.2075,36,23.6089,84,Indian,True,19.7542,9.6589,24.17,95.6343,362,low,30.2927
False,medium,5.231,4,0.0,50.0,medium,13.8141,224,21.6929,91,Pacific,True,19.5811,9.0379,9.615,54.2244,1279,low,27.1714
True,,6.3775,8,0.0,,low,13.2994,213,,98,Indian,False,17.0163,8.2704,5.055,64.0048,1183,medium,31.9453
True,low,6.0113,8,0.0,,medium,9.8665,430,,97,Southern,True,16.4977,9.1883,15.625,71.8744,665,medium,30.1311
False,high,5.2305,8,0.0,50.0,medium,18.5597,257,17.6915,94,Indian,True,15.5503,9.158,13.735,66.2101,791,high,26.1048
False,low,6.5674,9,0.0,56.8881,high,19.1165,302,21.7022,89,Southern,False,16.3817,9.3244,6.105,44.9456,1113,high,32.7475
False,,6.3644,1,0.0,67.0363,high,15.5515,467,21.0931,92,,False,17.8605,9.3562,19.345,82.8337,657,high,31.9182
False,medium,5.5305,1,0.0,50.0,medium,10.959,431,22.5914,86,Pacific,False,16.8405,8.4647,15.47,71.4097,862,low,27.7787
True,high,6.2939,8,0.0,50.0,high,17.2705,26,,95,Indian,False,18.8476,9.2821,14.735,69.205,591,medium,32.4408
False,low,6.6058,8,0.0,53.4389,medium,9.9274,314,21.8174,88,Southern,False,16.0692,8.8416,0.435,32.6804,1491,high,33.0257
True,medium,6.9927,2,0.0,50.0,low,7.8585,13,,94,Indian,True,18.3104,9.1291,5.365,65.2356,1669,medium,35.4861
False,high,5.903,8,0.0,50.0,high,14.6445,333,,78,,False,18.5046,8.7194,5.82,44.2439,1132,medium,30.0917
False,high,5.9327,4,148.4994,50.0,low,18.7567,393,,84,Pacific,True,19.0931,9.9856,27.13,156.4309,58,medium,30.4503
False,high,6.7782,8,0.0,50.0,high,6.5225,130,,88,Southern,True,17.0715,8.3701,21.305,88.3123,233,medium,33.9154
True,medium,5.4346,4,0.0,50.0,medium,10.3436,475,,83,Indian,False,16.9628,9.3795,9.505,53.9177,1153,medium,27.0212
True,high,4.7328,5,0.0,50.0,low,7.8253,299,,87,Arctic,True,17.6773,9.5621,6.545,70.0755,1377,medium,24.0413
True,high,4.7007,2,0.0,50.0,medium,21.6072,320,20.1022,88,,False,15.3213,8.6185,2.63,36.995,1718,low,23.3165
True,medium,5.5371,2,0.0,50.0,high,18.3908,193,18.6114,92,Pacific,False,14.3995,9.2741,17.42,77.2248,732,high,26.9947
False,low,6.0489,6,0.0,,low,21.0061,88,,88,Pacific,True,19.3186,9.4297,21.48,141.3119,328,medium,31.1736
False,medium,6.5313,3,0.0,50.0,low,15.8838,57,21.594,94,Arctic,True,18.3699,9.3968,22.995,147.9735,387,high,33.2668
True,high,7.1385,5,0.0,50.0,medium,14.6195,323,23.4154,87,Pacific,False,16.9666,8.9922,3.455,38.7602,1503,high,35.3804
False,,5.9525,7,0.0,69.4613,high,20.5714,116,23.8574,99,Pacific,False,16.9274,8.26,15.83,72.4886,518,low,29.8189
True,high,6.5431,5,0.0,50.0,medium,18.945,118,21.6292,98,,False,18.016,9.5526,23.34,93.664,124,high,33.4365
False,high,6.4536,6,0.0,50.0,low,19.0114,60,,98,Indian,False,17.5662,8.6024,-0.71,44.4148,1674,medium,32.6249
True,high,5.8618,1,0.0,50.0,low,10.8495,15,,88,Pacific,True,18.392,8.6403,13.87,104.356,1102,medium,29.8564
False,,4.2385,1,0.0,50.0,medium,17.5889,81,18.7155,98,Arctic,True,17.8659,8.3277,1.98,35.6594,1948,low,21.4663
True,medium,5.5587,8,0.0,50.0,low,19.5684,313,22.676,85,Arctic,False,16.9943,8.9791,6.405,69.4888,1093,low,27.7739
True,medium,7.343,7,0.0,50.0,medium,16.7233,56,24.0291,98,,False,18.4783,9.0003,16.04,73.1172,504,high,37.4677
True,low,5.4373,7,0.0,,low,12.0295,2,,86,,True,16.0242,7.9515,2.26,53.7147,1556,medium,26.9192
False,medium,5.5059,5,0.0,50.0,medium,14.6679,7,18.5178,97,Atlantic,False,16.3097,9.5643,5.735,44.0362,1351,high,27.4851
True,low,6.4345,3,0.0,68.8083,high,13.0198,73,25.3034,90,Pacific,False,14.9555,9.2414,11.865,60.6713,1049,low,31.6473
False,medium,5.8281,1,0.0,50.0,medium,27.1741,391,23.4844,93,,True,17.8094,9.2411,7.065,47.3701,1609,low,29.7923
True,,7.3856,4,0.0,50.0,medium,17.5533,500,24.1569,87,Southern,False,14.6149,9.2202,2.21,36.1265,1586,high,35.9854
False,medium,5.7783,1,0.0,50.0,medium,17.7504,379,23.3349,92,Southern,True,18.3101,9.3031,23.665,94.482,449,low,29.5814
True,medium,4.7089,3,0.0,50.0,medium,11.951,124,,91,Pacific,False,17.3865,9.6705,8.325,50.6868,1285,medium,23.9432
True,high,7.1125,2,0.0,50.0,medium,15.4654,154,,82,Atlantic,True,15.9482,9.0542,23.08,93.002,488,medium,35.0781
False,,6.6306,5,109.1163,50.0,medium,9.8072,154,21.8918,87,Arctic,True,17.4564,9.9169,0.305,25.8005,1793,high,33.3223
False,medium,5.7386,7,0.0,50.0,high,13.379,324,,88,Arctic,False,19.5069,8.9429,22.39,91.2133,134,medium,29.7098
False,low,5.2088,5,0.0,60.211,low,9.3889,211,21.6265,91,Southern,False,16.0167,8.9174,3.065,56.5267,1529,low,25.9072
False,low,7.4492,4,0.0,75.7378,high,17.053,282,24.3475,88,Pacific,True,19.0782,9.4062,21.985,90.1426,401,high,38.4633
True,high,4.932,5,20.0,50.0,medium,16.8368,366,20.7959,92,Southern,True,16.6441,10.0,18.875,79.669,555,low,24.5682
True,high,5.6215,8,0.0,50.0,low,14.2408,448,22.8646,99,Southern,True,15.902,9.2776,17.075,120.3379,515,low,27.9143
True,low,5.4517,1,0.0,56.1211,high,13.2693,452,18.355,97,Atlantic,True,18.8366,8.848,13.23,64.7038,1198,high,28.0318
True,low,5.9409,1,0.0,78.9085,medium,10.2653,34,23.8228,95,Arctic,False,19.986,8.1799,27.955,104.2092,83,low,30.8943
False,high,5.999,4,0.0,50.0,medium,12.4165,212,,89,Atlantic,True,16.8466,9.1636,23.07,92.9764,382,medium,29.9317
False,medium,6.0994,2,0.0,50.0,low,7.1673,273,24.2981,92,Arctic,True,18.2022,8.7687,10.48,87.7771,1328,low,31.0
False,low,6.2931,4,0.0,89.6388,low,12.6518,475,24.8792,91,Pacific,False,14.5166,9.3243,19.67,132.9347,422,low,30.7073
True,low,7.1022,1,0.0,100.0,low,17.4196,309,27.3067,98,Atlantic,True,18.5186,9.0212,27.18,164.3423,268,low,36.2758
True,high,6.9992,6,0.0,50.0,medium,13.8816,420,,89,Arctic,False,17.7712,8.3586,-2.0,28.5358,2000,medium,35.6267
True,low,5.0815,3,0.0,47.2901,low,14.4673,86,17.2445,93,,False,15.7992,9.1915,-1.335,42.6703,1929,high,25.3436
True,high,6.467,10,0.0,50.0,medium,13.5786,297,25.401,96,Atlantic,True,14.6493,9.0487,-1.92,28.6616,1728,low,31.2763
True,medium,7.0306,2,0.0,50.0,low,12.0496,437,23.0917,93,Arctic,True,18.0881,9.4487,27.97,167.0659,162,high,35.6803
False,high,7.387,4,0.0,50.0,low,11.5606,431,28.1611,93,Pacific,False,16.3765,9.3293,-1.15,43.1791,1810,low,36.8543
True,low,6.3238,5,0.0,61.9241,low,13.8432,17,20.9713,88,Pacific,True,16.7155,8.7569,5.705,66.6052,1433,high,31.5794
True,low,7.5014,7,0.0,,medium,14.6732,463,,97,Southern,False,16.6868,9.9708,11.935,60.8763,831,medium,37.6248
True,low,7.8076,8,0.0,100.0,low,19.6187,156,29.4229,87,,True,19.1795,8.5612,22.21,144.5654,226,low,40.2519
False,,5.4308,3,0.0,66.0649,medium,21.2687,351,18.2925,86,Pacific,False,19.373,8.981,25.23,98.2668,158,high,28.2506
False,low,5.3569,6,0.0,60.9707,high,9.1831,292,22.0708,95,Indian,True,15.763,9.0519,10.28,56.0972,1128,low,26.6104
True,high,5.3355,1,20.0,50.0,high,11.0932,406,18.0066,93,Pacific,False,16.26,10.0,26.735,99.8406,111,high,26.6505
False,high,6.1771,1,0.0,50.0,low,14.3729,178,24.5314,98,Indian,True,17.5726,8.6793,28.755,169.6535,163,low,31.1365
False,high,6.7332,4,0.0,50.0,high,7.304,219,,90,Southern,False,14.98,9.4974,10.16,55.757,1056,medium,33.134
False,medium,5.9757,5,0.0,50.0,medium,8.6252,234,23.9271,88,Indian,True,19.4425,8.8106,-0.065,31.775,1871,low,30.7815
True,medium,5.4157,1,0.0,50.0,high,14.9845,416,,91,Southern,False,20.2619,8.3626,0.37,32.5611,1922,medium,28.5286
False,medium,5.7581,1,0.0,50.0,medium,13.6908,37,23.2744,79,Indian,False,14.1793,8.2976,20.86,87.0936,556,low,27.9956
False,medium,4.6463,9,0.0,50.0,medium,19.9466,1,15.9388,85,Atlantic,False,17.4321,8.2333,18.015,78.9771,319,high,23.4884
False,,6.4421,4,0.0,74.2312,high,22.3932,172,25.3263,98,Arctic,False,20.0399,9.317,17.885,78.5955,541,low,33.4341
False,,5.2605,9,0.0,50.0,medium,18.7435,306,17.7816,85,Arctic,True,18.2209,9.1595,10.205,55.8844,973,high,26.7174
True,high,6.1344,1,0.0,50.0,high,13.6203,325,,99,Indian,False,21.0832,9.5128,5.81,44.2194,1506,medium,32.4125
True,high,6.9324,7,0.0,50.0,medium,18.077,362,26.7972,87,Pacific,False,17.8715,9.1336,20.365,85.7197,269,low,35.0261
False,,7.239,3,0.0,50.0,low,17.0597,179,,86,Pacific,True,13.5189,9.2456,7.785,75.4126,1401,medium,34.9636
False,medium,6.9944,6,20.0,50.0,high,15.9231,100,,98,Southern,False,18.5879,10.0,7.12,45.6991,1152,medium,35.9774
False,high,7.329,3,0.0,50.0,low,18.7384,62,23.987,100,Atlantic,True,15.3968,8.6603,12.455,97.3432,1143,high,36.0826
True,medium,6.7764,4,0.0,50.0,medium,15.7083,17,,91,Atlantic,False,15.5469,9.0848,0.535,32.8649,1751,medium,33.3336
True,high,5.1896,3,0.0,50.0,medium,12.8368,135,17.5689,92,Arctic,True,19.7867,9.365,11.64,60.0138,1144,high,26.633
False,high,5.8819,3,25.7647,50.0,low,16.0979,484,,94,,False,18.3684,9.8242,16.21,113.7713,706,medium,30.0387
False,low,5.4573,4,0.0,53.3047,high,10.3209,110,22.372,92,Indian,False,16.6886,9.1056,-2.0,28.5358,1970,low,27.2192
False,low,6.1378,5,0.0,,medium,13.51,36,,91,Pacific,True,19.9498,8.785,13.885,66.6585,941,medium,32.1718
True,low,6.3371,3,0.0,51.7939,medium,8.1279,260,21.0114,94,Pacific,True,15.2519,9.1408,0.375,32.5702,1895,high,30.9437
True,low,6.4158,1,0.0,61.0088,medium,13.5607,423,21.2474,92,Pacific,False,18.0976,9.0904,12.22,61.7133,1132,high,32.9315
False,low,6.4347,10,97.1973,,low,14.322,292,,89,Indian,True,19.6704,9.9657,2.385,47.9265,1441,medium,33.4693
True,low,6.5813,2,0.0,68.3561,low,19.1664,62,21.7439,99,Arctic,True,15.2494,9.186,9.44,82.8947,1344,high,32.2276
False,,5.9692,4,0.0,50.0,high,11.6712,28,23.9077,94,Arctic,True,17.4027,9.2089,11.185,58.6918,1121,low,30.2478
True,,6.4671,1,0.0,50.0,medium,12.0955,312,25.4014,92,Southern,True,15.9082,9.0516,15.36,71.0799,1056,low,32.5583
True,low,5.8471,1,0.0,55.0207,medium,11.9237,255,19.5413,99,Arctic,True,17.5621,9.2294,9.22,53.1272,1412,high,29.6166
False,medium,5.5191,9,2.7741,50.0,high,9.8301,489,,88,Atlantic,False,17.4825,9.5791,-0.495,30.7454,1553,medium,27.5095
True,medium,6.5304,2,0.0,50.0,low,15.7044,243,25.5912,87,Pacific,True,16.1933,9.1052,1.925,52.5811,1845,low,32.27
False,high,6.5032,2,0.0,50.0,medium,11.6228,442,21.5097,91,Atlantic,True,19.3839,9.2391,24.455,96.4251,343,high,33.6634
False,medium,6.8544,2,0.0,50.0,high,14.5508,43,,88,Atlantic,True,16.6333,9.4837,17.875,78.5661,835,medium,34.0927
False,low,6.6234,3,0.0,73.0619,medium,21.9135,116,21.8701,84,Atlantic,False,18.2769,9.2483,25.005,97.7388,173,high,33.804
True,low,5.4595,4,0.0,57.3858,high,18.8582,435,22.3785,88,Atlantic,False,18.151,8.9028,4.925,42.0963,1405,low,27.733
False,high,7.1937,6,22.4781,50.0,medium,21.4331,398,,86,,False,16.4299,9.5986,15.865,70.5803,569,medium,36.0387
False,medium,4.768,1,19.4471,50.0,low,14.2087,272,20.304,85,Atlantic,False,16.2923,9.5676,8.305,75.9545,1393,low,23.8964
True,low,7.551,1,0.0,,medium,16.1804,41,,94,Atlantic,True,17.8413,9.2951,26.8,101.7937,240,medium,38.1933
False,high,6.6955,1,0.0,50.0,low,16.181,468,,88,Atlantic,True,17.0924,9.1648,11.79,94.0864,1294,medium,33.6905
False,low,6.7259,8,3.6909,,medium,17.203,111,,85,Pacific,False,15.5799,9.4776,11.705,59.8411,793,medium,33.0722
True,medium,6.8686,4,0.0,50.0,high,14.5268,382,26.6058,95,Arctic,True,15.0153,9.9211,20.77,86.8452,482,low,33.6208
True,,6.9321,1,60.0,50.0,high,16.0043,10,26.7962,89,Pacific,False,18.0068,9.9924,16.195,69.0689,867,low,35.0197
False,high,5.9282,1,0.0,50.0,low,23.8745,451,19.7845,87,Indian,True,16.2998,9.4527,26.28,161.0939,328,high,29.6295
True,low,5.4032,2,0.0,50.3312,medium,17.818,183,18.2095,100,Southern,False,13.6514,9.5247,6.675,46.374,1395,high,26.1169
False,low,6.5779,1,0.0,69.6119,medium,19.2588,177,21.7337,98,Southern,True,16.5334,8.9746,20.88,87.1487,688,high,32.8415
True,low,6.3824,3,0.0,61.163,medium,13.2667,443,25.1472,99,Arctic,False,17.9005,9.0931,2.26,36.2288,1636,low,32.788
True,high,5.806,6,0.0,50.0,medium,8.7464,401,23.4179,99,Atlantic,True,17.0624,8.2209,1.155,34.0345,1683,low,28.879
True,high,5.0485,6,0.0,50.0,high,8.16,375,,89,,True,16.9627,8.1518,4.805,41.815,1493,medium,25.4401
True,low,6.0685,3,0.0,78.5101,low,21.194,111,24.2055,89,Pacific,False,14.6645,9.1658,13.06,100.3303,916,low,29.7514
False,,5.493,9,0.0,,high,5.7307,257,,95,Southern,False,12.9604,8.6575,19.665,83.7466,209,medium,26.3057
True,medium,6.5586,8,0.0,50.0,low,10.3764,281,21.6758,93,Arctic,False,15.6785,9.0094,0.975,49.4839,1455,high,32.324
True,high,6.2079,1,0.0,50.0,low,14.5822,275,24.6238,94,Pacific,True,17.8805,9.6806,25.255,157.2085,343,low,31.4948
False,low,6.3557,6,0.0,,high,8.3758,241,,100,Southern,False,18.1566,8.7984,3.52,38.9025,1392,medium,32.4562
True,medium,6.5416,7,0.0,50.0,high,9.9534,365,25.6247,84,Pacific,False,15.812,8.5362,-2.0,28.5358,1777,low,32.5025
False,high,6.8285,5,0.0,50.0,low,10.7681,273,,97,Indian,True,15.27,9.3834,7.64,74.7759,1304,medium,33.8749
True,,5.5489,2,0.0,61.6323,medium,13.5111,181,22.6468,89,,True,18.5742,8.9174,9.7,54.462,1380,low,28.2742
True,high,5.9754,7,0.0,50.0,low,10.2231,359,23.9262,95,Atlantic,False,17.4905,9.3333,10.295,86.8996,887,low,30.2385
True,medium,6.0121,8,0.0,50.0,low,12.621,481,24.0362,89,Pacific,True,20.8585,9.1986,18.34,126.5465,484,low,31.7992
True,medium,6.534,2,0.0,50.0,high,17.3951,476,25.602,93,Atlantic,True,16.4342,8.6257,16.79,75.3557,854,low,32.6314
False,,6.6894,4,0.0,50.0,high,21.1433,160,26.0682,93,Southern,False,16.2095,9.11,2.9,37.5641,1540,low,33.0752
True,low,5.863,5,0.0,57.8035,high,7.8339,310,23.589,93,Pacific,False,18.7995,9.0107,1.86,35.4182,1556,low,29.9479
False,low,6.4231,1,0.0,72.2495,high,13.5534,142,25.2694,87,Atlantic,True,19.4439,9.5203,15.79,72.3688,974,low,33.3603
False,high,6.8772,5,0.0,50.0,medium,16.7525,116,22.6315,91,Atlantic,False,18.6698,9.1956,21.35,88.4347,310,high,35.2452
True,low,6.6357,6,0.0,63.1877,low,15.5021,105,21.9071,87,Indian,False,15.5929,9.3554,5.2,64.5784,1280,high,32.71
True,high,6.1039,4,13.0293,50.0,low,13.3436,342,,90,Pacific,False,18.4159,9.9145,7.345,72.269,1297,medium,30.9734
True,medium,5.0327,3,0.0,50.0,high,14.2118,428,21.0981,90,Pacific,False,15.9094,8.7703,24.07,95.4863,182,low,24.9819
False,medium,6.0594,7,0.0,50.0,high,16.5637,167,24.1781,98,Atlantic,True,19.4798,9.4166,3.735,39.3769,1511,low,31.5802
False,low,6.3767,5,0.0,77.4779,high,11.1109,156,25.1301,90,Indian,False,15.7536,9.5202,22.205,90.7261,253,low,31.4287
False,high,6.3408,3,0.0,50.0,high,12.65,352,25.0225,92,Arctic,False,18.1337,8.9261,2.46,36.641,1676,low,32.207
True,low,6.9238,2,0.0,62.5427,high,19.9651,467,22.7714,93,Indian,True,17.0071,9.2114,10.48,56.6662,1328,high,34.9616
False,medium,5.4007,7,0.0,50.0,medium,14.0669,218,22.202,94,Pacific,True,20.0837,8.8353,-2.0,28.5358,1935,low,28.2415
True,,5.836,1,0.0,50.0,high,15.4293,500,19.5079,90,,True,15.976,9.1239,6.21,45.2062,1666,high,29.2833
True,high,6.6381,5,0.0,50.0,low,14.0453,36,21.9144,89,Southern,False,14.789,9.0171,8.015,76.429,1199,high,32.4232
True,,6.5386,7,0.0,50.0,high,11.7658,472,21.6159,90,Indian,True,17.4942,8.8867,20.695,86.6377,327,high,33.324
False,low,7.0841,3,0.0,67.195,low,15.6274,203,23.2524,85,Atlantic,False,15.7004,9.3037,6.28,68.9677,1368,high,35.1007
True,,6.5544,2,0.0,50.0,high,12.8486,332,,91,Atlantic,True,17.4097,9.7271,26.71,101.5991,246,medium,33.03
False,medium,6.2535,3,28.4212,50.0,medium,12.7068,25,,82,,True,15.1569,9.4883,28.94,103.6737,44,medium,30.8349
True,medium,5.8772,9,0.0,50.0,medium,11.5337,178,23.6316,89,Arctic,False,17.831,9.5047,7.74,49.1288,1004,low,29.6941
True,low,5.5089,7,0.0,,low,13.9234,349,,91,Atlantic,True,18.4108,9.5632,10.08,85.8845,1088,medium,28.1131
False,high,6.7625,7,0.0,50.0,high,6.7081,212,,90,Pacific,False,17.2012,8.6961,-2.0,28.5358,1939,medium,34.0915
True,medium,5.7523,2,107.915,50.0,high,12.7287,3,23.2569,84,,True,17.2374,9.9697,25.64,92.6133,264,low,28.9162
False,low,5.6509,1,0.0,64.801,low,19.4952,309,22.9526,89,,False,20.5987,9.0546,4.795,62.986,1627,low,29.798
True,high,5.7286,8,0.0,50.0,low,20.3619,351,23.1858,99,Pacific,False,21.6911,8.8936,9.18,81.6945,908,low,30.4997
True,low,5.1657,5,0.0,60.6261,high,5.528,473,17.4971,93,Southern,False,17.8594,8.8099,20.265,85.44,329,high,26.1794
False,,6.4314,7,0.0,50.0,low,14.461,497,,89,Southern,True,15.7954,8.1216,9.525,83.2889,1125,medium,31.8259
False,low,7.3978,8,67.1275,,high,12.8116,464,,87,Indian,True,17.8235,9.8055,10.385,51.5062,961,medium,37.4236
True,high,5.6517,3,0.0,50.0,low,16.7166,368,,100,Atlantic,True,18.4459,8.7573,12.26,96.3851,1156,medium,29.2006
True,low,6.6707,4,0.0,78.9948,high,15.6699,342,26.012,99,Arctic,False,17.8814,8.7122,21.895,89.9027,327,low,33.8146
False,high,6.6123,4,0.0,50.0,high,12.2656,367,21.8368,94,,True,17.5952,8.4753,27.225,102.7004,105,high,33.3763
True,high,7.6195,7,0.0,50.0,medium,22.8829,91,28.8584,84,Southern,True,15.5242,8.7616,24.565,96.6905,69,low,37.5531
True,high,6.0926,3,0.0,50.0,low,16.9849,15,24.2779,93,Atlantic,False,16.8277,9.7856,14.175,105.8773,895,low,30.3168
True,low,6.5432,1,0.0,,medium,14.5667,295,,87,Arctic,True,19.0529,8.8522,23.455,93.9547,463,medium,33.5071
False,low,5.9673,8,0.0,71.3295,high,5.3936,13,23.9019,93,Indian,False,17.5886,9.7141,17.825,78.4191,385,low,30.0521
True,low,6.0547,1,0.0,84.6943,low,13.9493,151,20.164,88,Atlantic,True,16.7186,9.3467,22.975,147.8879,495,high,30.3766
True,low,5.4744,5,0.0,,medium,-0.5408,441,,91,Southern,True,16.4062,9.3638,-0.82,30.4615,1868,medium,27.3149
True,medium,6.4731,5,0.0,50.0,low,14.3597,292,,82,Southern,False,16.7754,9.5552,-2.0,40.8931,1984,medium,32.3879
False,medium,6.077,8,0.0,50.0,medium,11.4991,222,,90,Southern,False,19.777,8.7808,3.63,39.1446,1278,medium,31.6348
True,medium,5.1155,6,0.0,50.0,low,12.6775,493,21.3465,92,Indian,True,18.0038,9.756,3.785,59.1466,1561,low,26.1263
True,high,5.7238,1,0.0,50.0,high,9.205,26,23.1713,100,Indian,False,17.442,8.8626,3.37,38.5747,1722,low,28.6404
True,medium,5.9651,9,0.0,50.0,high,12.6785,257,19.8953,84,Pacific,False,14.5101,8.5044,-1.74,28.947,1636,high,29.2777
False,low,5.0703,7,0.0,64.7628,low,7.5721,236,21.2109,90,Atlantic,False,16.5321,9.4676,7.57,74.4697,1122,low,25.2198
True,,5.9209,7,0.0,58.4125,medium,11.6575,467,23.7627,99,,False,14.2992,8.7864,2.29,36.2903,1474,low,29.0127
False,high,6.7217,5,0.0,50.0,medium,11.6513,240,22.1652,85,Atlantic,False,18.1532,8.5641,3.855,39.6439,1423,high,33.8759
True,high,6.4178,7,0.0,50.0,low,19.6369,38,,97,Pacific,False,16.3663,9.7575,12.725,98.6738,725,medium,31.8826
False,medium,6.6051,8,0.0,50.0,medium,5.0466,188,25.8153,84,,False,16.5803,9.1324,-2.0,28.5358,1819,low,32.9529
True,high,7.1158,10,0.0,50.0,low,10.3548,1,23.3473,92,Indian,False,12.1901,8.7596,10.48,87.7771,768,high,33.7627
True,low,5.3366,9,0.0,45.1811,high,25.0179,83,18.0098,89,Atlantic,True,13.4265,8.6263,-0.775,30.538,1705,high,25.7903
True,,6.5923,3,0.0,,high,20.7219,366,,89,Pacific,True,16.1882,9.2755,12.395,62.2289,1147,medium,32.8635
False,medium,6.2735,8,0.0,50.0,medium,21.6266,106,,95,,True,18.5447,9.5514,19.325,82.7765,365,medium,32.0538
False,high,5.3624,6,0.0,50.0,high,22.0139,258,,82,Indian,False,14.5096,9.3976,0.46,32.7264,1596,medium,26.1149
False,,6.7475,6,34.9659,,high,18.0379,180,,86,Indian,True,15.9918,9.6638,21.29,85.3208,394,medium,33.4641
False,medium,5.7531,6,0.0,50.0,low,17.2954,247,19.2594,95,Pacific,True,18.8319,8.2848,24.44,153.9814,184,high,29.3823
True,low,6.0569,5,0.0,56.8739,medium,9.4111,163,20.1708,79,Pacific,False,19.0847,8.9103,9.93,55.1076,1018,high,31.2121
True,,6.5856,5,0.0,66.9794,high,11.5821,218,25.7569,92,Pacific,False,17.9747,9.1286,8.645,51.5517,1157,low,33.5789
False,medium,5.3067,3,0.0,50.0,medium,20.6468,31,,91,Pacific,False,15.9603,8.2854,2.085,35.8719,1701,medium,26.5452
True,low,7.2087,7,0.0,84.7994,low,17.3897,38,23.6261,86,Indian,False,16.6061,8.9134,18.055,125.1573,423,high,36.2704
False,low,5.3613,6,0.0,,low,14.1574,200,,92,Atlantic,True,19.872,9.2437,3.03,56.4019,1558,medium,27.8068
True,medium,5.3238,7,0.0,50.0,high,9.398,393,,91,Southern,False,16.1392,9.0517,0.22,32.2876,1612,medium,26.5241
True,medium,6.6516,4,0.0,50.0,low,12.6311,234,,94,Southern,False,17.6565,8.8863,21.16,139.8617,376,medium,33.5552
True,,6.8738,3,0.0,50.0,high,13.6994,210,,89,Pacific,True,14.5446,9.1578,15.125,70.375,965,medium,33.4767
True,high,5.665,8,0.0,50.0,high,6.7279,61,,92,Pacific,False,18.803,9.8279,14.87,69.61,582,medium,29.5193
False,high,6.7648,2,0.0,50.0,medium,16.7645,273,22.2943,84,Arctic,True,14.9109,8.6434,1.03,33.7951,1958,high,33.1668
True,high,5.9702,8,0.0,50.0,medium,22.0349,51,,85,Atlantic,False,17.1338,9.2912,15.87,72.6084,462,medium,30.1257
True,high,6.0361,1,0.0,50.0,medium,10.1134,448,20.1084,99,Southern,True,16.4803,8.8288,23.605,94.3318,453,high,30.0723
True,medium,5.2636,1,0.0,50.0,low,15.2891,160,17.7909,99,Southern,True,20.1838,9.9849,18.405,126.8624,853,high,27.1689
True,high,5.8903,2,0.0,50.0,low,8.41,43,23.6709,90,Atlantic,False,18.2519,9.6272,14.4,107.0009,880,low,29.9015
True,,7.1833,8,0.0,,medium,4.7481,289,,98,Southern,False,16.5191,8.5903,22.59,91.7364,14,medium,35.9003
True,low,6.7905,5,0.0,73.7468,low,24.0218,396,22.3714,92,Southern,False,13.9585,9.8947,12.32,96.6796,912,high,32.7421
True,medium,6.5222,3,0.0,50.0,medium,5.6762,9,25.5666,93,Pacific,False,17.1688,9.7911,9.31,53.3761,1166,low,32.5709
True,high,5.8934,8,0.0,50.0,high,16.9432,142,23.6802,89,Indian,True,16.4183,9.3629,5.02,42.3202,1372,low,29.3468
False,low,5.2161,5,0.0,,low,17.7743,109,,96,Southern,False,17.8374,9.0716,23.165,148.6986,189,medium,26.4117
False,,6.1661,6,46.0904,52.7352,low,12.4645,310,20.4984,92,Indian,False,15.1692,9.8514,-1.28,39.128,1712,high,30.3322
True,low,6.2089,1,0.0,74.488,high,16.2679,212,24.6267,95,Pacific,False,14.0142,9.063,19.795,84.1156,627,low,30.0162
True,,5.471,6,0.0,50.0,low,10.2022,323,,92,Arctic,True,15.819,9.1696,25.035,156.3492,91,medium,26.7571
True,high,7.0948,2,0.0,50.0,medium,12.5518,299,27.2845,94,,False,16.5555,8.85,1.07,33.8715,1822,low,35.5114
True,low,5.9698,7,0.0,,low,11.8321,344,,98,Pacific,False,19.5131,9.8459,-0.955,43.7223,1637,medium,30.6546
False,medium,5.7151,5,0.0,50.0,medium,24.2875,61,19.1452,89,,True,14.79,8.7105,2.255,36.2185,1663,high,28.0015
False,medium,6.4222,8,0.0,50.0,medium,12.2274,352,25.2667,79,Southern,False,17.7071,8.6474,22.8,92.2816,0,low,32.6092
True,,6.6767,3,0.0,50.0,low,14.8104,410,,86,Pacific,False,13.6269,9.641,18.85,129.0157,530,medium,32.1223
True,high,5.7831,7,0.0,50.0,high,11.444,22,19.3494,85,Pacific,True,16.8867,9.4011,13.95,66.8529,830,high,29.042
True,medium,6.4983,2,0.0,50.0,low,11.4496,130,25.495,88,Arctic,True,15.7636,8.9897,23.99,152.1488,374,low,32.0429
True,high,5.3499,2,0.0,50.0,high,10.256,250,,95,Atlantic,True,16.0117,9.2586,8.095,50.0706,1487,medium,26.6843
True,low,5.6756,8,0.0,61.7338,high,17.2435,104,19.0269,95,Atlantic,False,15.3181,9.9789,18.0,78.9331,320,high,27.7314
True,low,5.3757,4,0.0,67.0105,low,8.8607,469,22.1272,97,Arctic,False,18.131,9.6914,7.885,75.8535,1261,low,27.3729
False,low,5.3595,1,0.0,,low,13.1,159,,88,Arctic,False,17.4532,9.1253,23.365,149.5455,389,medium,26.8856
False,low,5.8994,8,0.0,76.2017,low,13.3298,70,23.6983,85,,True,18.3716,8.3375,12.185,96.0172,841,low,29.7721
True,,7.5069,7,0.0,50.0,low,16.3028,49,28.5206,91,Pacific,True,17.1688,9.1302,3.945,59.7422,1497,low,37.374
False,high,5.4251,3,0.0,50.0,high,7.6814,440,22.2753,93,,True,16.3277,9.4091,24.44,96.3888,344,low,26.932
False,high,6.0861,6,0.0,50.0,high,3.5729,363,,92,Southern,False,18.7058,8.5018,-1.725,28.9709,1795,medium,31.1293
True,low,6.1875,1,0.0,,high,18.5187,7,,93,Pacific,False,21.3577,8.778,7.84,49.3929,1424,medium,32.7004
True,,6.3976,7,0.0,59.5139,high,19.7655,229,25.1928,83,Atlantic,True,19.998,8.6644,-0.84,30.4276,1816,low,33.3971
False,high,7.5658,1,0.0,50.0,low,13.6481,85,24.6974,80,Southern,False,14.5994,8.8025,7.415,73.7944,1399,high,36.8296
True,medium,5.0266,6,0.0,50.0,high,15.425,199,,97,Atlantic,True,15.3758,10.0,14.375,68.1256,855,medium,24.7379
True,medium,5.3537,2,0.0,50.0,medium,13.2481,24,,88,Southern,True,18.2873,8.1833,13.03,64.109,1158,medium,27.2554
True,low,6.5671,5,0.0,71.4373,medium,10.4822,145,21.7014,93,Arctic,False,19.1115,9.3648,23.255,93.4483,183,high,33.7889
False,medium,5.596,7,38.4938,50.0,medium,12.1333,246,22.7881,89,Atlantic,True,16.971,9.7683,8.275,47.3574,1155,low,28.2675
True,medium,5.9417,2,0.0,50.0,medium,15.4809,20,19.8252,94,Indian,True,15.3113,10.0,5.68,43.9023,1648,high,29.3649
False,high,6.3876,4,70.0,50.0,low,9.9155,294,21.1627,92,Southern,False,14.8562,9.9921,1.55,46.3037,1630,high,31.1972
True,high,6.5257,8,0.0,50.0,high,20.0221,204,21.577,100,Indian,True,17.2667,9.0697,4.015,40.0025,1439,high,33.0024
False,high,7.113,1,0.0,50.0,high,20.1084,318,,87,Southern,True,19.0098,9.154,21.75,89.5146,630,medium,36.5622
False,high,6.3617,4,13.8843,50.0,high,16.3461,231,,95,Southern,True,16.9246,9.8704,7.89,48.229,1394,medium,32.0586
True,,6.3436,1,0.0,50.0,medium,14.584,430,,92,Southern,True,16.0421,9.0729,7.645,48.8787,1517,medium,31.4826
True,,7.0344,6,0.0,77.6707,low,14.9368,121,27.1031,96,Arctic,False,17.6017,8.6745,8.415,78.2153,1119,low,35.5166
True,medium,6.2276,1,0.0,50.0,low,17.0414,281,24.6829,95,Arctic,False,16.6736,10.0,17.935,124.5706,751,low,31.4262
False,high,6.4722,1,0.0,50.0,medium,15.4569,274,,96,Southern,True,17.4709,9.1468,27.915,104.1281,219,medium,32.9588
False,high,5.7741,3,0.0,50.0,medium,19.0209,172,23.3222,84,Arctic,True,15.1964,9.1115,22.07,90.3686,502,low,28.349
True,medium,6.9545,2,0.0,50.0,low,21.7155,493,22.8636,95,Arctic,False,14.6261,9.7349,14.465,107.3256,929,high,34.065
False,low,7.4685,2,0.0,,low,5.0369,64,,100,Indian,False,14.96,8.8672,-1.285,42.8072,1979,medium,36.6216
False,medium,6.2532,8,0.0,50.0,high,15.3691,418,24.7595,85,Atlantic,False,22.0025,9.338,13.305,64.9271,633,low,33.4037
False,high,5.4647,7,0.0,50.0,low,13.6061,4,,96,Indian,True,19.0949,9.6277,10.95,90.0223,1030,medium,28.1536
True,medium,6.9362,1,0.0,50.0,high,11.6932,101,22.8085,89,Pacific,True,15.4808,9.6102,1.56,34.8224,1976,high,34.1568
True,medium,5.5338,7,0.0,50.0,low,12.8591,405,18.6013,84,Atlantic,True,18.1129,9.3249,8.92,80.5031,1112,high,28.2931
False,,5.5103,2,0.0,50.0,medium,8.3786,368,,76,Atlantic,False,19.2172,8.6667,14.045,67.1372,957,medium,28.7172
True,,5.3376,7,0.0,50.0,high,23.2823,190,18.0127,89,Indian,False,18.8119,9.633,14.8,69.4,640,high,26.9976
False,high,5.833,6,0.0,50.0,high,22.583,249,23.4989,91,Indian,False,16.7526,8.6257,16.785,75.3408,561,low,29.2361
True,medium,6.0649,7,0.0,50.0,medium,19.1014,275,,90,Southern,False,15.5313,9.0844,24.13,95.6336,18,medium,29.7083
True,,7.5525,7,0.0,50.0,high,10.1409,106,24.6576,88,Pacific,False,13.1187,8.9263,13.21,64.6443,746,high,36.3351
True,medium,6.1037,1,0.0,50.0,high,18.0154,23,20.3112,92,Southern,True,14.3122,8.9526,10.84,57.6969,1304,high,30.1482
True,medium,5.2264,9,0.0,50.0,low,13.7152,412,,90,Southern,False,15.321,9.7698,4.32,61.1567,1232,medium,25.692
False,medium,5.1183,6,0.0,50.0,high,25.1858,357,,100,Arctic,True,21.289,8.5924,6.545,46.0453,1377,medium,27.3511
False,low,6.1348,2,110.0,62.9254,medium,24.3692,222,20.4043,89,,True,17.7389,10.0,18.5,73.7228,740,high,30.7698
False,low,5.4546,8,0.0,,low,27.6455,473,,87,Southern,True,17.9366,9.4897,1.82,52.2302,1532,medium,27.8137
True,high,4.4247,4,0.0,50.0,high,18.9786,205,15.2742,90,Arctic,False,15.1253,9.6162,1.595,34.8913,1627,high,21.9294
False,high,5.4633,9,0.0,50.0,high,18.9373,48,18.39,98,Southern,True,15.5232,8.7157,12.515,62.5831,819,high,27.2011
True,high,4.6807,4,0.0,50.0,low,12.5327,287,,92,Arctic,False,20.6486,8.9142,1.78,52.0971,1668,medium,24.4656
False,medium,5.6139,8,0.0,50.0,low,13.6333,362,,93,Southern,False,18.6089,9.0221,5.48,65.6966,1208,medium,28.4217
True,medium,6.739,3,0.0,50.0,medium,15.3048,161,,91,Pacific,False,16.4352,9.2871,13.635,65.9113,931,medium,33.9425
True,medium,5.5734,3,0.0,50.0,high,10.1532,200,22.7201,94,Indian,False,16.7392,8.5197,2.365,36.4446,1629,low,27.8574
True,medium,6.1549,1,0.0,50.0,medium,15.8487,134,24.4648,92,Indian,False,18.9251,8.7824,22.13,90.5276,418,low,31.5123
True,medium,7.0149,4,0.0,50.0,high,17.5359,214,27.0447,100,Atlantic,False,17.0249,9.5797,-2.0,28.5358,1922,low,35.4314
False,medium,6.231,5,118.6248,50.0,medium,16.4203,238,24.6929,87,Atlantic,False,16.9359,9.9964,10.565,49.9625,1029,low,31.0885
False,low,6.5393,4,0.0,,high,7.0652,494,,85,,False,15.1919,9.1121,10.465,56.6235,1089,medium,32.484
True,high,5.1086,10,0.0,50.0,low,12.2991,488,21.3258,95,Southern,True,19.8522,9.3574,5.04,63.9457,1264,low,26.3609
False,high,6.3042,1,0.0,50.0,medium,16.6734,440,,92,Pacific,True,13.2709,8.3185,28.645,105.5788,117,medium,30.2647
True,low,6.5171,3,0.0,71.7523,medium,14.6944,67,21.5513,94,Pacific,False,20.2467,8.8433,24.075,95.4986,235,high,33.8786
True,medium,6.7499,5,0.0,50.0,medium,14.3879,360,26.2496,92,Pacific,True,16.3428,8.491,12.125,61.4339,1005,low,33.9313
False,high,5.5882,7,0.0,50.0,medium,13.5274,34,,87,Pacific,True,15.1547,9.045,24.15,95.6827,150,medium,27.3204
True,,5.8103,4,0.0,50.0,high,19.0921,417,,95,Indian,True,17.4773,9.7368,17.475,77.3873,755,medium,29.3406
False,low,7.13,3,0.0,,medium,15.8846,305,,92,,True,16.8311,9.342,28.08,104.4614,48,medium,35.7966
False,high,5.8929,1,0.0,50.0,low,14.9996,500,23.6786,79,Atlantic,False,13.8509,8.7145,11.305,91.7324,1193,low,28.2431
False,high,5.4119,5,0.0,50.0,medium,16.7992,300,22.2358,99,Atlantic,True,15.1346,8.9491,17.29,76.8401,714,low,26.7164
True,low,6.6633,3,0.0,,low,21.0516,438,,98,Indian,True,16.0922,9.6983,15.515,112.5744,939,medium,33.3026
True,high,6.7893,1,0.0,50.0,low,9.1921,252,,83,Atlantic,True,14.9785,8.918,22.29,144.9172,594,medium,33.1656
True,,5.2662,4,0.0,,low,15.7474,396,,100,,False,18.8766,8.6642,5.035,63.926,1451,medium,26.9717
True,low,6.5118,4,0.0,76.0644,low,14.8188,213,25.5354,92,Arctic,False,20.7374,8.7961,9.53,83.3121,1098,low,34.0639
True,high,6.2092,4,0.0,50.0,low,12.9928,313,,99,Southern,True,17.647,9.9714,19.83,133.6912,598,medium,31.4767
True,low,6.9496,2,0.0,61.5698,medium,-1.7513,321,22.8489,97,Indian,True,17.6776,8.911,9.14,52.9064,1364,high,35.3918
True,medium,5.5977,1,0.0,50.0,medium,5.466,73,,83,Southern,True,17.0996,9.4334,11.26,58.909,1276,medium,28.1644
False,high,5.7616,3,0.0,50.0,medium,6.6,215,19.2847,91,Indian,True,14.4892,9.3795,14.49,68.4703,954,high,28.1768
True,,6.7912,1,0.0,50.0,low,15.7409,489,,96,Pacific,True,13.9525,9.9567,13.885,104.4308,1101,medium,32.7862
True,low,5.1576,5,29.1154,,medium,4.1201,313,,81,Arctic,True,18.9817,9.632,18.515,77.9118,579,medium,26.4813
True,low,6.0656,5,0.0,51.2313,high,20.3847,216,20.1967,93,Atlantic,False,15.9887,9.6574,2.21,36.1265,1586,high,30.0932
False,high,6.113,1,0.0,50.0,low,9.6694,40,,96,Atlantic,True,16.9867,9.157,20.725,137.868,645,medium,30.8059
True,low,7.1621,1,0.0,,high,19.3496,34,,93,Southern,False,16.0341,8.545,27.325,102.9107,125,medium,35.2781
False,medium,7.1967,7,0.0,50.0,high,18.2232,73,,87,Indian,False,14.9542,8.8326,21.595,89.0978,187,medium,35.2644
False,medium,6.3864,7,0.0,50.0,low,20.521,323,,93,,True,16.1236,8.4882,16.555,117.7594,603,medium,31.5543
False,high,6.3937,4,0.0,50.0,medium,13.4222,495,,93,Southern,True,18.8455,9.5418,3.13,38.0555,1658,medium,32.8337
True,low,6.1808,2,0.0,,medium,18.6218,255,,97,Arctic,False,16.2687,9.2661,3.57,39.0124,1602,medium,30.8669
False,high,5.9585,6,0.0,50.0,medium,15.5081,410,19.8754,96,Indian,False,17.0118,8.5872,1.615,34.9308,1519,high,29.9821
True,high,5.1529,6,0.0,50.0,medium,12.564,340,17.4586,85,Atlantic,True,17.3544,8.7111,4.67,41.5003,1502,high,25.8951
True,medium,5.7668,4,10.8983,50.0,high,14.5118,181,23.3003,87,Atlantic,False,17.8577,9.7759,-1.45,28.3818,1830,low,29.1814
False,high,5.896,7,0.0,50.0,low,19.3394,144,,90,Atlantic,True,15.9938,9.6177,2.355,54.04,1603,medium,29.0219
False,medium,5.7669,9,0.0,50.0,low,15.4414,385,19.3007,88,Arctic,False,15.5251,9.4391,-2.0,40.8931,1849,high,28.3828
False,high,5.9868,1,0.0,50.0,low,19.939,102,23.9603,86,Atlantic,True,20.2983,8.6405,18.435,127.0081,851,low,31.0844
True,high,4.9852,9,0.0,50.0,low,19.765,271,,91,Arctic,True,19.4331,8.6423,-2.0,40.8931,1904,medium,25.7836
True,medium,6.4611,4,0.0,50.0,high,13.0452,207,21.3833,91,Atlantic,False,15.0126,9.3754,20.435,85.9151,371,high,31.6463
True,medium,5.4096,3,0.0,50.0,high,9.8439,357,,95,Indian,True,16.5608,9.289,14.655,68.9651,943,medium,27.2996
True,medium,6.426,6,0.0,50.0,medium,9.5618,339,25.278,95,Atlantic,True,15.5042,9.7827,7.595,48.7474,1307,low,31.6194
True,medium,5.3196,3,0.0,50.0,low,15.4209,16,17.9589,95,Atlantic,True,16.1856,8.8595,4.665,62.4812,1609,high,26.4789
True,low,5.6644,7,0.0,,medium,17.4637,445,,98,,False,14.6511,9.1071,2.825,37.4052,1385,medium,27.4861
True,,6.054,4,0.0,50.0,medium,19.3631,368,24.1619,99,Indian,False,13.7552,8.5071,17.495,77.4464,567,low,29.3697
False,medium,7.9122,1,0.0,50.0,high,13.3298,119,29.7366,94,Atlantic,True,13.8884,9.2092,8.265,50.5256,1529,low,38.3445
False,low,4.2646,1,0.0,,medium,18.6606,18,,100,Pacific,False,18.1609,9.7525,21.61,89.1382,506,medium,21.7863
False,low,6.6521,8,0.0,,medium,20.3218,240,,96,,True,15.0573,9.1218,3.995,39.9575,1387,medium,32.7261
False,low,6.7718,2,0.0,66.2485,medium,15.8821,134,26.3153,87,Indian,False,14.1498,8.6872,6.285,45.3931,1421,low,32.6218
True,low,6.2691,3,0.0,59.1399,high,18.0921,231,20.8074,89,Indian,True,13.6993,8.5058,11.09,58.4172,1234,high,30.487
True,medium,4.958,3,0.0,50.0,medium,17.6636,232,16.874,89,Indian,False,18.1036,8.9584,19.56,83.4478,536,high,25.0943
False,high,6.5661,8,0.0,50.0,high,21.6646,243,21.6984,95,Pacific,True,19.0303,8.9359,16.925,75.7572,525,high,33.6959
True,,7.0147,5,0.0,50.0,low,19.396,181,27.0441,90,Southern,True,17.7369,9.6204,7.525,74.2733,1365,low,35.5117
False,low,6.3044,7,0.0,,medium,14.3903,41,,95,Atlantic,True,17.5631,9.3915,3.03,37.8411,1558,medium,31.7996
True,,6.3416,9,0.0,50.0,low,15.762,86,21.0247,90,,True,16.187,9.4151,19.68,132.9821,288,high,31.2425
False,high,6.2604,2,0.0,50.0,low,15.5652,8,20.7812,85,,False,16.5385,8.6791,8.315,77.7666,1339,high,30.9984
False,high,6.033,8,0.0,50.0,low,17.4147,287,24.099,89,Southern,True,16.4599,9.3054,-2.0,40.8931,1805,low,29.8376
False,medium,5.5306,9,0.0,50.0,low,10.2864,36,22.5919,94,Pacific,False,17.9381,9.3849,2.37,54.0916,1362,low,28.033
False,high,6.7969,1,4.1854,50.0,high,14.3102,408,,89,Indian,True,16.6898,9.6555,28.17,104.232,202,medium,33.682
False,low,7.2055,9,120.0,60.4298,low,13.6868,270,23.6164,87,Pacific,False,17.0161,10.0,1.44,43.9902,1424,high,36.2891
False,high,7.0554,5,0.0,50.0,medium,20.4018,103,,95,Southern,False,15.6089,9.5026,19.34,82.8194,444,medium,34.8202
False,medium,5.9697,5,0.0,50.0,medium,12.6459,452,,85,Atlantic,True,15.4573,8.6923,4.565,41.257,1509,medium,29.1533
False,medium,5.9571,5,0.0,50.0,high,16.1632,271,23.8714,90,Southern,False,18.4098,9.4883,20.93,87.2864,338,low,30.3054
True,high,6.3461,4,0.0,50.0,medium,7.0903,178,,94,,True,14.4656,9.5052,7.6,48.7605,1360,medium,30.8387
False,medium,6.95,4,0.0,50.0,high,20.6495,95,26.8501,98,Indian,False,18.2419,9.1686,18.485,80.3505,501,low,35.5253
True,high,6.0403,6,0.0,50.0,high,9.5877,91,,96,,False,16.029,9.7985,17.455,77.3282,463,medium,30.0925
True,low,6.2213,6,60.0,67.9222,high,16.7759,415,24.6638,89,Atlantic,True,18.0551,9.9842,13.83,61.9821,838,low,31.7201
True,medium,6.448,8,0.0,50.0,medium,21.4245,367,,95,Southern,True,15.0716,9.5531,11.495,59.5913,887,medium,31.5334
True,medium,5.8895,1,0.0,50.0,medium,13.6858,105,19.6686,93,Southern,True,18.604,9.1924,3.015,37.8091,1879,high,30.4618
False,high,5.7989,6,0.0,50.0,low,24.7271,345,,93,Southern,True,19.1478,8.7524,17.84,124.1053,624,medium,29.8197
True,,4.841,9,60.0,50.0,high,7.4183,218,,89,Indian,True,17.1193,9.9688,3.905,35.2438,1393,medium,24.2941
True,low,6.2692,3,0.0,63.1716,low,23.0833,449,20.8075,98,Southern,True,18.5412,8.1161,6.965,71.8555,1509,high,32.0428
True,medium,5.371,1,0.0,50.0,medium,13.3201,496,,95,Arctic,True,20.3661,9.3529,30.22,108.4999,12,medium,28.1363
False,medium,5.7391,3,0.0,50.0,medium,16.8482,111,19.2173,91,Pacific,False,14.8594,8.2368,14.455,68.3654,823,high,28.2383
False,,6.1448,9,0.0,61.1366,low,16.997,311,24.4344,90,Indian,True,17.6654,9.5776,-2.0,40.8931,1795,low,31.2345
False,high,6.4692,7,34.8964,50.0,medium,14.81,390,25.4075,92,Southern,True,14.9292,9.8886,19.905,81.4811,433,low,31.96
True,high,5.2123,2,64.9729,50.0,low,19.1232,409,21.637,86,,False,15.5805,9.9159,11.645,88.6025,1117,low,25.512
True,,5.8609,1,0.0,65.4346,low,9.9447,195,19.5828,82,Atlantic,True,18.2562,9.4421,10.435,87.5633,1331,high,29.8254
False,medium,5.2386,2,0.0,50.0,high,16.57,346,,88,Arctic,True,15.8951,9.147,28.22,104.7417,92,medium,25.7888
True,low,5.1346,3,0.0,,medium,25.7063,376,,100,Arctic,True,17.17,9.8384,3.725,39.3547,1725,medium,25.9758
False,,6.548,4,0.0,50.0,medium,18.206,231,21.6439,90,Southern,True,16.4688,8.7928,16.71,75.1175,806,high,32.2967
True,low,4.2908,2,0.0,52.7733,low,15.0405,319,14.8723,97,Southern,True,19.0467,9.3497,8.09,76.7621,1434,high,21.8945
False,,6.0027,2,70.0,50.0,low,10.5518,390,20.0082,93,Arctic,False,17.1215,9.9947,1.7,46.7977,1780,high,30.1681
True,medium,6.1188,7,0.0,50.0,medium,11.5191,369,24.3565,100,Arctic,True,19.1725,8.9268,2.16,36.0244,1616,low,31.4844
True,high,6.5565,5,0.0,50.0,low,17.1946,23,25.6696,91,Indian,True,19.5903,9.569,12.41,97.1219,986,low,33.9745
True,high,5.2525,2,0.0,50.0,high,16.299,308,17.7575,94,Indian,False,17.2801,8.8382,20.19,85.2297,494,high,26.2445
False,high,6.149,3,0.0,50.0,high,19.6025,148,20.447,87,Arctic,False,17.5703,8.9645,11.005,58.1719,1053,high,31.043
True,medium,5.6164,6,0.0,50.0,high,20.0804,249,22.8493,92,Pacific,True,15.6445,9.337,14.9,69.7,820,low,27.7429
False,low,5.8088,6,0.0,,medium,11.2435,188,,90,Indian,True,15.1136,9.2348,-0.67,30.7173,1858,medium,28.528
False,high,5.3295,7,0.0,50.0,low,26.1156,64,21.9885,94,Arctic,True,16.8481,9.0082,6.055,68.0364,1303,low,26.4065
True,,6.0319,1,0.0,50.0,low,10.1327,78,20.0957,97,Indian,False,17.3407,9.057,25.555,158.3659,243,high,30.3947
True,medium,6.0977,9,36.7718,50.0,medium,8.5299,489,20.2931,86,Southern,False,17.7618,9.8808,18.555,77.4772,283,high,31.0044
True,medium,7.2834,3,0.0,50.0,low,22.8941,24,27.8501,98,Southern,False,18.6,9.2658,25.965,159.9207,109,low,37.5516
False,low,5.6139,2,0.0,,high,17.168,181,,99,Indian,True,19.2952,9.4921,15.74,72.219,924,medium,28.7819
True,low,6.1458,1,35.6813,52.3066,high,14.0138,393,20.4374,83,Atlantic,True,14.7327,9.681,4.5,38.106,1780,high,30.0506
True,medium,5.385,6,0.0,50.0,low,15.1425,84,22.1549,92,Southern,True,18.8662,9.8575,11.405,92.2161,1053,low,27.7358
True,low,7.1293,9,0.0,,high,9.993,220,,89,Arctic,True,15.4132,8.8423,24.8,97.253,0,medium,35.0706
False,low,5.5505,3,79.1026,48.0682,medium,18.5472,313,18.6516,83,Indian,False,17.2893,9.7385,4.605,35.8834,1533,high,28.1127
False,,6.3073,7,0.0,50.0,low,12.1482,42,24.922,99,Indian,False,16.2482,8.6171,13.84,104.2065,704,low,31.7375
True,high,6.1711,1,0.0,50.0,low,13.9737,431,20.5132,97,Atlantic,False,16.8211,9.2973,11.0,90.2625,1160,high,30.8967
True,medium,5.1861,1,0.0,50.0,medium,12.9124,145,21.5583,99,Atlantic,False,16.4698,9.4439,-0.68,30.7002,1992,low,25.7459
False,,6.0121,9,0.0,50.0,low,11.9748,253,24.0362,94,Pacific,False,18.3916,8.9503,7.665,74.8854,1009,low,30.8746
False,high,5.2658,4,0.0,50.0,low,14.5511,375,17.7973,88,Indian,False,17.6042,9.0035,13.385,101.9425,841,high,26.5988
False,,6.7925,8,33.103,50.0,medium,13.0083,433,22.3776,94,Indian,False,12.8468,9.9561,-2.0,25.7177,1936,high,32.6634
True,high,5.0706,1,0.0,50.0,low,20.0309,25,17.2117,93,Southern,True,17.9063,9.5211,21.09,139.5425,674,high,25.805
False,medium,7.0538,8,0.0,50.0,medium,2.6967,251,,90,Southern,False,15.2333,8.5941,6.17,45.1068,1162,medium,34.9029
True,medium,6.0228,3,29.9648,50.0,medium,13.6483,324,24.0684,89,Southern,True,17.1908,9.9155,19.56,80.8586,616,low,30.2259
True,low,5.9724,1,0.0,67.151,high,19.862,59,19.9171,84,,True,17.2471,9.5872,22.33,91.0556,538,high,30.0688
False,high,5.5686,6,110.0,50.0,medium,9.4774,172,,89,Southern,False,19.0148,10.0,17.16,69.7836,536,medium,28.5474
True,low,5.0226,6,0.0,,low,17.5977,164,,91,Southern,False,16.9459,9.4125,11.97,94.9649,882,medium,25.1555
False,medium,7.6562,7,70.0,50.0,low,14.2972,159,24.9685,92,Southern,False,15.9491,10.0,15.685,108.3895,581,high,37.9619
True,low,5.0671,1,0.0,66.3945,high,13.7545,393,17.2012,98,Atlantic,False,21.2642,9.7707,29.2,106.6406,0,high,26.7575
True,medium,6.2194,5,0.0,50.0,low,14.8037,304,24.6582,92,,True,16.4565,9.7248,-1.99,40.9192,1946,low,31.2983
False,low,6.5405,6,61.2648,50.9387,medium,15.3487,203,21.6215,91,Pacific,True,17.1482,9.9394,-0.955,25.6525,1877,high,32.5352
True,medium,5.8689,6,0.0,50.0,high,8.3898,161,23.6066,96,Southern,True,16.1538,9.5701,4.58,41.2917,1508,low,29.1494
True,medium,5.3402,4,0.0,50.0,medium,10.5357,154,22.0205,85,Atlantic,False,17.2049,9.2007,0.8,33.3594,1680,low,26.9283
True,high,7.3515,5,0.0,50.0,low,21.7894,374,28.0546,93,Arctic,True,17.5942,8.5648,7.07,72.305,1342,low,37.3112
True,low,6.132,8,0.0,81.942,low,4.7474,314,24.396,97,Pacific,True,18.9234,8.9762,15.1,110.5,700,low,31.5644
True,medium,6.6827,5,90.0,50.0,medium,12.5176,405,,85,Indian,True,16.9053,10.0,22.555,85.7108,363,medium,33.3543
False,,5.5872,1,0.0,50.0,low,15.5111,154,22.7617,97,Indian,True,16.2332,9.8825,5.625,66.2811,1705,low,27.7359
True,medium,6.6066,1,0.0,50.0,medium,7.7376,175,25.8197,93,Pacific,True,20.3239,9.2796,9.535,54.0012,1391,low,34.5648
True,low,6.1517,2,0.0,64.8567,medium,13.0363,320,24.4551,90,,False,18.4634,9.5641,9.23,53.1548,1278,low,31.5392
False,medium,6.3189,7,0.0,50.0,high,15.1438,474,24.9566,87,Southern,True,18.9502,9.3129,7.89,49.5253,1234,low,32.7206
True,low,6.3225,2,0.0,78.234,low,16.9714,172,24.9675,89,Southern,True,16.327,9.5482,11.84,94.3302,1184,low,31.463
True,high,5.8009,6,43.6116,50.0,low,15.2443,269,,86,Southern,True,14.8745,9.8785,12.95,96.2512,950,medium,28.1744
True,low,5.8404,7,0.0,70.245,high,12.8926,371,23.5211,89,Arctic,True,16.9111,8.9225,17.46,77.343,596,low,29.1784
False,high,6.0318,5,0.0,50.0,high,9.6488,302,,94,Arctic,False,18.7413,9.3347,13.13,64.4063,858,medium,30.9265
False,,5.8749,7,0.0,50.0,medium,14.0516,218,,92,Atlantic,True,13.3872,9.6727,12.46,62.4207,876,medium,28.0582
True,low,5.1125,7,0.0,,high,10.8393,111,,87,Atlantic,True,14.0603,9.2032,5.685,43.9145,1381,medium,24.625
False,medium,6.0452,1,0.0,50.0,low,7.237,129,20.1356,93,Arctic,False,19.5071,8.7389,13.325,101.6445,1005,high,31.5374
False,high,6.9072,3,0.0,50.0,medium,18.1706,464,26.7215,97,Southern,True,18.6795,8.6562,5.76,44.0972,1536,low,35.4929
True,medium,6.1435,3,0.0,50.0,low,15.6587,210,20.4304,96,Indian,True,17.7265,8.9579,-0.375,45.3798,1945,high,31.2661
True,low,5.9632,4,0.0,76.6268,high,9.8206,268,23.8896,96,Indian,True,17.3443,9.0614,24.345,96.1585,297,low,29.9005
False,,6.9227,1,0.0,50.0,low,14.4346,392,22.768,93,,False,19.1331,9.1701,4.315,61.1377,1659,high,35.9504
False,medium,6.0785,2,50.0,50.0,low,14.9695,303,20.2356,94,Southern,True,17.9499,10.0,6.935,67.7927,1511,high,30.6758
True,low,6.8101,9,0.0,,low,13.3773,265,,91,Indian,True,13.8595,9.4581,7.1,72.4337,1180,medium,33.1688
False,low,6.036,6,0.0,62.7893,medium,22.3618,242,24.1081,97,Indian,True,20.2642,9.0662,7.53,48.577,1258,low,31.6168
True,high,6.6732,5,0.0,50.0,high,16.1134,188,22.0195,90,Southern,False,16.6466,8.9153,19.91,84.441,406,high,33.1623
False,medium,6.7076,6,0.0,50.0,high,11.6803,96,22.1227,99,Arctic,True,16.911,8.5402,3.69,39.2772,1514,high,33.725
False,medium,5.0419,2,0.0,50.0,medium,7.6527,375,,89,Atlantic,True,19.4721,9.2233,2.2,36.106,1880,medium,26.2057
False,medium,7.0837,1,0.0,50.0,medium,16.6083,246,,83,Indian,False,14.2256,9.0452,5.69,43.9266,1514,medium,34.5901
True,high,6.3102,8,0.0,50.0,medium,18.9125,244,20.9306,94,Arctic,False,16.1189,9.6379,20.385,85.7756,161,high,31.5959
False,high,5.5413,4,0.0,50.0,low,14.831,2,,93,Atlantic,True,16.4517,9.3024,17.845,124.1298,677,medium,28.0127
False,low,4.6385,1,0.0,,low,14.7783,289,,88,Arctic,False,17.8386,9.1954,21.67,142.1662,502,medium,23.4638
False,high,6.6232,1,0.0,50.0,medium,11.1424,416,25.8695,95,Pacific,False,17.1289,8.7262,17.2,76.5735,800,low,33.3328
