original_equipment_quality,has_annual_car_event,safety_feature_score,car_id,average_speed_limit,popularity_in_exhibits,number_of_owners,year_of_manufacture,origin_country,market_rarity_percentile,is_convertible,engine_displacement_percentile,maintenance_cost_change,region_performance_index,certificate_of_authenticity,horsepower,high_performance_region,resale_price,car_age,has_won_awards,region_demand_for_vintage,number_of_car_museums,exhibition_count,country_of_origin_precision_score,design_luxury_index,historical_value_index,vintage_value_category,major_restoration_done,country_has_racing_tradition,engine_performance_ratio,car_show_participation_frequency,restoration_method
medium,False,86.1383,8822,94.7069,24.5531,3,1980,,8.9713,False,79.5637,68.2738,53.2853,True,237,False,66481.9367,100,True,489.9316,24,18,7.2277,27.7642,5.3612,high,False,True,4.1778,15,traditional
high,True,72.4391,6779,80.6205,23.7539,4,1980,Italy,64.7259,False,91.7937,192.3076,100.0,True,136,,59951.6048,86,True,483.526,28,31,7.2878,27.5555,6.6049,high,False,True,3.3689,8,traditional
low,False,58.9189,8197,84.8276,24.3284,9,1920,Germany,53.4338,False,88.4209,70.9562,89.3017,False,155,False,67037.9799,58,True,500.0,28,5,7.7838,27.4244,3.0423,low,False,True,3.3077,10,modern
medium,True,33.5351,2985,88.5346,23.0783,1,1980,UK,29.2671,False,86.2191,154.6802,88.1165,True,149,False,66870.1471,88,False,461.7549,30,18,1.907,27.2171,1.9651,medium,False,True,2.9101,2,traditional
low,True,39.5695,2501,71.4324,27.1224,5,1952,UK,18.7628,False,90.3261,21.8114,73.2857,True,164,False,62094.8873,39,True,436.6042,26,40,3.5139,32.4417,7.1575,high,False,True,1.9716,1,modern
low,False,36.18,2495,74.08,21.4404,4,1980,Italy,53.5585,False,85.7889,139.3738,94.4048,False,115,False,60757.0838,50,True,499.7706,26,27,5.636,29.151,7.2624,medium,True,True,1.2297,4,modern
high,True,100.0,810,75.6646,22.1342,3,1980,USA,80.0121,False,88.5495,-42.4001,55.3033,True,213,False,63601.266,63,True,482.2968,25,39,8.6744,23.7759,2.8587,high,False,True,4.2545,19,traditional
medium,True,4.234,3134,74.2748,23.8547,1,1980,UK,59.3566,False,82.5075,191.1779,82.3173,False,135,,62711.7982,65,False,482.8997,24,7,0.8468,24.6324,1.5671,high,False,True,1.0746,0,traditional
low,False,55.3822,2275,91.5383,25.1016,8,1920,USA,31.4981,False,86.8088,200.0,68.1842,False,193,False,67717.452,100,False,485.4393,37,10,9.0764,24.4632,2.1947,medium,False,True,4.975,5,traditional
high,True,39.4756,5496,78.3754,23.1084,6,1980,Germany,41.2163,False,86.2399,137.8007,92.4166,False,134,False,59541.9505,93,False,465.0397,31,14,0.6951,21.8319,9.3616,low,True,True,1.4774,18,modern
low,False,40.2663,10000,79.4955,23.5141,8,1920,USA,49.6487,False,85.6717,200.0,68.7963,False,145,False,64242.3196,36,True,496.0513,31,2,4.0533,30.4153,3.5285,high,False,True,0.0,10,traditional
low,True,67.7143,2250,81.2018,21.2064,4,1933,France,97.745,False,86.1539,115.7663,58.1272,True,210,,64430.5017,37,,494.0797,35,6,3.1429,30.7039,3.3673,low,False,True,3.8988,16,modern
medium,False,20.0,8176,80.8778,24.3906,4,1980,France,75.3155,False,86.3855,200.0,74.859,False,171,False,66338.6801,36,False,427.4593,26,41,0.0,30.4155,1.5567,high,False,True,0.291,10,traditional
low,False,61.9285,3635,82.9324,24.6058,8,1969,UK,39.266,False,88.7506,-15.3387,99.1809,False,183,,60268.1034,79,True,500.0,42,2,5.1857,25.4365,7.5734,medium,True,True,1.6666,18,modern
medium,False,81.6051,7082,75.2377,22.3613,4,1920,USA,22.6624,False,90.4209,184.7579,68.5917,True,207,False,63734.8502,89,True,485.9968,32,12,5.121,27.9909,6.8557,medium,False,True,2.935,18,traditional
high,False,22.2817,9713,85.5711,22.3316,2,1980,Italy,19.6661,False,86.3732,185.789,91.4313,False,185,False,70495.2404,27,,421.4638,26,10,3.6563,30.7743,6.8275,low,False,True,4.3296,2,traditional
medium,False,50.6731,736,83.4672,24.415,9,1980,France,33.9015,False,82.8665,9.3923,60.1781,False,209,False,65670.0418,93,True,454.9268,29,3,5.7346,30.536,5.685,high,False,True,4.3065,11,traditional
low,True,70.5435,2129,87.5452,23.0384,7,1980,USA,32.2228,False,88.8319,22.5995,88.0861,True,180,False,67067.3594,19,False,499.6717,25,18,6.9087,20.767,4.0407,low,False,True,1.903,8,traditional
low,False,21.4719,724,84.9656,22.511,1,1942,,51.2194,False,90.2262,99.7302,83.4094,False,97,False,62843.8748,91,True,457.9268,26,37,3.8944,24.2235,8.5756,low,True,True,4.0182,1,traditional
medium,True,56.4778,2790,87.2306,22.7787,2,1980,Germany,63.4464,False,96.1468,97.1311,95.5744,False,176,False,66405.6052,19,False,486.9466,26,14,4.4956,25.9978,6.9814,high,False,True,1.6354,17,traditional
low,False,31.2489,6586,89.8409,24.6168,3,1980,Italy,47.123,False,85.9232,192.6482,56.7543,False,264,False,67315.7403,21,False,476.0021,22,13,1.4498,26.5461,2.8443,medium,False,True,3.9046,12,traditional
high,False,84.6956,9178,74.3262,21.9827,9,1971,Italy,33.491,False,93.6448,90.1244,53.2341,True,208,False,60136.854,42,False,482.3042,31,31,7.3391,26.3981,2.3431,low,False,True,2.32,14,modern
medium,True,96.0,9864,62.0409,23.2997,3,1920,Germany,84.0025,False,92.2188,107.9212,63.2428,True,183,False,60130.1625,37,True,497.9191,30,1,10.0,23.4693,7.5009,medium,True,True,2.1631,13,modern
low,False,62.4112,578,74.5967,23.9466,7,1920,Germany,47.5425,False,84.1306,-1.8637,73.9892,True,197,False,63538.1802,65,True,467.7997,22,41,6.8822,25.333,1.1975,low,False,True,2.4609,4,modern
high,False,65.9712,5080,68.6389,25.3482,9,1920,France,93.0748,False,88.3665,-50.0,80.0657,True,186,False,67519.3144,44,True,469.3134,25,20,2.3942,29.6253,2.6638,medium,False,True,1.1279,17,traditional
low,True,81.4429,1928,92.9669,23.6503,9,1980,Germany,5.3801,False,83.8874,-4.1332,76.8587,True,228,False,62710.4512,74,,488.0283,33,31,7.4886,22.935,3.1979,medium,False,True,1.2069,12,traditional
low,True,46.7323,3339,97.9323,25.5225,8,1980,USA,88.0103,False,85.9866,168.0175,71.3643,False,116,False,60955.6154,59,False,489.6335,30,17,5.3465,30.675,1.204,low,False,True,0.0288,10,traditional
medium,False,25.6249,5051,83.0099,23.3423,4,1980,,75.0383,False,80.6049,-29.0353,59.4254,False,136,False,67044.3305,68,True,466.4124,21,25,2.325,23.8392,6.8486,high,False,True,3.9707,7,traditional
medium,True,74.0422,3195,84.8365,22.7205,2,1923,,56.3083,False,83.637,-42.3449,62.1546,True,181,False,57542.6863,65,True,483.8194,36,46,4.4084,23.9345,1.5633,low,False,True,2.0968,16,modern
low,True,40.7043,7048,86.5273,23.913,7,1920,Italy,44.8529,False,87.5822,62.9554,89.794,False,203,,63337.3469,35,True,492.6771,29,16,6.1409,24.1092,1.211,low,False,True,1.6268,5,modern
high,False,52.0735,8728,70.6545,20.8241,8,1920,,58.2724,False,82.2604,118.6943,76.06,False,219,False,68781.8097,10,False,478.0831,28,46,6.0147,27.9272,3.7761,medium,False,True,3.9556,11,traditional
low,True,32.5483,2358,81.6167,20.4655,5,1980,,18.8787,False,82.3749,78.1401,76.4887,True,232,,67231.085,100,True,415.508,37,14,2.1097,24.8011,8.1998,medium,True,True,4.215,1,traditional
high,True,22.6101,1248,78.3312,20.9402,9,1920,Germany,62.6014,False,83.4555,69.4309,65.2997,False,234,,68117.6473,10,False,469.1065,26,10,3.322,22.4696,1.8574,high,False,True,3.1081,3,traditional
low,True,53.965,4784,79.8937,22.7238,2,1980,Germany,21.1674,False,79.3425,111.0953,100.0,False,176,False,68357.7837,68,False,461.2799,31,30,9.193,19.5258,7.3166,high,True,True,2.949,4,traditional
medium,False,72.2247,2726,79.5366,22.3114,7,1980,USA,94.0032,False,82.3732,-10.8826,67.3516,True,121,False,63009.9327,21,True,468.9474,15,27,2.8449,27.541,4.174,medium,False,True,3.1811,19,traditional
medium,True,38.6385,848,82.1583,22.8712,5,1980,France,80.5565,False,89.9339,110.926,87.9404,False,255,False,60063.4675,49,False,478.2758,22,15,5.7277,25.5472,9.74,high,True,True,0.4555,5,modern
medium,False,71.9666,9376,94.6641,22.6174,4,1920,Italy,29.622,False,81.779,40.2821,98.044,False,212,,68906.0123,87,True,461.239,33,39,8.7933,25.9009,1.0,low,False,True,0.7227,14,modern
high,True,78.9757,1,75.2211,22.1899,5,1980,Italy,97.0125,False,84.0224,34.5314,96.3754,False,207,False,59473.5819,66,False,443.9864,34,14,8.5951,28.0379,1.0,medium,False,True,0.2728,18,modern
medium,False,69.244,7329,85.0889,22.0265,1,1920,Italy,94.2345,False,93.6106,36.7349,69.0968,True,212,False,64299.5203,64,False,476.684,28,12,9.4488,26.5959,4.084,high,False,True,3.1497,1,traditional
low,False,65.7012,9651,89.9428,25.123,7,1920,USA,35.5642,False,78.7519,58.8646,84.6133,True,192,False,63295.6131,14,True,483.0451,28,22,5.9402,23.7375,9.1104,medium,True,True,0.9224,8,modern
medium,True,81.7822,406,65.3892,22.3147,4,1980,,13.7816,False,87.8482,95.9919,57.6359,True,247,False,67911.5864,38,False,500.0,30,45,8.7564,26.8687,6.294,high,False,True,2.7801,9,modern
medium,True,52.3272,6872,81.6697,23.1583,8,1931,France,13.1559,False,79.9934,92.7762,60.5954,True,170,False,64055.3062,24,True,451.1423,28,48,6.4654,27.6267,5.4774,medium,False,True,4.97,0,traditional
low,False,66.1867,6192,76.3053,20.1174,5,1920,UK,73.891,False,87.1674,107.9506,95.309,True,191,False,62105.8622,44,True,500.0,30,50,1.6373,27.883,4.6423,medium,False,True,1.6838,19,traditional
high,True,53.5251,8647,73.0943,23.1723,5,1948,France,25.597,False,90.5615,-19.4419,99.0527,False,147,False,73453.649,15,True,496.2277,23,33,3.105,25.3669,7.1611,low,False,True,0.8756,19,modern
high,True,48.2222,2868,84.8613,20.8635,3,1920,UK,21.2116,False,86.6109,-22.7226,75.2473,True,173,False,62751.4259,28,False,475.6507,22,31,0.4444,21.8241,7.4399,medium,False,True,0.767,13,traditional
high,True,31.5594,147,78.4505,21.4251,8,1980,France,78.3712,False,83.8647,-25.6441,64.6317,False,182,False,67605.0646,71,True,469.5698,25,17,5.1119,32.6631,5.6793,high,False,True,2.0195,3,traditional
medium,True,46.0443,1193,76.5659,22.3526,5,1980,Italy,97.9773,False,87.1152,53.7629,93.5051,False,195,False,60769.838,90,,473.1436,28,39,4.0089,20.7757,8.1889,high,True,True,3.608,13,traditional
medium,False,70.4523,135,80.1821,18.9437,5,1980,Italy,44.2804,False,89.1946,100.7408,89.4522,True,177,False,63714.5883,31,,476.716,26,27,8.8905,26.3747,6.2561,high,False,True,4.7696,3,traditional
low,False,39.2571,2879,80.3493,23.8263,4,1980,Italy,69.3927,False,79.3684,183.5194,89.8713,False,170,False,64184.4231,96,False,463.1738,24,42,7.0514,19.3603,9.7477,high,True,True,3.4037,2,traditional
medium,True,80.5338,3187,84.469,25.6709,6,1980,UK,99.88,False,81.6705,183.9333,63.2197,True,207,False,66648.1667,76,True,436.4627,32,26,4.9068,30.0691,2.7812,medium,False,True,4.5795,18,modern
low,False,27.9018,6953,85.3121,24.7388,8,1961,Italy,27.4377,False,88.032,38.2483,98.8493,False,172,,66799.232,99,True,482.5946,35,41,0.3804,30.629,9.2978,high,True,True,1.0578,13,modern
low,True,29.2638,8959,93.0079,22.8637,1,1920,Germany,38.1068,False,79.5246,114.7777,99.9402,False,157,False,63044.0563,42,False,474.9656,24,26,3.0528,23.2766,4.8866,high,False,True,2.6777,7,traditional
high,False,48.3725,874,65.3872,26.7291,1,1920,USA,9.0787,False,80.7995,24.2634,73.4645,False,184,,71732.3652,41,False,458.413,22,39,5.6745,24.5311,4.0897,medium,False,True,0.6037,10,modern
low,False,76.2378,7976,87.438,23.0127,8,1920,Germany,86.9441,False,88.454,-12.4005,90.749,True,170,False,64042.2155,53,True,459.5999,25,6,6.0476,26.9103,9.3151,high,False,True,3.6013,13,modern
low,False,9.9287,1362,85.8134,25.1588,3,1980,Italy,56.1408,False,92.9758,49.0307,76.2646,False,192,False,64227.4947,94,False,499.8417,28,26,0.7857,30.2063,4.6671,high,False,True,3.0952,3,modern
low,False,50.6054,7116,81.7296,20.1478,4,1980,France,95.6891,False,89.8609,107.3411,56.7286,False,171,False,62861.3933,97,,458.302,28,47,3.7211,22.5979,3.8529,medium,False,True,1.8616,16,traditional
medium,True,73.8775,5019,89.9805,24.2888,5,1920,Germany,43.4033,False,96.5185,50.3887,66.6973,True,255,False,71059.9589,26,False,500.0,34,19,5.1755,28.1198,4.321,low,False,True,4.8938,14,traditional
medium,True,35.7461,5809,80.284,21.9912,2,1980,USA,54.8352,False,92.5193,-42.049,86.3402,False,172,,65775.6549,63,False,452.8326,32,22,5.1492,33.333,7.2629,medium,True,True,1.1428,5,traditional
medium,False,50.9409,6546,82.7154,22.9693,5,1980,Germany,41.8129,False,82.37,186.0263,99.6948,True,227,False,61866.6971,83,False,486.2247,40,39,4.5882,26.1799,8.5857,medium,True,True,3.1038,4,modern
medium,False,77.8,734,82.5356,22.2938,4,1920,UK,67.9055,False,87.7873,-8.4299,50.0,True,147,False,61754.2751,94,False,448.0309,25,37,7.16,23.9493,4.5269,high,False,True,3.4624,11,traditional
low,True,58.7063,344,80.0311,23.4022,1,1980,Italy,33.1032,False,88.2699,99.8544,96.9545,True,216,False,67525.0724,93,False,491.1638,19,13,0.9413,30.596,6.1699,medium,False,True,2.5191,17,traditional
medium,True,40.995,6713,72.4113,23.2085,8,1980,UK,66.1766,False,86.3256,166.4786,94.5497,True,187,False,71581.8338,48,True,490.1371,28,5,3.399,28.5732,4.224,low,False,True,1.5868,2,modern
medium,True,39.5116,964,86.7451,24.8615,6,1920,UK,26.9806,False,85.9371,-28.5173,99.2315,False,209,,61766.8272,19,False,500.0,32,27,5.5023,31.534,5.7361,low,False,True,2.1819,6,modern
high,False,40.3658,9573,78.6798,23.6199,4,1980,Italy,18.9995,False,89.1903,139.4485,51.3522,False,149,False,67594.2476,36,False,462.5062,24,46,8.0732,31.3997,2.5353,high,False,True,2.9034,0,modern
high,True,54.7243,1785,101.511,21.366,6,1980,Italy,24.4369,False,84.7888,101.8457,88.5988,False,139,False,64287.3904,10,True,448.7225,32,28,9.3449,26.1957,6.7284,medium,False,True,2.1148,4,traditional
medium,False,79.8159,1,94.6608,22.9371,3,1920,Italy,46.5701,False,91.5637,65.2662,91.2752,True,216,,64003.2744,14,False,465.6326,28,1,7.1632,21.7426,3.5946,low,False,True,1.4793,12,modern
medium,True,40.3486,4134,74.3624,22.291,6,1980,Italy,41.6798,False,89.0251,-12.3281,90.4287,False,211,False,63010.8967,85,False,483.6448,27,38,4.8697,27.3069,10.0,medium,True,True,1.3523,8,traditional
high,False,88.3252,9125,89.8721,21.6439,6,1953,Germany,83.8897,False,89.9782,88.7372,62.0952,True,233,False,68636.1294,27,True,469.8126,37,18,7.265,26.0935,5.3463,medium,False,True,5.0,16,traditional
medium,False,48.4758,6305,82.1231,22.7747,7,1920,France,19.7294,False,92.5842,157.103,71.1956,True,172,False,69212.3266,46,True,499.2987,23,27,4.0952,32.6142,1.6595,low,False,True,4.5405,4,modern
low,False,50.5745,7029,78.0284,24.2825,3,1920,UK,59.9603,False,83.7863,71.6343,99.497,True,175,False,65377.5219,96,False,500.0,25,46,2.9149,28.2257,1.8416,medium,False,True,1.8864,8,traditional
low,False,27.642,6634,89.8524,24.4371,1,1920,UK,94.7289,False,84.8508,-34.8861,62.8116,True,163,False,68140.9227,66,True,500.0,21,4,0.7284,17.7372,1.8756,high,False,True,1.1884,2,traditional
low,True,78.0585,9722,91.7414,22.8489,7,1980,UK,8.3655,False,81.3308,95.0615,73.6306,True,180,False,66348.4347,47,True,453.4389,27,33,8.8117,26.4543,4.0365,low,False,True,0.6482,7,traditional
medium,False,31.685,538,87.6392,23.2138,5,1980,France,43.1416,False,88.0257,-23.7222,87.3041,False,210,False,66344.8875,71,False,500.0,28,45,1.137,25.8407,7.6899,low,True,True,3.4232,13,modern
high,False,31.981,8586,77.8157,25.0982,9,1920,UK,31.0064,False,82.886,157.0366,51.1775,False,177,False,60643.8965,29,False,490.2497,28,22,5.9962,19.5032,6.5037,high,False,True,1.5568,1,modern
medium,True,39.0899,3279,63.5417,23.1352,5,1980,UK,52.0681,False,86.9073,168.1912,53.43,False,188,False,64560.1026,44,False,500.0,25,19,3.418,22.075,1.4728,low,False,True,4.7605,11,traditional
high,True,19.5131,2101,90.8051,23.8877,5,1920,,69.8138,False,81.7884,83.1625,83.381,False,194,False,59415.7398,13,False,499.1448,22,42,3.9026,30.8613,6.7627,high,False,True,5.0,0,modern
high,False,73.5348,2600,89.461,23.7535,1,1980,USA,56.343,False,88.807,-12.0287,96.0177,True,165,False,63227.4509,96,True,496.8881,28,25,5.907,25.3266,1.4158,low,False,True,3.2732,12,modern
high,False,6.3754,4262,82.8447,25.2092,6,1980,Italy,17.3579,False,83.3675,-18.947,77.9986,False,165,False,60730.309,66,True,500.0,26,32,0.0751,25.2488,8.4968,high,True,True,3.4611,3,modern
low,True,53.1476,300,96.3039,24.3828,3,1980,Italy,73.519,False,81.779,-28.065,73.8789,True,153,False,67602.3437,84,True,463.3825,23,19,1.4295,23.2779,7.4492,high,True,True,0.0,13,traditional
high,False,70.8518,5894,67.8383,23.1977,2,1980,USA,3.8714,False,81.9458,55.7408,83.9717,True,202,False,60043.1136,75,False,500.0,28,29,2.5704,25.2599,7.3936,high,True,True,2.1142,19,modern
high,False,72.6814,1742,75.439,23.5016,9,1938,USA,11.2494,False,82.7947,-19.2029,59.2998,True,167,False,62661.4154,48,False,455.6424,30,23,8.1363,20.8604,4.557,low,False,True,5.0,6,traditional
high,False,82.4824,9866,79.1048,27.4947,9,1920,Germany,94.232,False,94.1354,49.8079,52.4406,True,248,False,65952.3584,25,False,500.0,30,39,8.0965,29.6982,4.4892,low,False,True,3.6953,11,traditional
high,True,47.4246,456,94.5001,22.6117,10,1980,USA,13.766,False,82.6561,11.0029,59.816,True,106,False,63074.5795,91,True,479.9205,31,0,3.0849,23.3023,10.0,medium,True,True,1.1213,6,traditional
low,True,27.0596,8943,82.9873,23.2576,9,1920,UK,26.4605,False,91.5937,18.0644,75.5774,False,139,,71593.485,76,False,473.3516,25,46,1.4119,27.7373,3.6336,medium,False,True,1.9683,10,modern
low,False,79.4905,1029,91.6965,19.9441,1,1980,Italy,19.1044,False,87.4378,115.155,99.838,True,133,False,71895.485,73,True,475.9305,22,19,7.8981,23.6686,5.2773,medium,False,True,0.9402,10,modern
medium,False,57.4353,8363,78.6208,24.3548,7,1920,UK,29.4178,False,85.2708,161.5806,88.1469,False,128,False,65070.5953,42,True,474.3328,26,18,7.4871,18.6968,6.041,low,False,True,3.1601,10,traditional
high,False,46.5004,2081,88.3097,23.3708,6,1966,Germany,46.4449,False,87.2989,89.0068,82.4045,False,153,,59517.9358,24,True,487.2873,22,5,8.5001,25.7548,2.0314,high,False,True,3.5663,2,modern
low,False,62.4034,8907,85.8257,26.7885,9,1920,USA,11.4614,False,85.9748,176.8471,56.5374,False,155,False,58567.7382,98,True,479.2252,32,30,8.0807,30.047,3.8406,low,False,True,4.7074,11,modern
medium,True,36.4887,1874,90.9666,24.5855,8,1980,USA,81.105,False,94.5313,-43.3834,73.3679,False,232,False,64862.877,95,True,478.1384,29,1,2.4977,20.3676,6.7294,medium,False,True,1.6182,12,modern
high,False,59.2749,6966,75.9212,24.0933,1,1970,Italy,84.7953,False,84.6341,-39.3781,50.2193,True,174,False,61481.7492,47,False,500.0,37,17,4.255,23.1717,8.8085,low,False,True,0.8207,9,traditional
medium,False,47.9169,642,99.2637,22.7391,8,1980,USA,75.9079,False,86.0349,3.5921,91.9183,True,262,False,62676.2322,77,False,500.0,29,4,1.5834,33.1777,7.3606,high,True,True,0.5651,10,modern
low,False,4.9345,204,88.15,22.6455,7,1920,,69.1608,False,83.8274,33.7341,98.6886,False,186,False,63478.3878,86,False,445.0375,21,43,0.9869,22.477,5.1545,high,False,True,3.4726,0,modern
low,False,15.3536,7380,80.9626,24.2334,3,1980,Italy,64.528,False,85.9481,-43.487,75.2235,False,167,False,62283.4006,14,False,500.0,24,38,1.4707,28.0167,4.5053,high,False,True,1.3259,4,traditional
medium,True,68.4678,1118,81.814,22.3984,10,1920,,18.9396,False,79.2598,114.1031,50.0,False,184,False,67342.8684,93,False,434.6198,37,37,6.0936,26.5018,5.3842,medium,False,True,4.1049,19,modern
high,False,69.7003,2269,90.2503,24.1207,7,1920,UK,40.0272,False,84.8617,165.6478,71.9393,True,116,False,59557.3509,25,False,487.8381,27,43,7.9401,26.936,3.2853,medium,False,True,4.8482,5,traditional
medium,True,58.5471,2042,77.7604,22.9638,8,1980,Italy,39.1489,False,91.8636,51.3744,69.6821,True,208,False,59739.3837,81,True,500.0,33,25,0.9094,18.2709,7.0435,low,True,True,3.572,17,modern
high,True,30.0687,7170,77.5449,21.9673,8,1980,UK,47.5602,False,90.9667,-13.1128,73.911,False,229,False,71516.2257,46,False,463.9309,32,23,5.2137,28.546,1.7207,high,False,True,3.8172,2,modern
medium,False,53.6594,1624,91.1589,24.1542,9,1920,France,8.9328,False,84.0628,-38.0653,96.3632,False,163,,65584.9792,75,True,476.3911,28,28,7.1319,28.1048,2.5798,medium,False,True,1.6391,9,modern
medium,False,22.1906,3434,77.9147,25.2357,2,1980,France,16.5659,False,86.3847,58.8908,88.0091,False,207,False,57193.494,46,False,491.5653,25,38,0.0381,22.0223,9.6312,low,True,True,1.4756,11,modern
low,True,15.0025,7094,72.2831,22.9842,5,1928,Germany,49.0315,False,92.1603,19.6775,81.7295,False,117,False,62802.5022,26,False,461.3213,33,43,1.0005,25.4792,4.356,medium,False,True,1.1875,5,modern
low,False,32.1137,7852,70.8552,22.4963,8,1936,USA,31.0347,False,82.602,197.7584,89.1691,False,179,False,66250.4098,24,False,446.5565,33,26,0.4227,27.0937,3.2147,low,False,True,3.1574,15,modern
high,True,71.3864,9688,78.7507,23.987,8,1920,Italy,1.4343,False,77.5085,173.0204,75.1062,True,228,False,58388.7548,36,True,463.0289,24,31,7.4773,33.2621,8.7246,low,True,True,0.117,7,modern
low,False,25.2101,2124,87.6378,24.1332,7,1920,UK,36.0653,False,80.473,136.0016,95.3686,False,232,False,65397.0234,80,True,481.1902,29,2,0.642,22.7893,9.7893,medium,True,True,4.5059,11,modern
low,False,84.5394,7451,86.1886,23.5095,8,1980,Italy,0.0,False,88.3987,199.6706,60.3809,True,225,False,65443.3961,59,False,496.4966,33,45,5.3079,24.8336,9.3889,medium,True,True,3.1812,19,modern
high,True,33.6536,8587,80.5723,22.8288,8,1920,France,0.0,False,88.8776,-25.0829,54.4302,True,239,False,63129.9098,85,False,494.2412,21,40,1.1307,31.918,1.4808,low,False,True,2.5991,4,traditional
high,True,58.1475,2044,84.9414,21.6581,2,1920,USA,86.2844,False,86.2881,179.7444,58.1564,True,243,False,67902.6959,72,True,492.8902,25,35,4.0295,26.8472,7.0636,high,True,True,3.6376,9,modern
low,True,79.361,9646,83.7277,22.9707,8,1920,France,53.4665,False,90.6981,56.3054,59.7397,False,123,False,61929.0509,58,False,471.5224,28,6,7.8722,25.5486,7.8463,high,True,True,0.9945,20,modern
low,False,53.8849,2831,79.8283,22.5746,5,1920,USA,85.3926,False,83.6214,40.4682,84.6012,False,246,False,67427.8793,46,True,487.9517,30,24,7.177,24.1645,5.2455,medium,False,True,1.7251,9,traditional
high,True,75.2739,9577,92.5646,23.9574,3,1942,USA,44.1114,False,86.5086,-5.4013,84.5326,False,156,False,71036.816,13,True,473.2854,38,8,8.2548,23.5268,5.3351,medium,False,True,2.8248,17,traditional
high,False,21.4407,244,84.7794,21.3824,6,1980,France,54.8225,False,85.5277,97.5313,62.1771,False,177,False,63484.7899,81,False,499.9939,31,32,2.6881,22.3544,8.2344,high,True,True,2.4701,4,traditional
medium,True,29.0924,8234,77.1037,22.1442,7,1920,France,56.1147,False,85.9871,138.8664,55.6083,False,115,False,62088.7457,37,False,489.0583,45,22,5.4185,26.9573,5.8856,high,False,True,0.5078,1,traditional
medium,True,36.1239,6389,65.331,23.9624,2,1920,,59.8755,False,77.868,107.0043,51.137,False,211,False,59524.5044,46,False,472.68,31,24,2.0248,22.4081,1.703,medium,False,True,3.8139,13,modern
high,False,92.3603,3213,82.806,21.9336,3,1980,UK,66.5975,False,84.889,-2.0004,71.4272,True,151,,66848.5626,58,False,480.1978,32,36,8.4721,21.7902,2.8291,medium,False,True,4.1089,15,modern
low,False,66.7452,2013,62.4482,24.4312,8,1920,Germany,29.2724,False,94.4707,-5.2497,68.0515,False,242,False,70709.8921,64,,500.0,36,36,8.549,23.0448,4.6872,high,False,True,4.4864,12,modern
medium,True,53.9518,1679,79.3758,21.7883,6,1980,,55.5036,False,81.1232,-37.2199,73.0184,False,206,False,65852.7702,49,True,484.0818,34,40,9.9904,24.3269,8.292,medium,False,True,1.9054,2,modern
medium,False,72.5733,2329,91.9003,22.4919,5,1980,Italy,48.2373,False,84.0011,89.5645,73.0374,True,194,False,62601.3954,36,True,481.01,19,7,7.3147,27.0095,1.583,low,False,True,0.0,8,traditional
medium,False,35.9019,8016,87.8728,24.1621,3,1980,UK,7.5597,False,82.3626,6.8574,69.806,False,200,False,65374.9002,56,True,461.7723,32,15,4.3804,25.4137,7.0518,low,False,True,2.9473,7,modern
high,False,72.1594,7715,85.1221,24.5922,9,1934,UK,27.7801,False,88.3138,109.3363,78.043,False,102,False,62335.5885,15,True,464.3079,32,37,7.6319,23.155,5.1059,medium,False,True,1.8085,17,traditional
low,True,49.6264,3460,97.6646,23.4246,1,1920,UK,14.8743,False,81.3291,59.0584,51.6364,False,282,False,66128.5188,81,False,500.0,30,47,5.5253,29.1076,8.4306,medium,True,True,1.5046,11,modern
high,False,52.587,2772,90.2018,25.5233,7,1920,Italy,62.8547,False,84.3467,45.9416,60.6007,True,180,,61295.5354,53,True,489.1307,26,37,3.7174,26.7501,9.5796,high,False,True,4.8761,7,modern
medium,True,56.2735,1378,81.6943,24.5571,9,1920,France,37.2019,False,93.9774,140.5348,55.4231,False,241,False,70409.2811,23,True,495.8264,30,45,9.2547,20.9589,4.118,high,False,True,0.1203,5,modern
high,True,30.9989,7308,76.6352,25.1265,2,1980,Germany,83.2534,False,88.3991,100.2451,90.5879,True,149,False,63947.8562,81,False,500.0,27,45,0.9998,29.4708,3.6103,low,False,True,0.5288,3,traditional
high,True,49.9926,9159,96.1137,22.5531,3,1952,,13.7988,False,82.2947,-33.6648,93.0996,True,90,False,64536.8178,46,,495.1884,30,32,3.9985,24.5809,9.7185,high,False,True,1.8379,5,modern
medium,False,78.0589,4426,62.866,22.3781,8,1961,Germany,65.5749,False,80.8035,116.6551,64.7608,True,133,False,67910.4127,82,True,453.153,25,47,5.6118,29.7718,8.8743,high,True,True,2.3158,15,modern
high,True,46.0802,5879,76.4923,24.5562,4,1920,Germany,19.6553,False,92.0158,48.6052,92.6154,False,226,False,71483.2343,86,False,481.0863,27,41,8.416,28.909,2.4685,low,False,True,1.1565,2,traditional
low,True,54.5072,7539,84.0048,23.2448,3,1974,UK,10.0877,False,86.7886,106.7264,67.0827,False,160,False,66562.227,58,True,488.0028,26,37,8.9014,27.6736,8.3702,high,True,True,3.3014,5,modern
low,True,46.4068,6296,82.3745,23.0506,4,1920,USA,76.0086,False,84.3611,147.3932,87.1907,True,179,False,66044.2773,10,False,496.492,34,44,4.4814,23.3106,5.2874,low,False,True,3.0994,2,traditional
medium,False,51.997,4188,76.5341,25.6466,6,1920,USA,74.1189,False,91.2685,200.0,89.774,False,107,False,63513.3416,60,True,500.0,34,38,3.1994,23.895,4.1306,medium,False,True,3.3914,18,traditional
medium,False,45.9447,2992,91.5531,22.1733,6,1980,USA,87.0308,False,82.3436,77.7891,79.744,False,215,False,64781.7825,16,False,488.6206,27,36,8.3889,24.177,9.6101,medium,True,True,0.2189,2,modern
medium,False,44.3076,5139,86.785,24.2705,2,1980,Germany,88.3903,False,88.4137,141.7921,66.1657,False,221,False,62651.5434,65,True,475.0994,28,44,5.2615,24.3124,2.596,high,False,True,3.9943,9,traditional
medium,True,83.6337,8397,72.4683,25.2468,4,1980,Germany,15.1009,False,84.8814,170.6377,50.0,True,179,,66751.1672,94,True,500.0,27,21,9.1267,24.2541,3.091,low,False,True,0.0266,9,traditional
medium,False,34.4348,7834,83.2709,26.3696,7,1920,,46.3491,False,80.1089,12.6314,64.5961,False,187,False,67617.0596,91,,459.7266,33,6,1.287,23.8218,4.0031,low,False,True,4.9478,14,traditional
low,True,45.1652,9808,88.3526,21.3877,5,1920,Germany,47.1456,False,82.3101,105.4316,71.3215,False,237,False,63965.4143,74,True,466.8596,28,3,3.033,21.4766,3.8813,high,False,True,0.3843,15,traditional
high,True,41.9706,6692,77.1833,23.0336,5,1977,Germany,43.7827,False,90.8473,90.8492,60.3203,True,188,False,66731.4584,25,True,454.3446,37,47,0.7941,28.5095,5.2926,high,False,True,2.5476,9,traditional
high,False,40.99,4557,88.5496,21.7743,9,1980,,87.0641,False,86.7495,96.0448,63.6922,False,122,False,61091.0773,48,True,465.072,35,18,1.398,23.3927,2.2127,medium,False,True,4.3081,17,traditional
low,True,46.1943,2234,75.1291,23.384,1,1947,UK,56.1399,False,90.4031,-37.1558,88.1263,True,184,False,64146.3486,65,False,500.0,28,40,0.8389,27.171,6.4994,low,False,True,4.1728,11,modern
high,False,58.0148,3964,89.1669,22.5868,7,1920,Italy,50.0228,False,81.8906,117.9125,58.8132,True,209,False,63424.4342,31,False,474.5358,30,19,7.603,19.6964,3.1351,medium,False,True,0.0746,0,modern
low,True,74.2199,6644,103.1091,23.9767,6,1980,Italy,30.3398,False,83.1902,80.0495,95.307,True,226,False,67623.2642,53,True,482.3805,27,22,4.444,24.408,1.1154,low,False,True,0.8381,16,traditional
high,False,32.0,1175,86.8188,24.8272,8,1920,Germany,25.3798,False,90.9741,113.7474,53.3126,True,203,False,72861.9011,71,True,500.0,28,13,0.0,21.0285,2.9609,medium,False,True,3.0942,6,modern
medium,False,60.0668,3962,66.8925,22.5572,2,1980,,78.569,False,85.8757,199.3736,86.2121,True,196,False,60333.6226,71,True,500.0,30,39,2.8134,19.8711,1.0,low,False,True,1.9833,13,traditional
low,True,47.6166,3197,83.023,24.6495,7,1920,Germany,42.8334,False,82.5976,120.2949,57.955,True,198,False,65571.0382,27,False,487.1137,25,2,2.7233,20.3135,2.6493,medium,False,True,4.9938,7,modern
low,False,55.3962,265,85.9788,21.5035,6,1920,USA,76.5062,False,89.7252,-32.9757,61.383,False,155,False,63542.6263,43,False,467.2976,28,17,4.6792,23.6418,7.8417,high,False,True,2.308,16,traditional
high,True,24.8441,9026,78.2726,26.9316,6,1920,France,27.5903,False,88.1548,6.9463,94.2696,False,177,False,64438.9255,71,True,495.8308,24,33,2.5688,25.2977,5.3016,medium,False,True,3.9053,6,modern
medium,False,60.556,4490,81.2742,20.4723,8,1980,UK,6.9828,False,85.6584,4.2725,100.0,False,213,False,62823.3138,88,False,445.3826,30,41,6.5112,29.3461,4.2311,high,False,True,0.2294,14,modern
high,True,59.46,3822,81.0246,25.4029,2,1980,Germany,66.92,False,83.6612,75.3538,83.3852,False,205,,66139.726,41,False,500.0,20,35,6.292,25.502,8.8376,high,True,True,2.9973,14,traditional
medium,True,74.7658,6671,79.5119,22.8086,3,1920,UK,68.8801,False,97.2884,150.6092,69.7239,False,168,False,64297.7748,24,False,478.9851,23,4,7.3532,23.9313,7.6063,high,True,True,3.9454,19,traditional
medium,False,75.9136,9702,79.8,24.1154,9,1980,USA,71.3282,False,86.5558,-2.4442,85.9109,False,126,False,64035.738,43,True,454.6169,17,50,9.1827,20.8355,4.268,high,False,True,1.0338,15,modern
high,False,54.8658,6548,88.5977,24.6838,1,1920,Germany,3.4362,False,90.4325,16.2281,76.5004,True,243,False,64142.9356,77,True,500.0,24,6,6.1732,23.5702,2.5054,medium,False,True,4.0348,2,traditional
low,False,56.8231,5783,77.7398,22.1886,4,1980,Italy,0.5534,False,91.8497,-23.3307,98.2936,True,131,,64205.9966,43,,465.8332,27,43,6.1646,26.4524,6.7245,low,False,True,1.4181,3,traditional
high,False,52.6405,8823,81.3884,24.5812,9,1931,,72.9405,False,86.5944,-40.9927,56.9587,False,247,False,58817.1143,86,False,492.8151,39,34,9.7281,23.8032,3.9567,low,False,True,4.7347,2,modern
high,True,38.9745,5309,76.9847,23.295,7,1920,,6.8922,False,93.6813,6.2122,88.6133,False,214,False,72035.2008,91,True,395.7351,28,45,7.3949,17.1398,9.4118,low,True,True,2.2757,1,traditional
low,True,28.1029,9491,93.1667,24.6546,4,1971,,86.2847,False,95.2059,47.4281,84.9076,False,111,False,58692.4527,57,False,461.3975,25,30,5.2206,27.1682,10.0,medium,False,True,2.1469,1,modern
medium,False,34.2334,8671,81.9127,25.4389,4,1980,Germany,48.268,False,90.1022,98.7744,67.8466,False,132,,58288.4498,14,False,477.8149,29,7,0.0467,25.9293,6.477,low,False,True,4.8532,17,traditional
low,True,55.8246,500,88.9679,24.6498,6,1980,Germany,80.2794,False,88.4879,-0.4566,57.3878,True,247,False,64101.2772,46,,456.3226,28,37,5.5649,24.4133,3.2869,low,False,True,2.8296,4,traditional
low,False,33.5434,433,76.1866,21.0456,1,1920,France,47.8598,False,79.9094,78.9458,83.5592,False,151,False,64351.2662,39,True,487.0674,23,24,4.7087,26.6674,9.3406,high,True,True,3.0432,5,traditional
high,False,98.522,1519,77.3605,24.1055,1,1980,Germany,66.597,False,94.6646,111.0916,78.8763,True,232,False,67284.6923,18,False,439.1484,25,32,9.7044,19.751,1.1896,low,False,True,4.0853,15,modern
medium,False,67.9783,6671,78.9712,26.5913,5,1980,France,74.4449,False,88.3674,79.5224,85.1567,True,143,False,71115.9979,49,True,500.0,36,40,8.3957,25.9531,4.4477,high,False,True,4.4541,3,modern
low,False,30.1147,2949,71.4764,22.6946,2,1980,Italy,22.2174,False,86.0548,13.6428,78.1915,False,296,False,67289.9736,54,True,498.3405,32,25,2.0229,26.1985,6.2285,high,False,True,3.8794,10,traditional
low,False,69.1849,3545,72.9457,26.0986,8,1980,Germany,7.0141,False,80.6163,103.523,99.5356,True,67,,67599.9076,26,True,481.9091,23,6,4.237,25.0473,7.9254,high,True,True,0.1637,14,modern
high,False,69.9909,8802,78.9789,23.7565,7,1952,Germany,50.7207,False,82.0466,-1.428,62.9743,False,268,False,64526.3149,70,False,449.9963,25,38,7.1982,27.0045,6.3287,high,False,True,4.3053,17,modern
high,True,65.5966,10000,86.9288,23.0787,4,1934,,58.204,False,85.1483,-8.8281,80.6458,True,181,False,65731.261,69,True,486.1805,31,35,3.1193,28.1869,4.663,low,False,True,0.1974,15,modern
medium,False,76.0,750,73.6519,24.4433,1,1921,Italy,3.5344,False,84.1925,10.7392,94.2934,False,249,False,63900.859,45,True,500.0,26,10,10.0,24.8914,4.9979,high,False,True,2.2504,13,traditional
medium,False,38.6785,4085,85.3362,21.719,3,1980,France,27.5575,False,88.4806,195.1141,80.1274,False,230,,67588.9691,39,True,461.2483,25,40,3.7357,26.4017,3.7288,medium,False,True,0.9255,10,modern
medium,False,66.331,5830,77.8433,23.4998,9,1920,Germany,69.6529,False,86.2474,103.0389,83.182,False,191,False,72071.3408,86,,473.6542,30,13,7.6662,24.0977,7.6233,high,True,True,3.5735,14,traditional
low,True,76.0914,6965,78.6851,24.6434,2,1980,Germany,7.428,False,83.5287,111.1574,72.399,True,249,False,56869.1044,90,True,500.0,38,28,8.0183,27.8634,8.6332,high,True,True,1.3634,8,traditional
low,False,38.4796,5701,88.7094,23.0543,8,1980,Germany,51.3434,False,82.3979,148.0141,92.1165,False,199,False,62892.4983,47,False,458.5424,25,38,3.2959,24.1241,7.3565,high,True,True,4.9976,11,traditional
high,False,70.7515,4621,91.1809,23.7439,1,1980,Italy,35.0564,False,86.3279,-2.2162,89.3999,True,145,False,63065.6355,96,,500.0,23,0,2.5503,27.5382,6.1119,medium,False,True,1.1937,19,modern
medium,True,41.8759,9107,85.4029,20.0365,7,1977,UK,94.0294,False,80.2202,71.0467,69.7536,False,224,False,59400.6903,90,False,491.0612,30,46,0.7752,28.9123,1.4454,medium,False,True,3.7968,19,traditional
high,True,44.2615,8883,74.7591,23.0414,3,1980,UK,67.969,False,82.3199,165.5291,66.8066,False,278,False,69037.3785,23,True,450.6081,33,22,6.8523,29.7012,4.371,high,False,True,1.7867,5,modern
low,True,62.1855,5443,74.7385,24.3524,8,1920,France,5.5095,False,80.4077,-14.4002,89.8192,False,217,False,66807.6962,83,False,500.0,28,29,8.4371,26.001,2.7754,medium,False,True,1.8997,10,modern
high,True,8.7378,9442,86.944,24.1242,6,1920,,69.9762,False,83.8322,126.8423,75.7139,False,181,False,63030.3997,60,True,497.3362,31,23,1.7476,22.5979,8.1602,medium,True,True,1.5809,0,modern
high,False,11.4035,7680,83.0628,25.2406,2,1980,USA,80.2751,False,84.6996,28.0659,90.4666,False,197,False,69359.8911,16,False,500.0,23,3,1.8807,30.5723,2.3411,low,False,True,1.7796,1,modern
low,True,54.3959,7476,85.3388,23.9334,5,1930,France,21.5021,False,90.9874,158.9857,75.8859,True,188,False,61417.6987,13,,458.7639,25,44,2.8792,25.8085,9.2729,low,True,True,1.0024,10,modern
high,False,36.0644,1381,83.644,25.344,7,1980,France,67.5515,False,86.8827,127.39,97.3589,False,268,,72056.4717,31,False,500.0,34,5,4.4129,38.4944,4.409,low,False,True,2.0188,7,traditional
low,False,70.0,2819,84.1933,21.5859,1,1980,Italy,57.7035,False,85.9709,103.2358,84.5088,False,151,False,53686.624,36,True,457.8034,35,1,10.0,32.9773,6.1169,medium,False,True,2.9396,10,modern
high,True,60.4967,742,85.9933,20.6688,6,1920,France,63.7191,False,85.2584,174.6852,84.9549,False,188,False,67194.9668,23,False,442.8974,30,3,8.4993,25.7166,10.0,high,True,True,1.5651,9,modern
high,True,80.219,4361,73.3065,24.3042,2,1980,France,77.3288,False,85.8578,-14.3875,67.2263,True,195,,59941.9108,43,False,491.8249,35,7,4.8438,27.1261,5.7892,low,False,True,3.8226,18,modern
high,False,52.3309,1,64.3871,23.8377,1,1932,UK,87.5615,False,81.3193,26.3875,87.0953,False,152,False,65888.7853,75,False,500.0,26,43,8.0662,23.5542,7.2501,low,True,True,3.2519,6,traditional
medium,True,43.6886,1901,81.0808,23.9269,5,1920,France,40.027,False,90.1119,95.4844,51.7316,True,74,False,60555.8422,53,False,500.0,27,45,4.7377,21.5629,9.345,high,True,True,1.54,0,traditional
high,False,56.0686,8950,78.7068,22.2286,8,1920,USA,59.7145,False,95.4587,179.32,77.7771,False,257,False,66185.7162,26,True,449.8228,38,4,9.2137,22.3327,6.6571,high,False,True,4.7036,5,traditional
high,True,52.4011,9259,86.0903,23.5619,3,1968,UK,40.1645,False,82.2472,160.4138,65.922,True,148,False,67889.972,19,True,481.3054,23,23,4.4802,22.0744,5.2973,medium,False,True,4.5079,5,modern
low,False,39.8493,6269,93.0257,22.1999,6,1920,Germany,35.1052,False,91.9915,159.1199,90.7554,False,205,False,69882.9351,72,,500.0,27,28,2.3699,24.5158,6.974,low,False,True,0.7768,14,modern
high,True,73.7045,4000,82.7762,23.9466,2,1980,,56.5793,False,80.5558,48.4839,64.09,False,96,,63449.5682,60,True,444.267,21,39,7.9409,22.4789,6.5516,low,False,True,2.3028,17,traditional
medium,True,48.6284,2014,83.8126,24.0435,6,1941,USA,8.9376,False,82.4619,150.3549,89.0028,True,167,False,56504.1983,72,False,500.0,29,24,0.1257,29.3551,4.853,high,False,True,2.7172,14,modern
medium,True,77.5934,10000,84.085,23.9179,8,1920,Germany,52.801,False,89.6064,128.109,59.5272,True,218,False,62335.0395,14,True,441.6361,27,36,7.5187,21.2876,9.1735,high,True,True,4.6695,10,modern
low,True,74.0,8254,85.881,21.6397,7,1980,Germany,13.9634,False,87.272,-37.7867,59.7855,True,241,False,67406.6986,16,False,500.0,25,0,10.0,18.2481,6.2324,high,False,True,0.8731,2,modern
low,False,68.712,9204,83.4923,23.706,4,1920,UK,95.5537,False,85.2147,141.7637,73.5631,False,263,False,69454.6849,43,True,474.3076,23,46,6.5424,26.8656,7.2927,high,True,True,4.7225,18,traditional
high,True,71.2641,8095,79.9952,25.3384,9,1980,UK,82.4166,False,84.0425,92.3157,89.1356,False,186,False,64491.0152,66,True,500.0,28,38,7.8528,21.5541,4.5948,low,False,True,4.3183,16,traditional
low,False,65.471,4992,80.5839,24.9606,6,1980,France,43.3065,False,89.2097,125.9264,76.5642,True,174,False,64425.86,88,False,457.3282,33,18,7.4942,27.8007,6.8804,medium,False,True,0.88,4,traditional
low,True,47.4636,6810,89.0146,23.6653,1,1920,Germany,7.0218,False,84.8178,5.1517,59.1054,False,190,False,65698.0513,25,True,470.5363,36,31,2.2927,25.5129,8.1927,high,False,True,2.9561,18,modern
low,True,38.1092,590,91.5147,21.4714,2,1980,Italy,69.003,False,91.6959,33.2801,75.3397,True,157,False,62646.15,26,False,468.7826,31,22,0.8218,26.2382,2.4229,medium,False,True,4.5551,7,traditional
low,False,76.8122,6639,74.318,24.9067,6,1980,USA,76.6855,False,88.3997,59.3299,52.4017,True,176,False,62142.7696,56,False,495.6008,30,35,6.5624,28.9393,1.5936,medium,False,True,1.0011,12,traditional
low,False,53.7624,4217,79.731,26.0572,10,1980,Germany,1.994,False,85.6135,20.0056,91.5782,True,201,False,65079.4202,19,,455.9891,22,40,5.5525,27.7553,1.2623,low,False,True,1.8903,3,traditional
low,False,80.1323,6867,80.672,21.5263,1,1980,Germany,12.4416,False,93.1822,49.7345,56.1758,True,166,False,68663.8379,20,False,441.6788,19,32,8.0265,22.5029,7.7567,low,False,True,2.9508,10,traditional
low,True,42.0221,3105,75.3607,22.5829,4,1920,,28.4383,False,91.8116,179.476,86.267,True,212,False,64382.7305,10,False,485.1761,32,0,3.2044,33.1345,9.7873,medium,True,True,0.4382,3,traditional
high,False,54.0,3347,78.3796,23.3858,2,1980,UK,36.1115,False,84.2748,141.9501,52.6082,True,272,False,60278.2824,32,True,464.24,23,30,0.0,19.3484,6.7103,low,False,True,0.832,17,modern
high,False,53.9882,6590,77.0549,23.3386,3,1961,Germany,44.4929,False,92.0832,84.7706,82.4627,True,185,,60722.415,31,False,500.0,28,46,2.7976,21.1908,5.7755,low,False,True,4.2492,10,traditional
high,False,33.8921,5627,86.6092,20.9599,9,1920,France,94.4182,False,89.0013,18.8974,78.4368,False,168,False,63576.4604,37,True,497.7225,29,48,5.5784,28.0194,1.6436,high,False,True,4.2401,3,modern
high,False,70.0747,5646,80.3388,24.8969,8,1980,Italy,85.6354,False,85.4626,129.1574,67.8952,True,171,False,65041.773,83,False,500.0,29,13,3.6149,24.5434,4.4093,medium,False,True,0.949,16,modern
medium,True,92.3858,8673,85.8287,25.0754,9,1980,Germany,36.8556,False,93.3814,112.122,73.9619,True,236,False,64170.8382,32,True,474.6045,37,25,9.6772,22.6675,4.9514,low,False,True,3.542,12,traditional
medium,True,48.0437,6898,93.2322,22.8881,6,1980,Italy,34.814,False,85.1864,-29.6112,82.0752,False,214,False,65298.5546,87,False,459.3496,33,31,1.6087,28.3106,9.3,high,True,True,0.0062,20,modern
low,False,58.4167,6145,74.6024,25.4248,3,1980,France,84.3088,False,86.109,196.1256,62.6124,False,129,False,68403.2007,41,False,462.5144,23,42,6.4833,22.2918,2.2213,high,False,True,3.8379,13,modern
high,True,63.8576,6696,85.7083,22.2387,9,1968,UK,49.1135,False,88.7501,52.9447,93.1928,True,131,False,67983.233,100,True,481.5369,30,9,7.9715,24.6578,6.7813,high,False,True,1.6372,2,traditional
low,True,12.9143,6123,79.703,20.7067,6,1920,USA,76.1434,False,87.2116,155.1135,68.6709,False,125,False,64963.5077,56,True,465.5473,41,2,1.3829,28.4241,2.1421,low,False,True,0.7977,3,modern
medium,False,72.9319,4832,77.4356,23.3174,3,1980,,51.7254,False,87.9976,7.6396,88.4474,False,145,,68657.7117,43,True,449.9515,28,35,6.9864,27.2648,7.7032,medium,False,True,1.988,19,traditional
high,False,40.8057,423,86.2919,24.1546,4,1980,Italy,21.8846,False,89.5282,-11.5366,63.6119,False,171,False,71223.5018,46,False,438.7896,32,31,7.3611,22.4243,8.4617,high,False,True,3.1308,2,modern
medium,True,26.5681,1195,90.1896,23.8306,10,1920,,97.4564,False,80.7157,25.6815,68.6068,False,228,False,57931.7215,75,False,498.5794,33,46,2.9136,27.256,3.9771,medium,False,True,1.3488,6,traditional
low,True,33.5339,5045,71.9217,24.7675,3,1980,USA,98.4158,False,86.0182,-2.3193,69.6343,True,245,False,61992.1254,31,,452.6598,23,17,0.3068,28.6187,8.3867,medium,False,True,3.522,6,traditional
low,False,48.5917,7241,78.8111,21.8578,2,1932,Italy,15.7695,False,85.4943,19.2988,96.7134,True,204,False,60616.3655,34,False,500.0,22,44,4.1183,26.5765,4.055,high,False,True,3.3853,4,traditional
low,True,88.8,8637,78.9831,21.7479,6,1920,USA,85.8956,False,78.6079,90.0555,88.3389,True,160,False,62824.9403,39,False,496.1714,18,28,6.56,33.0497,1.5563,high,False,True,1.3086,18,modern
high,False,44.4437,8878,66.5996,24.7753,9,1980,USA,27.2638,False,84.5149,185.8595,97.3939,False,184,False,57716.4403,12,,461.4244,32,31,6.0887,24.3811,1.5011,high,False,True,2.9434,7,traditional
high,True,32.7354,9216,85.06,21.0927,5,1980,Italy,47.9394,False,83.6383,72.7627,76.6517,True,141,False,68011.6874,17,False,483.2785,25,2,2.5471,32.7726,4.5883,medium,False,True,4.772,0,traditional
medium,False,48.5914,1461,90.6034,22.9005,7,1976,,80.0369,False,89.2737,-5.251,68.4123,False,183,False,56742.3552,71,True,470.7411,27,17,3.7183,28.2389,7.1003,high,True,True,3.4156,15,traditional
low,False,52.0206,892,87.6013,24.8294,7,1980,UK,63.7742,False,83.605,10.6837,56.9868,False,132,False,62888.8905,94,,500.0,22,18,6.4041,23.3637,8.93,high,True,True,0.2658,10,modern
low,True,46.677,4708,90.136,23.3752,2,1980,,5.2726,False,82.5605,-3.0727,56.1314,True,100,False,67346.7326,48,True,500.0,31,10,3.3354,34.0215,8.0595,medium,False,True,2.8692,5,traditional
high,False,47.3977,10000,76.151,21.5287,5,1967,UK,16.5835,False,82.5862,180.9086,75.8983,False,184,False,66441.882,49,False,474.5681,32,37,2.6795,26.1346,1.3543,high,False,True,3.7182,17,traditional
medium,True,49.0876,8863,85.4332,26.3467,4,1973,Italy,77.8212,False,84.6464,74.1666,93.7775,True,168,False,71414.1008,26,True,480.481,26,40,4.6175,31.1417,9.7226,high,True,True,4.6158,3,traditional
high,False,64.169,5456,84.7423,19.2859,9,1980,Italy,51.2469,False,83.3143,-37.3849,77.6602,False,237,False,65222.8132,66,True,500.0,28,45,4.8338,27.802,3.7743,low,False,True,4.5246,20,traditional
high,False,42.3744,5585,94.7271,26.0122,9,1920,,1.5374,False,83.6712,72.457,74.7803,False,174,False,63408.9366,33,True,500.0,27,18,6.4749,27.3465,4.9999,low,False,True,0.5184,5,modern
low,False,58.9432,6984,76.1024,21.5452,9,1980,USA,49.9457,False,90.2111,-42.9283,53.3458,True,230,False,64233.3018,50,True,461.258,26,36,7.7886,24.7072,6.732,high,False,True,4.0477,0,traditional
low,True,8.9937,8245,92.7127,24.3704,9,1928,UK,47.6553,False,76.6451,-26.885,87.5378,False,147,False,71084.7468,98,,478.8465,24,27,0.1987,18.9467,5.4116,low,False,True,0.5862,4,traditional
low,True,46.9269,5009,85.9507,25.8648,2,1920,Germany,36.9105,False,90.741,22.6066,67.447,False,184,False,67717.2649,52,True,450.5868,27,35,8.9854,24.6302,1.5772,high,False,True,0.7036,1,traditional
high,True,64.5416,54,73.3683,24.4361,6,1925,Italy,12.1033,False,80.5643,184.5527,87.2869,True,267,False,64504.122,27,False,483.6174,31,37,8.5083,33.0887,6.2129,medium,False,True,0.8533,1,traditional
low,True,89.942,3123,75.4692,21.8848,1,1920,,58.7411,False,89.2385,-48.2376,84.892,True,147,False,70525.9581,33,True,463.5817,27,13,7.9884,23.7998,6.5422,high,False,True,3.3933,15,modern
low,True,51.0439,2477,87.6126,25.5471,7,1920,Italy,29.8131,False,80.7119,192.9976,91.2888,True,183,False,67686.7363,49,True,470.0926,27,28,3.8088,23.0791,4.2837,medium,False,True,2.8124,6,traditional
high,False,74.0,2083,84.0066,23.2364,2,1920,Italy,77.5717,False,82.7505,-27.4217,80.46,False,176,False,60975.7039,25,False,475.6017,31,38,10.0,24.7501,8.6719,low,False,True,0.4667,12,traditional
high,False,37.2964,1366,76.8258,21.6749,8,1920,Germany,42.4451,False,86.0964,62.5198,69.5001,False,169,False,68223.0449,79,False,500.0,29,33,2.6593,27.7634,8.1613,medium,True,True,4.1868,12,traditional
medium,False,88.3046,5509,65.8375,21.7181,8,1980,Italy,41.0931,False,81.3677,76.3876,50.0615,True,176,False,61805.4711,12,,448.3942,33,4,7.2609,28.82,5.3475,low,False,True,3.8662,16,traditional
low,True,12.1636,586,71.9675,20.5883,7,1920,France,96.6778,False,78.817,37.5004,88.6321,False,217,False,63617.4195,16,False,478.1204,21,17,0.4327,23.7324,2.8135,high,False,True,4.2927,5,modern
high,True,50.9426,7731,77.7193,25.0176,1,1980,France,62.6544,False,78.0862,-1.9633,73.9673,True,149,False,65651.6586,65,False,486.8979,36,10,6.1885,23.5353,5.8276,medium,False,True,4.3424,0,modern
medium,False,21.7181,2769,79.7231,23.5123,8,1980,,62.7596,False,81.896,80.6934,57.5262,False,237,False,61020.677,31,True,477.0966,36,18,4.3436,27.2204,6.8677,high,False,True,3.1197,0,traditional
low,False,69.135,7656,100.2181,25.6954,3,1977,Germany,4.6422,False,88.2932,-3.2159,70.8309,False,197,,67520.5706,18,False,500.0,35,17,8.227,25.4047,4.2415,medium,False,True,5.0,14,traditional
high,False,52.7023,7429,74.912,24.2108,4,1920,USA,4.6142,False,85.1366,54.9403,89.1557,True,219,False,60668.0756,97,True,448.9523,24,38,4.5405,35.7978,2.9569,high,False,True,0.8206,5,traditional
high,True,42.5169,1330,91.6206,23.2544,4,1980,USA,1.9762,False,98.877,47.6076,64.4073,False,184,False,62627.1226,23,False,451.0423,35,37,3.7034,23.1684,4.7483,high,False,True,1.1214,12,modern
high,True,21.4169,3596,81.6519,24.388,2,1926,France,65.2483,False,81.8271,23.1505,60.5144,True,218,False,64603.053,53,,481.7342,24,32,0.2834,27.2336,6.7281,high,False,True,3.1329,0,modern
low,False,100.0,9648,78.3639,21.3476,9,1980,Germany,45.8835,False,84.0702,189.1079,54.4409,True,260,False,60588.7056,60,False,477.2257,37,48,9.6804,30.5163,8.1071,medium,True,True,0.8482,17,modern
low,False,78.7736,4653,84.9649,22.6631,7,1920,UK,54.049,False,83.8704,35.6265,89.4389,True,132,False,69658.4191,76,False,494.4934,30,49,4.1547,22.1094,4.6009,medium,False,True,3.8795,19,modern
medium,False,38.6686,6807,69.5204,22.3309,7,1980,UK,74.8425,False,96.8143,122.2225,94.325,False,213,False,59519.3621,94,False,488.4549,24,5,7.7337,28.9934,8.4999,low,True,True,3.3639,0,modern
high,True,63.7143,6869,79.252,22.0765,2,1957,UK,78.8001,False,82.8896,35.1476,94.1141,True,183,False,68185.458,72,False,474.1965,31,2,3.1429,26.4222,8.2056,medium,True,True,3.1485,14,traditional
medium,True,53.9985,1782,78.9535,25.3439,5,1920,Germany,31.6522,False,81.6935,144.062,57.8025,False,258,False,68206.0947,71,True,500.0,24,8,9.5997,30.6487,6.8865,medium,False,True,1.3325,3,traditional
high,True,70.6578,2472,76.0759,23.232,2,1980,Italy,16.5901,False,85.0148,137.0887,80.0738,True,228,False,59703.9844,52,False,472.2208,34,31,4.1316,20.3151,6.2747,low,False,True,0.2443,15,traditional
medium,True,67.1784,6135,86.6376,22.9276,5,1980,Germany,49.7087,False,86.1071,-10.778,65.1125,False,164,False,66895.6125,86,True,493.9375,33,6,9.0357,28.5725,8.0661,low,True,True,1.3069,11,traditional
high,False,71.0748,382,81.5647,22.4674,5,1980,Italy,3.7079,False,80.9972,119.7974,90.2722,True,148,False,65000.8161,86,True,500.0,26,38,8.615,22.7282,7.4768,low,True,True,1.9307,4,modern
medium,False,26.8738,4397,93.2669,22.4133,9,1920,France,21.0969,False,86.2304,-20.6956,96.3463,False,248,False,64919.1475,11,False,440.3772,35,12,5.3748,24.2323,5.4262,low,False,True,2.2266,0,traditional
low,True,75.962,9050,80.4657,24.6822,9,1980,Italy,49.7505,False,80.9057,73.9057,60.8288,True,211,False,62135.8621,57,,497.6972,27,16,9.9924,27.1053,7.0646,high,True,True,4.301,3,modern
high,False,64.942,9343,83.057,22.1803,4,1951,UK,51.9282,False,92.5579,-5.8863,88.4225,True,185,False,58321.015,36,False,497.3185,41,22,8.1884,22.749,7.2881,medium,False,True,1.5116,2,traditional
medium,True,83.3409,9131,83.0531,24.2956,1,1980,Italy,23.3231,False,89.7184,160.3426,51.5317,False,188,,65645.3577,65,False,493.867,17,7,9.8682,29.9234,5.6672,low,False,True,3.2926,17,modern
low,True,65.1634,9779,85.2677,24.9225,1,1980,,94.9251,False,85.2031,-45.7144,61.8352,False,154,False,66708.8626,98,True,464.4772,23,3,9.0327,24.5382,5.0995,low,False,True,1.8822,10,modern
low,True,55.4399,9517,74.6669,21.8649,3,1961,Italy,37.9057,False,74.9652,39.7565,100.0,False,163,False,60060.7426,33,True,495.1701,31,46,8.288,20.0043,6.0644,medium,False,True,3.8886,7,traditional
medium,True,61.6153,8354,87.0183,19.2943,7,1920,Germany,68.0785,False,89.0835,19.124,63.9627,True,197,False,68495.9008,32,True,495.2264,25,17,7.5231,28.1394,4.3432,medium,False,True,1.8992,2,modern
medium,True,48.9415,9959,82.627,24.35,7,1920,Italy,92.2926,False,81.9504,163.8124,79.7395,False,85,False,65474.9219,77,True,491.0042,29,30,8.5883,25.8301,6.1545,medium,False,True,4.3343,3,modern
low,True,77.4936,3507,77.0995,22.1573,2,1980,UK,60.2142,False,87.9271,101.448,72.9734,True,140,False,59576.3028,100,True,500.0,32,2,8.2987,24.3808,7.8564,low,True,True,3.6392,8,modern
medium,True,78.7737,6600,84.3777,22.1809,9,1920,Germany,21.0211,False,88.3527,-29.69,94.1039,True,231,False,57170.4465,41,False,500.0,40,8,9.7547,24.5606,7.4835,low,False,True,4.3056,5,traditional
medium,True,48.4616,8934,70.6497,24.9091,1,1980,France,22.4827,False,83.1441,59.8888,95.1655,False,210,False,65491.1646,37,True,466.7943,33,29,6.4923,27.8903,9.06,high,True,True,0.8962,8,traditional
low,True,61.5429,5299,94.6114,23.086,4,1980,,79.605,False,91.0364,79.8514,83.6466,False,212,False,66204.6329,57,True,481.1071,37,23,8.3086,21.2251,6.5776,low,False,True,0.5007,10,modern
medium,False,12.2219,2869,80.7713,21.8886,9,1920,Italy,37.8913,False,89.9062,119.5096,64.3489,False,156,False,65441.4058,28,True,434.3237,28,44,1.2444,24.5935,1.0,high,False,True,3.8533,3,modern
low,False,42.7194,3491,80.5764,23.8666,8,1980,USA,39.9631,False,91.0716,188.3366,66.235,True,183,False,61540.233,87,,453.8087,35,18,2.1439,27.0166,9.9462,high,True,True,0.2521,6,traditional
high,True,54.42,2558,82.529,22.6412,3,1939,USA,61.6928,False,88.0064,46.1392,86.2498,True,187,False,66783.5125,74,True,469.3517,28,29,2.084,17.6364,8.1993,low,True,True,4.1806,12,modern
high,True,58.8754,1144,77.2742,22.866,8,1920,Italy,80.3334,False,89.4674,-45.8143,58.6277,False,114,False,63477.181,71,True,490.8093,31,18,5.7751,25.6742,5.8856,medium,False,True,1.7463,15,traditional
medium,True,67.2837,4197,81.0891,24.609,4,1980,USA,86.3076,False,93.9675,54.127,73.0398,True,147,False,63521.7909,18,False,500.0,24,49,7.0567,22.1874,7.0271,high,True,True,2.3743,6,modern
high,True,63.3224,2855,81.2215,24.17,8,1962,Germany,1.689,False,92.7008,158.6281,50.7862,False,184,False,62886.3359,90,False,490.8148,29,2,6.2645,24.027,3.8388,high,False,True,3.2015,16,modern
high,False,62.1949,8789,76.5644,24.8724,3,1969,Germany,56.6229,False,84.2365,108.3771,50.0,True,182,False,62482.824,22,False,474.4691,33,15,4.039,24.4001,1.8761,medium,False,True,0.2387,11,modern
high,True,54.0796,4581,78.224,23.9211,7,1980,UK,17.0679,False,78.982,12.4067,50.4023,True,243,False,69526.0915,81,False,481.7858,26,20,2.8159,28.1098,4.3696,low,False,True,0.8128,10,traditional
medium,False,63.6198,6036,73.6788,24.6784,3,1980,France,59.3527,False,91.7464,51.6009,58.5917,False,186,False,70148.9032,93,True,439.8538,35,23,7.524,29.1697,5.6458,high,False,True,4.172,13,traditional
medium,True,68.2802,587,83.7473,26.4687,4,1980,USA,28.636,False,89.1498,152.4573,65.3512,False,167,False,64167.3052,16,True,500.0,27,43,8.856,23.5627,1.6746,medium,False,True,4.5113,12,modern
medium,False,51.8224,4600,81.9758,22.5479,5,1980,,3.1775,False,88.1817,-36.0044,86.3827,True,124,False,64250.2012,46,False,461.3592,33,46,1.1645,30.0058,6.742,high,False,True,0.7337,13,modern
low,False,43.4792,2290,87.765,22.5266,3,1980,Germany,58.8585,False,92.056,15.7456,63.483,False,198,False,66404.3064,43,False,462.0755,29,39,7.4958,19.553,3.5391,low,False,True,3.4519,3,traditional
medium,False,25.8812,3352,88.9136,21.7605,8,1953,USA,5.6653,False,79.8436,158.2574,96.4123,False,267,False,70312.2832,86,True,450.8959,27,4,0.3762,23.9077,1.8943,medium,False,True,2.1076,12,traditional
medium,False,56.7699,9563,78.6873,25.2675,4,1980,France,2.8746,False,89.9974,59.5175,64.0678,True,263,False,68149.3801,68,True,489.2508,26,28,5.354,29.3857,6.4415,low,False,True,2.8424,5,traditional
high,True,63.352,179,85.5876,25.1075,7,1920,France,80.9419,False,84.0732,121.8697,59.234,True,151,False,71068.5525,95,,472.0885,24,45,8.6704,28.1829,5.782,medium,False,True,4.4304,0,modern
low,False,35.817,2396,80.3079,22.6449,5,1980,UK,50.7022,False,87.052,97.4023,65.8233,False,196,False,67778.3609,44,False,500.0,26,30,1.9634,22.9222,1.9346,medium,False,True,0.7611,13,modern
medium,False,41.6574,4457,91.657,23.8571,1,1953,Germany,62.3392,False,86.4599,181.7794,87.5516,False,223,False,67347.8141,21,True,488.4727,26,32,5.5315,23.2243,6.7852,low,False,True,1.7435,7,traditional
low,False,23.1868,4838,78.4671,24.2849,8,1980,Italy,2.1823,False,86.0275,-24.7923,80.0142,False,133,False,66326.6426,87,True,461.3793,29,8,0.2374,23.5226,4.7445,high,False,True,3.49,11,modern
low,True,65.0977,4532,76.7581,20.9494,2,1980,,42.7073,False,85.3973,79.0098,58.1526,True,164,False,63467.5592,100,False,474.8237,30,47,9.0195,23.7599,5.567,low,False,True,0.0,0,modern
medium,False,41.5478,6470,77.1586,23.0552,9,1980,,55.5467,False,94.2925,-7.7809,68.5947,False,195,False,61949.9691,89,,500.0,32,46,1.1096,20.0734,9.8366,medium,True,True,3.51,18,modern
low,True,87.825,6844,86.3278,23.2049,2,1939,,88.3503,False,88.7124,148.0643,54.732,True,124,False,64418.6516,61,False,444.0354,31,10,7.565,25.8399,7.94,high,True,True,1.7975,15,modern
medium,False,74.7637,3317,69.6081,23.9628,3,1980,Italy,66.7693,False,83.6714,198.2437,52.8166,True,160,False,64967.9637,12,True,500.0,29,41,9.7527,16.5829,8.3102,medium,True,True,3.1805,3,modern
high,True,81.1552,9635,79.0586,22.7532,3,1920,Germany,50.2057,False,81.5986,151.4479,92.2383,True,90,,69723.546,78,True,490.1151,34,38,7.431,23.7539,1.3718,medium,False,True,2.4301,12,traditional
medium,False,63.1117,1539,82.4636,21.587,9,1920,USA,29.8813,False,79.3058,62.6192,61.0776,True,214,False,69213.1693,68,True,451.2115,23,8,4.2223,16.8185,8.3776,low,True,True,2.8247,11,traditional
high,False,92.6222,2171,91.9883,24.9534,8,1935,France,32.5609,False,81.6775,132.5533,72.0556,True,154,,61474.2368,66,True,468.2038,26,26,9.3244,23.5387,5.3528,high,False,True,3.9272,13,modern
medium,False,37.3389,9799,75.759,24.0087,8,1966,,68.2044,False,76.8091,197.2068,82.5379,True,173,False,67036.409,67,False,477.5654,28,13,0.6678,23.5883,8.438,low,True,True,0.8669,7,traditional
medium,True,47.6575,3860,92.3707,23.2007,8,1920,UK,57.1026,False,85.3807,14.0696,81.5033,False,225,False,62397.6539,44,False,473.6085,31,46,3.5315,25.7304,7.51,high,False,True,1.1947,15,modern
medium,False,42.4189,6387,82.3834,18.7801,6,1980,Germany,69.8882,False,85.9729,166.8255,64.6734,False,243,False,68048.3862,21,False,450.0097,35,36,4.4838,31.1787,5.6543,medium,False,True,1.8933,10,traditional
low,True,61.4171,3006,84.3216,23.5956,6,1980,USA,54.046,False,89.3679,23.9727,79.5968,False,117,False,64084.8736,84,,469.1949,28,40,9.0834,25.2108,6.0576,low,False,True,4.6149,8,traditional
low,False,26.3862,2882,80.0865,23.5407,6,1926,UK,72.6802,False,89.4839,-43.1465,62.8298,True,222,False,67746.9522,83,False,474.8694,24,31,1.2772,30.7822,8.6604,medium,True,True,1.351,0,traditional
medium,True,75.9933,5097,87.6328,25.9458,2,1980,USA,10.1537,False,83.9171,153.033,58.4363,True,221,False,68717.5165,87,False,421.4649,29,14,3.5987,27.5972,1.8736,high,False,True,4.2164,19,traditional
low,True,97.4308,8751,79.0803,22.1825,7,1946,Germany,7.7262,False,92.4085,190.3671,78.7506,True,262,,63442.6464,93,True,456.8136,32,46,8.2862,24.0224,4.0885,high,False,True,3.7445,18,modern
low,False,43.3073,3427,86.3351,23.5477,1,1980,Germany,98.046,False,91.8543,77.8752,56.8203,False,142,False,60285.1534,29,False,482.9579,25,21,3.4615,22.2302,3.4478,medium,False,True,3.2816,13,modern
low,True,47.0448,9455,71.3417,21.8328,3,1920,Italy,66.3815,False,72.0329,87.8065,70.1475,False,125,,70089.3394,63,True,500.0,23,19,6.209,27.0412,5.9749,medium,False,True,2.6912,8,modern
low,True,69.4934,6368,77.8658,22.9803,3,1980,,58.0865,False,88.0758,79.3654,88.5317,False,225,,62856.8917,14,False,473.7549,26,16,7.8987,30.759,9.5651,low,True,True,3.2603,15,traditional
high,False,73.0811,8614,81.0011,23.6125,7,1920,,91.7719,False,84.5527,199.1143,84.9657,True,255,False,58540.5902,23,False,495.5691,41,25,6.2162,29.9318,4.9816,high,False,True,2.1569,11,traditional
medium,True,47.942,6755,80.0327,23.0365,7,1980,,8.062,False,88.6947,87.2345,69.5223,False,117,False,65196.9106,59,True,500.0,29,40,9.1884,29.5959,7.8878,medium,True,True,2.9449,1,traditional
low,False,33.955,6645,88.4147,23.6481,8,1980,France,85.9275,False,83.9902,-33.4653,64.0845,False,220,False,68519.8761,21,False,486.5228,36,24,5.191,25.7637,3.3634,low,False,True,2.0767,4,traditional
low,False,53.8249,6383,79.2485,22.3736,8,1980,,47.3753,False,86.3223,-42.9058,75.2643,True,174,False,60669.8316,78,True,471.3449,30,29,4.765,28.0655,1.6663,high,False,True,4.4384,5,modern
medium,False,73.0621,4045,86.098,25.1492,6,1920,UK,53.9338,False,85.7873,171.5101,83.522,False,189,False,67573.2987,57,True,482.8566,26,17,7.8124,25.2591,9.0393,low,True,True,0.7251,17,modern
medium,True,34.8964,5533,84.8414,25.5312,8,1980,France,99.7708,False,87.2347,135.104,63.5446,True,209,False,61666.1576,30,True,500.0,30,11,1.3793,26.0173,3.5058,high,False,True,4.6273,4,traditional
low,False,49.4688,2881,74.1381,21.7248,3,1920,UK,61.3692,False,81.1532,-36.3506,51.6389,True,136,False,67757.192,74,True,477.3482,41,41,0.6938,33.682,1.5766,low,False,True,2.2163,13,modern
medium,False,28.0646,747,92.6929,25.136,8,1943,,29.8943,False,92.3673,-41.6136,73.5888,False,124,False,67326.579,25,False,478.9127,35,23,4.4129,19.5362,4.5577,low,False,True,4.6064,3,modern
high,True,85.5684,2268,86.5012,24.7133,5,1920,Germany,44.2498,False,93.0526,-25.5326,93.9008,False,201,False,62017.4133,41,True,479.1553,28,10,9.5137,27.731,4.2925,high,False,True,3.2735,19,modern
low,False,18.9403,2766,77.6341,23.7484,3,1979,Germany,92.0774,False,83.3123,188.3072,70.4622,False,156,False,67110.4332,48,,451.2968,28,5,3.3881,27.9187,8.5709,medium,True,True,1.0731,1,traditional
medium,True,20.0198,10000,89.2896,21.3677,5,1920,,14.647,False,91.4238,47.5406,59.1277,False,176,False,69199.2385,76,True,442.5441,41,37,1.204,26.0268,7.2701,high,True,True,0.4471,7,traditional
low,False,34.0406,5341,69.6003,24.4325,7,1980,Germany,87.4087,False,84.1693,-14.5655,63.0516,False,187,False,59776.7736,45,False,500.0,29,46,5.6081,31.1277,1.8592,low,False,True,2.1697,3,modern
low,True,43.061,6870,83.463,22.4328,8,1980,USA,0.2559,False,96.6837,8.5243,60.3452,False,155,False,67088.1176,24,True,484.1117,24,20,5.0122,27.4233,6.655,high,False,True,4.2183,9,traditional
low,True,34.4626,8262,82.232,23.8538,6,1920,France,26.6071,False,86.1422,-12.9605,77.7355,False,235,False,62974.7564,40,True,500.0,39,42,4.4925,22.4282,7.8948,medium,False,True,3.7149,6,modern
low,True,28.0,3858,80.0586,22.4785,5,1967,France,86.9246,False,90.2593,167.0457,52.2933,True,171,False,59841.9796,24,False,500.0,24,47,0.0,28.2327,6.8377,medium,False,True,4.4015,4,traditional
high,True,39.4316,9631,75.4339,23.0696,8,1980,UK,93.5561,False,91.0609,-29.2762,82.5826,False,214,False,64368.1418,54,False,473.0014,37,11,4.2863,20.8846,2.3842,low,False,True,4.202,9,modern
low,True,9.1181,5342,83.9369,25.9797,1,1980,USA,52.5653,False,84.478,-18.6698,80.0396,False,167,False,57630.9609,22,False,471.9452,27,36,1.8236,22.049,4.7953,low,False,True,1.1823,0,traditional
low,False,28.7355,3460,90.7167,21.9744,3,1980,Italy,7.3006,False,85.9055,79.9285,84.452,True,187,,73827.5224,61,False,481.4058,22,9,1.7471,23.742,6.5769,high,False,True,1.9671,0,traditional
medium,False,27.5341,2284,81.353,22.4577,8,1920,France,60.6993,False,87.7155,101.8436,88.6153,True,140,False,64682.653,85,False,458.0453,26,46,1.1068,27.3805,2.3647,high,False,True,0.3431,1,modern
medium,False,35.055,4999,81.2788,19.9624,8,1980,Germany,86.1598,False,94.3797,-13.8492,85.3332,False,150,False,67127.2456,91,True,461.9855,27,24,2.211,24.0408,1.9482,low,False,True,2.397,12,traditional
low,False,37.2496,369,78.874,22.3978,7,1971,USA,59.8026,False,85.6796,73.9177,59.1791,True,186,False,67130.1712,76,False,475.2481,29,10,2.6499,25.3508,2.392,low,False,True,4.1228,2,traditional
high,False,56.4292,1637,83.8165,25.8358,2,1980,France,45.0332,False,86.6621,123.9371,84.3091,True,141,False,63868.0246,93,,500.0,36,13,2.0858,27.841,6.9773,medium,False,True,2.1333,13,traditional
medium,True,16.14,9026,103.9667,23.2397,5,1920,Italy,59.7247,False,94.2325,-6.7991,83.2849,False,190,False,60977.3046,61,False,484.4402,17,30,1.628,25.2831,9.7503,medium,True,True,3.2186,4,traditional
medium,False,40.4777,5901,80.1934,20.6132,6,1980,USA,22.4554,False,81.0322,97.7075,92.6769,True,208,False,66769.3411,47,False,469.6489,28,19,3.2955,21.4898,7.1001,high,True,True,2.0161,2,modern
high,True,77.5441,9258,85.6352,24.3484,3,1980,Italy,7.3986,False,84.643,107.702,84.088,True,200,False,64298.391,44,,415.2295,30,19,8.7088,28.0149,1.7171,high,False,True,2.2294,7,modern
high,True,66.4399,3794,76.9568,22.6062,6,1968,UK,25.4786,False,86.1399,172.6134,66.0399,True,164,False,61886.2634,45,False,500.0,28,17,6.888,25.3409,8.6202,medium,True,True,1.3058,6,traditional
high,True,37.2651,7915,88.5665,24.1805,6,1920,UK,28.2535,False,86.1811,42.5032,95.0103,False,161,False,65486.6847,10,False,491.8933,30,16,7.053,27.4518,9.6192,medium,False,True,4.7214,1,modern
low,True,21.4241,3749,81.4255,25.4145,9,1941,USA,87.9661,False,87.295,134.4102,59.6729,False,214,False,60752.3648,54,False,500.0,30,6,1.0848,26.0352,4.1143,low,False,True,1.7837,8,traditional
high,False,77.7593,3830,80.4541,20.2002,7,1980,UK,79.5029,False,82.7458,70.6409,96.2047,True,119,,58099.1125,45,True,484.8357,21,45,6.3519,22.9045,9.2286,medium,True,True,1.7732,13,traditional
low,False,38.4923,1802,80.4967,22.0439,4,1950,Italy,42.7689,False,86.7823,43.2604,57.1735,False,125,False,65143.166,49,True,480.0633,29,27,7.2985,23.9083,7.3343,medium,False,True,1.9005,1,traditional
medium,True,18.0896,6138,78.8301,22.3686,5,1920,France,0.1531,False,89.8792,13.8425,89.3378,False,170,False,66838.0949,96,True,488.1319,35,14,2.4179,29.6991,2.1231,medium,False,True,1.8828,3,modern
high,True,53.6681,5201,81.9303,24.3578,6,1980,Italy,63.3001,False,84.7109,100.1132,85.2333,True,212,False,67258.5488,76,True,425.0186,22,3,3.9336,21.0843,1.749,high,False,True,3.1509,7,modern
medium,True,66.623,8803,92.4513,25.1332,1,1961,USA,95.8253,False,88.7344,-11.2389,52.914,True,218,False,66738.0546,95,False,480.7566,31,14,7.3246,29.231,1.5123,high,False,True,2.5104,5,traditional
medium,False,48.3514,2099,83.9841,21.9508,7,1980,USA,48.7607,False,88.3021,-35.8264,79.5894,True,170,False,61956.9943,44,False,457.3573,22,41,4.0703,31.1697,3.062,high,False,True,0.2636,4,traditional
high,True,13.4118,4402,79.2239,25.8296,4,1977,UK,80.5103,False,88.5669,114.9265,90.856,False,118,False,51393.3082,65,False,456.8394,29,10,1.8824,27.0054,6.1204,high,False,True,0.0,2,traditional
high,False,73.564,7989,65.1676,24.7903,1,1980,France,14.3113,False,79.8943,75.6379,84.1817,True,204,False,64696.9198,51,False,500.0,20,22,9.5128,27.5385,5.8549,medium,False,True,3.5755,3,traditional
high,True,56.2478,4815,87.0781,23.1918,8,1926,UK,74.3857,False,82.1835,44.15,73.1912,True,249,False,66014.1454,36,False,488.2278,35,45,4.4496,26.4865,7.7967,high,False,True,3.736,7,traditional
high,True,71.9705,1141,88.5001,24.8275,3,1980,France,87.2599,False,80.1098,5.9842,97.5452,True,248,False,62054.3169,81,True,500.0,29,34,8.3941,21.9207,6.4271,medium,False,True,3.0718,5,traditional
medium,True,18.5533,7477,81.1125,23.9276,7,1920,Italy,97.9028,False,86.1069,-31.6447,68.4443,False,214,False,64711.5978,84,True,486.8828,32,26,2.1107,22.0096,5.9385,medium,False,True,3.6317,4,traditional
high,False,81.371,2262,86.9228,19.9163,8,1920,UK,16.6949,False,78.696,120.1411,83.3372,True,129,False,64851.1289,12,True,500.0,35,19,7.4742,31.5917,8.1983,low,True,True,4.4411,12,traditional
low,True,99.649,2075,94.0427,23.243,6,1927,France,15.4839,False,87.3304,59.4872,62.8154,True,179,False,64443.3479,55,False,457.7323,35,39,9.9298,24.3576,4.009,low,False,True,1.8462,15,traditional
low,False,38.2075,8012,77.1292,24.9638,7,1980,France,63.7576,False,83.9113,101.7774,91.5577,False,119,False,69912.9253,53,True,477.7217,34,39,7.2415,31.3072,9.7026,high,True,True,4.1109,1,traditional
low,False,79.9762,9031,90.4225,23.6897,8,1920,UK,19.2978,False,89.0659,110.3166,87.0733,False,94,False,56433.7973,85,False,456.956,30,42,8.7952,26.0231,8.4192,high,True,True,1.9058,18,traditional
low,False,51.3502,2130,88.8314,22.5888,5,1920,UK,67.0873,False,87.6159,-29.0746,77.94,False,229,,62352.1939,57,True,500.0,39,2,4.27,30.1602,7.8746,high,False,True,4.779,15,traditional
high,False,36.3648,7846,75.1056,26.3982,7,1980,Germany,33.5085,False,91.0019,182.2187,88.5242,False,201,,68869.4896,88,False,491.8704,30,45,2.873,28.3117,1.8445,medium,False,True,1.5808,11,traditional
low,True,57.1526,3017,80.5867,24.332,6,1920,Germany,38.018,False,86.47,191.07,55.443,True,81,False,69790.1286,55,True,439.3415,27,6,3.8305,22.0951,5.6962,high,False,True,0.1395,9,modern
high,True,82.5119,4311,79.7338,21.684,3,1957,UK,17.4163,False,86.7754,35.8442,91.3805,True,116,False,66365.9978,42,True,479.1434,37,16,6.5024,20.5365,2.3644,low,False,True,0.2774,15,modern
high,True,66.7139,4279,67.6058,21.5894,7,1920,USA,78.5944,False,87.2089,51.8649,82.586,True,192,False,64703.2602,81,True,433.3012,34,24,8.9428,29.4388,4.4201,high,False,True,4.8702,1,traditional
high,True,59.6635,94,99.1042,22.2348,4,1980,,7.8043,False,90.1466,181.7241,69.2544,True,219,False,61308.9287,46,True,500.0,25,38,3.1327,30.0394,8.3136,high,True,True,3.2377,12,modern
low,False,100.0,6008,87.0042,21.9935,8,1980,Germany,52.527,False,79.6074,152.9598,82.8206,True,111,False,63194.9487,65,,500.0,26,45,9.5373,24.3454,7.7695,high,True,True,2.6141,19,modern
high,False,44.3179,6711,78.855,23.1635,9,1920,UK,67.1728,False,84.665,-43.3747,94.8234,True,213,False,64767.5446,33,False,475.004,24,2,4.0636,30.5759,6.4144,medium,False,True,2.3193,2,traditional
medium,True,52.9337,6150,90.1033,23.1078,1,1980,France,88.6577,False,84.9619,13.083,98.2821,True,211,False,58231.5354,61,False,500.0,30,25,5.3867,25.2836,5.7743,high,False,True,1.91,3,modern
medium,False,100.0,4418,78.598,22.2487,3,1980,UK,38.5591,False,84.5531,97.2329,78.8593,True,269,False,63584.0,73,True,463.6204,30,28,9.4841,25.3064,6.8143,low,False,True,4.2128,18,modern
medium,False,34.1709,6852,84.4749,22.2921,9,1980,France,41.3232,False,90.3824,86.942,64.891,True,211,False,60491.2009,19,True,472.0789,30,23,1.6342,25.9093,1.0,high,False,True,0.8031,3,modern
medium,True,52.4198,1910,75.0176,24.2278,5,1980,Germany,11.6571,False,84.6939,122.9234,64.1238,False,205,False,54705.4096,78,True,442.0278,23,12,2.484,26.2867,2.8656,medium,False,True,3.3011,20,traditional
high,False,41.1432,7221,77.1853,23.3296,6,1980,UK,71.653,False,83.8596,-42.4677,50.3974,False,161,False,64066.0815,28,True,466.8191,25,8,2.6286,31.2695,3.9448,medium,False,True,4.4041,14,traditional
medium,False,45.3001,2773,76.5669,23.2777,2,1974,USA,57.0394,False,80.4514,113.0279,64.317,False,212,False,68276.8771,49,False,500.0,19,15,7.86,28.4109,4.4053,medium,False,True,5.0,3,traditional
medium,False,72.2556,2771,85.5747,24.5714,1,1920,France,50.85,False,80.5429,123.3174,50.6668,True,173,False,65671.2268,93,False,498.3423,35,1,8.8511,25.5628,5.7006,low,False,True,2.4607,4,traditional
medium,True,63.6127,620,85.7616,23.4913,9,1920,Germany,68.2785,False,92.0948,30.0474,61.9283,True,120,False,63976.8431,22,False,457.6108,29,12,1.5225,39.7223,9.4728,high,False,True,4.232,18,modern
low,True,33.0887,6181,82.1433,20.8313,8,1980,Italy,80.724,False,85.8731,-11.2576,56.02,True,137,False,61590.552,70,True,482.0909,24,44,2.2177,27.023,7.4089,medium,True,True,0.09,1,traditional
high,True,63.6729,1879,86.3419,19.7742,8,1980,USA,77.7359,False,82.8363,-32.5065,57.4899,True,182,False,64794.9105,64,False,427.8889,34,6,7.9346,22.7283,2.9117,medium,False,True,3.486,2,traditional
low,True,67.2296,9422,80.0712,21.2108,9,1962,UK,99.2927,False,78.6749,-45.1774,80.3781,True,189,False,55452.4884,48,True,484.7209,42,10,5.0459,24.9546,4.2203,medium,False,True,4.8515,11,traditional
low,True,22.5879,9348,82.1072,22.0105,1,1980,UK,87.9103,False,86.1182,186.006,75.6469,False,188,False,62897.2604,36,False,473.4964,22,11,3.3176,19.912,4.824,medium,False,True,0.3847,3,traditional
low,False,80.2179,4832,84.1782,23.6415,3,1980,Italy,48.3083,False,88.025,86.4383,79.1224,True,185,False,64125.4815,11,False,492.9922,25,50,8.4436,27.5843,6.9027,low,False,True,1.1474,9,modern
low,False,31.9999,10000,84.2503,25.7771,6,1961,Germany,66.7313,False,80.4073,33.0974,92.3264,True,174,False,66760.0376,36,True,479.4089,27,25,2.0,26.9784,1.3347,high,False,True,4.5038,1,modern
high,False,41.1197,7693,83.8077,23.9423,7,1920,Germany,80.2669,False,85.2108,100.0365,50.0,True,220,False,67678.4293,27,False,481.6966,34,36,0.2239,19.0917,1.9527,low,False,True,1.6054,10,traditional
high,False,75.6941,9704,87.107,21.9486,6,1980,Germany,71.7771,False,83.8698,93.7371,65.6549,True,170,False,65572.1393,83,False,500.0,23,47,7.1388,28.632,4.0555,high,False,True,3.4961,10,modern
medium,True,57.8759,7781,79.6116,21.9311,1,1920,Germany,75.9898,False,83.4969,169.4707,60.2918,True,188,False,65347.1394,34,False,500.0,24,49,3.1752,25.5303,7.7906,medium,True,True,2.193,11,modern
medium,False,63.9737,3700,83.5915,24.1727,5,1980,USA,41.5935,False,89.3108,-39.7995,91.7283,False,103,False,57293.6982,85,True,472.0211,19,20,5.5947,25.8777,8.8077,medium,True,True,3.665,18,traditional
low,False,32.341,6463,87.0869,22.7658,6,1980,UK,35.6418,False,88.2228,-31.6929,96.0743,False,167,False,70616.5216,66,False,484.7873,28,35,6.4682,29.4109,8.5263,medium,True,True,0.373,0,modern
high,False,41.2751,1683,73.2911,22.8538,3,1920,Germany,42.5717,False,84.8642,-22.828,94.1721,False,170,False,65871.9697,37,True,481.4199,33,5,5.055,22.1098,2.6094,medium,False,True,3.7469,8,modern
low,False,20.0,8938,82.3329,22.6604,10,1980,UK,80.384,False,82.4604,82.6407,78.2354,False,196,False,61429.9716,39,True,494.7977,20,14,0.0,20.6332,8.7925,medium,True,True,1.579,10,traditional
low,True,47.5126,1410,68.6468,23.5856,6,1920,France,61.149,False,81.6972,11.546,75.326,True,235,False,69707.4895,76,False,478.7553,27,35,3.9025,33.1511,2.5579,high,False,True,1.2102,4,modern
high,False,56.2202,8260,86.8349,23.4728,3,1980,France,57.678,False,82.8869,6.099,82.0859,True,157,,65383.0882,38,False,500.0,23,2,6.444,22.7306,5.5295,high,False,True,0.4326,2,modern
high,True,52.0,8500,72.5534,22.4237,6,1980,Germany,89.1302,False,80.2972,109.622,69.1174,False,182,False,63094.2811,90,False,468.4454,29,10,10.0,29.2456,6.9199,low,False,True,2.3144,1,modern
high,False,9.2013,9101,74.2595,20.4814,3,1920,UK,11.6054,False,87.1962,58.4088,77.8361,False,176,,61779.4096,63,True,446.7468,25,3,0.2403,18.7139,2.6955,medium,False,True,3.0344,4,traditional
medium,False,53.2328,5393,77.0378,26.4328,2,1980,France,33.855,False,86.9415,199.6392,99.1458,True,188,,68959.4578,26,True,464.1861,33,3,3.8466,23.9962,1.2047,low,False,True,0.0,7,traditional
low,True,79.249,2600,82.5773,27.2533,1,1920,Italy,75.9596,False,82.9073,68.3584,58.1178,True,107,False,68669.2731,35,False,474.0578,30,15,5.0498,28.9612,8.6442,medium,True,True,4.7092,17,traditional
medium,True,48.0509,9372,80.8876,25.7049,4,1920,Germany,2.6371,False,85.1045,167.0339,80.2892,False,176,False,68475.6256,27,True,439.5524,33,4,9.6102,22.594,7.8536,high,True,True,2.2535,0,traditional
medium,True,52.0744,6348,75.2034,23.8165,3,1920,UK,57.4175,False,87.2702,15.1608,100.0,False,237,False,66555.4579,88,True,466.9104,31,0,7.2149,29.6787,4.2536,medium,False,True,4.6825,8,traditional
high,False,89.0531,9203,85.2641,19.9735,9,1920,USA,31.3808,False,89.1076,29.5095,88.751,True,168,False,67252.2506,10,False,490.6841,23,19,7.0106,29.698,2.9427,medium,False,True,3.4423,17,modern
medium,False,51.4753,211,81.9996,23.1776,1,1920,France,39.1704,False,88.1801,60.3153,74.3106,False,116,False,64997.4958,92,True,438.7636,37,12,2.6951,24.7952,8.4997,medium,True,True,0.6505,19,modern
high,True,30.1384,1840,89.6553,25.1544,7,1920,,26.4131,False,89.9767,128.2697,68.4297,False,159,False,65492.8258,17,False,500.0,31,41,5.6277,28.3417,6.546,medium,False,True,4.6942,1,traditional
low,True,61.9759,3815,66.9284,24.8221,6,1980,Germany,49.6997,False,83.6778,99.8383,71.5913,True,110,False,64667.0645,81,False,483.2166,34,12,4.7952,30.4464,5.1802,low,False,True,1.3909,9,modern
high,False,27.6195,2557,83.8007,21.1449,5,1980,Italy,74.6474,False,86.0407,47.9959,69.2828,False,175,False,67709.8392,89,,492.4874,32,37,0.7239,23.9931,2.2666,high,False,True,1.7533,12,modern
high,True,65.5021,6400,67.3879,24.3977,7,1980,USA,10.4056,False,87.346,176.8851,78.0913,True,165,False,63782.8635,30,True,488.6033,26,43,5.1004,26.7208,5.4625,high,False,True,0.194,10,traditional
low,True,16.7105,3373,81.4271,25.2857,6,1920,France,11.8245,False,79.2978,150.2222,76.6383,False,183,False,64352.4323,42,True,450.058,33,20,3.3421,25.941,1.6841,medium,False,True,3.3413,0,modern
low,False,19.5926,4886,93.2262,23.8588,7,1920,,32.7108,False,87.6504,55.2836,57.7345,False,143,False,66467.8045,84,False,489.5612,32,48,1.1185,28.6975,5.4084,low,False,True,4.7231,7,traditional
medium,True,26.8393,5765,80.7651,22.0206,5,1980,Italy,80.1964,False,92.6574,64.4732,69.951,True,107,False,64263.9356,69,True,438.7081,30,11,0.9679,34.0133,4.3213,high,False,True,2.4785,1,traditional
medium,True,31.6065,7843,79.2693,22.7213,8,1980,UK,88.1723,False,84.348,-39.3533,62.3069,False,158,False,66338.7432,91,True,463.829,29,4,6.3213,24.6171,4.6802,low,False,True,0.8202,0,modern
medium,False,88.8444,2258,88.9145,22.1043,6,1920,UK,96.0016,False,85.2471,69.5494,50.0,True,178,False,56089.826,10,True,471.9271,26,30,8.1689,27.795,7.6285,medium,True,True,4.1788,14,modern
medium,True,23.0475,2006,74.9507,25.5383,4,1920,Italy,75.0113,False,78.8987,34.3846,84.685,False,125,False,60855.4322,90,True,470.9533,35,26,0.6095,29.9938,8.3829,high,True,True,1.4973,10,modern
high,True,36.464,2804,77.4064,22.3118,6,1980,UK,55.1702,False,85.1205,36.849,96.4747,True,218,False,58125.5563,47,,483.862,29,33,0.4928,27.8573,1.3239,medium,False,True,4.5014,7,modern
low,True,25.543,3691,79.6133,22.9298,3,1980,France,39.4068,False,83.0861,-46.449,81.5057,True,197,False,77977.5248,92,True,468.4996,31,9,1.1086,28.2676,2.3273,medium,False,True,0.1602,0,modern
low,True,31.4846,6372,75.0395,21.9514,9,1920,USA,59.0967,False,89.85,168.4189,87.182,False,176,False,64360.5969,54,,500.0,30,45,1.8969,26.6824,4.8111,medium,False,True,1.0742,11,traditional
medium,True,43.7896,7510,83.7992,22.8358,4,1979,Italy,93.243,False,87.0525,200.0,76.7405,True,158,False,67066.9402,65,True,443.9379,25,7,0.3579,30.4715,2.7797,medium,False,True,1.1087,11,traditional
low,False,43.6532,6226,82.523,22.6529,4,1930,UK,15.4627,False,85.5646,39.7467,77.2474,True,182,False,65356.9287,20,False,500.0,26,46,3.1306,26.4335,7.5412,medium,False,True,4.8823,4,traditional
low,False,54.9242,6896,74.8335,17.4528,4,1941,UK,96.0962,False,83.4228,28.7751,71.5003,True,236,,69873.7807,47,,476.7543,19,14,0.9848,24.9348,5.9319,high,False,True,0.0836,15,traditional
high,False,47.8985,3667,85.3958,22.1866,7,1980,Italy,46.5752,False,80.6811,-28.0817,74.0679,True,183,False,62094.5498,88,True,479.5388,24,14,1.1797,26.864,5.9205,low,False,True,3.9621,11,modern
medium,False,54.0,2566,79.5625,22.7856,3,1980,Italy,72.3025,False,85.977,171.875,91.0275,True,226,False,63687.77,60,False,472.9549,17,46,0.0,23.3032,6.6038,high,False,True,2.7792,17,modern
high,True,71.8802,1002,64.8149,23.7676,3,1920,USA,33.0925,False,90.7889,84.2073,68.3187,True,215,False,67792.7641,47,False,456.5869,26,36,5.576,27.374,1.1107,medium,False,True,4.0382,12,traditional
low,True,71.9303,9588,90.4182,24.6268,4,1980,USA,62.9919,False,82.2646,15.5794,73.6989,False,211,False,69134.3561,30,True,483.8969,30,44,7.5861,29.7795,1.8033,medium,False,True,3.386,17,traditional
high,False,19.4296,679,89.1732,19.1089,3,1920,Italy,4.8869,False,82.1315,45.557,90.5739,False,230,False,57424.0199,42,False,483.0426,32,38,3.4859,27.1477,2.6115,medium,False,True,2.6699,1,modern
low,False,27.2838,271,78.8497,22.8606,2,1980,France,8.6108,False,78.6132,125.1567,72.1308,True,124,False,73024.1133,100,True,430.606,32,40,1.4568,30.569,7.2737,high,True,True,3.0694,0,modern
medium,False,33.0265,1635,83.9866,23.608,7,1922,UK,49.4808,False,82.3384,104.3607,77.0164,False,222,,56424.2506,63,False,455.4569,26,36,5.8053,28.3996,10.0,high,True,True,2.5027,2,traditional
high,True,53.5661,761,87.4658,23.7989,5,1935,USA,40.9247,False,80.0926,176.4353,82.4594,True,241,False,69865.9097,77,True,466.4478,39,48,3.1132,29.8488,1.958,high,False,True,0.5747,9,traditional
medium,False,79.9248,4890,77.4556,22.3973,6,1980,USA,53.9954,False,86.2622,100.1678,97.7729,True,133,False,68123.3825,16,False,415.8116,28,1,4.785,30.8771,5.0921,low,False,True,4.7611,18,traditional
low,False,77.1035,3091,80.4797,25.4005,4,1980,Germany,78.0037,False,89.4332,153.0223,86.7714,True,138,,60820.7463,56,True,451.2053,42,22,8.2207,29.9495,1.0418,medium,False,True,3.3048,8,traditional
high,True,19.1089,1753,90.4068,22.7725,5,1980,France,72.9294,False,83.5371,-11.5399,82.1261,False,186,False,69896.5575,25,False,462.8857,31,20,1.8218,27.4506,9.1027,medium,False,True,0.7767,5,traditional
low,False,36.9482,4546,94.9807,20.4374,8,1920,,40.3209,False,82.4482,168.5639,68.8516,False,152,,66879.7555,23,,473.1653,26,28,2.9896,25.3912,4.1055,high,False,True,3.5129,11,traditional
high,True,20.8563,4298,83.1041,24.2778,6,1920,UK,2.6438,False,94.6214,79.4979,95.6094,False,205,False,67991.1037,24,False,468.4224,36,28,3.3713,20.7229,10.0,low,True,True,4.8159,2,modern
low,True,16.5276,6616,74.6393,25.7666,3,1980,Germany,14.3281,False,88.8832,-1.6155,62.7312,False,214,False,57620.6891,22,False,464.0562,23,25,2.5055,26.4469,7.4392,medium,False,True,0.2901,2,modern
high,False,56.0571,1644,91.4221,22.2162,6,1920,Germany,74.909,False,79.5523,102.4868,85.545,False,180,False,64686.4885,77,True,494.9463,22,41,8.4114,19.7637,6.6138,medium,False,True,2.5911,7,modern
high,True,49.8265,9661,87.8698,24.5952,3,1920,Germany,16.562,False,86.3637,175.7257,87.3897,False,259,False,67095.3999,33,False,452.8537,28,17,9.1653,26.0229,7.0477,medium,True,True,2.9343,2,modern
high,True,72.0422,9742,94.2873,24.433,7,1980,Italy,70.8243,False,92.2368,84.5128,73.7178,True,115,False,64339.3419,75,False,464.302,27,32,9.2084,25.2523,7.9242,medium,True,True,2.2024,3,traditional
medium,False,71.6799,5561,70.6135,22.4245,7,1965,USA,27.0853,False,80.7459,50.9937,59.8806,False,139,False,61002.4819,35,True,433.6675,30,18,6.336,28.2831,1.8815,medium,False,True,3.0492,20,modern
medium,True,49.9722,859,90.9124,23.2675,4,1980,USA,3.2034,False,84.8882,26.2866,88.5138,True,181,False,60159.3355,56,False,483.7891,27,26,3.5944,25.3874,6.408,low,False,True,2.3253,6,traditional
high,True,41.722,2528,80.9002,21.7596,6,1980,France,91.1785,False,88.0719,-12.5931,67.278,False,117,False,61120.7371,17,,436.734,22,30,4.3444,23.4911,3.0897,high,False,True,1.9267,10,modern
high,False,38.4199,6610,75.8602,24.2306,2,1920,France,56.1121,False,94.0544,173.3177,54.097,False,202,False,65156.2385,10,True,500.0,38,31,0.084,26.8293,1.8021,high,False,True,4.4041,19,modern
low,False,49.4162,4766,84.0057,25.6218,3,1980,UK,65.9049,False,88.5784,-14.6841,66.5538,False,248,False,59771.9388,98,True,495.4796,40,24,5.8832,20.2278,2.8989,medium,False,True,3.8656,10,modern
high,True,20.7936,124,79.307,25.0294,1,1936,UK,75.5312,False,84.056,49.676,67.9286,False,185,False,61263.6005,43,False,483.6402,35,5,2.5587,24.1573,8.6112,medium,False,True,3.6258,4,traditional
medium,False,6.2207,6358,80.4735,25.3305,1,1920,,54.2042,False,81.2232,23.6708,93.8002,False,140,False,61538.1275,45,False,493.524,23,33,0.8441,30.7847,2.091,low,False,True,2.6568,1,traditional
high,True,50.9098,9277,82.4957,26.1112,3,1963,,42.6735,False,91.4284,196.1661,97.485,False,208,False,62685.9949,10,False,434.5161,33,11,6.582,26.6508,5.4538,medium,False,True,2.4621,9,traditional
low,False,68.5647,982,82.9143,24.623,2,1980,France,44.9526,False,78.518,81.8935,100.0,True,172,False,65117.6595,16,False,477.1353,24,33,6.9129,28.7072,7.2814,high,True,True,3.9342,7,traditional
low,False,26.8473,8598,84.9491,22.0362,3,1980,USA,65.1689,False,83.2069,162.062,63.5874,False,175,False,67164.9504,68,False,472.588,21,11,1.3695,21.8665,3.4515,medium,False,True,0.8938,10,traditional
medium,False,43.7877,1058,82.4854,21.047,6,1980,France,14.2202,False,89.5164,185.3566,62.6835,False,64,False,56661.792,89,True,500.0,29,2,1.5575,32.5742,5.3908,medium,False,True,4.0462,18,traditional
low,False,97.0675,3472,78.3208,23.3526,8,1974,UK,22.4187,False,76.278,57.3872,84.2864,True,172,False,61379.4602,21,True,494.4894,26,27,9.8135,31.6082,1.5357,medium,False,True,4.1632,14,modern
high,False,63.1008,9039,88.0947,23.4388,6,1980,France,62.4881,False,88.9313,153.6805,65.7648,True,128,False,68908.3659,55,False,490.2857,24,17,1.8202,28.4986,3.8101,medium,False,True,2.3995,17,traditional
low,False,36.3913,6060,88.0039,23.5246,6,1957,UK,19.4056,False,87.586,-13.7201,71.1906,False,183,False,69507.3305,84,True,444.6287,21,45,6.0783,27.0775,1.6223,medium,False,True,3.4063,3,modern
low,False,53.5157,4078,77.975,21.6333,7,1980,UK,21.6545,False,78.7744,88.9415,78.6974,False,249,False,71188.5167,18,True,494.874,28,38,8.3031,22.2802,2.2291,low,False,True,0.5643,6,modern
low,True,37.8622,5638,79.8879,22.135,9,1920,USA,45.5569,False,88.2117,119.2654,73.6089,True,170,False,60659.2057,65,False,493.8747,25,14,1.5724,17.8671,9.4802,medium,True,True,3.8747,5,modern
medium,False,72.0,3067,94.0705,21.7868,1,1980,USA,79.6798,False,81.5517,8.8494,65.5409,False,208,False,66333.1086,85,,439.1038,25,18,10.0,31.6462,3.2422,low,False,True,3.4499,11,modern
medium,False,66.4271,4160,81.1925,23.7731,5,1980,Italy,82.3092,False,91.2451,15.911,91.5215,False,234,False,59989.4388,86,True,492.1227,33,40,9.6854,24.6367,6.8312,medium,False,True,4.069,9,traditional
high,False,0.6588,6525,79.7652,23.4529,3,1980,UK,99.0237,False,86.786,-13.894,54.5129,False,195,False,60040.959,81,False,500.0,27,19,0.1318,15.4499,1.0566,high,False,True,0.6185,0,modern
low,True,44.417,9061,73.2008,26.444,9,1980,UK,19.2827,False,85.3938,35.2691,65.519,False,144,False,62505.8685,86,,464.3258,25,48,6.4834,29.9549,9.4304,high,True,True,0.9151,6,traditional
medium,True,12.3781,6071,79.9972,24.0347,5,1980,Germany,90.4093,False,83.8342,-45.2252,76.1946,False,244,False,62773.3255,25,,489.6575,22,20,1.6756,26.4183,3.1532,high,False,True,2.691,2,traditional
medium,True,60.4962,3025,81.6764,22.6688,9,1937,France,39.0559,False,84.5793,147.5599,77.2342,False,142,False,65610.4777,10,False,500.0,33,10,6.0992,22.4567,4.328,high,False,True,0.7362,15,traditional
low,False,65.8139,4272,85.847,26.0801,8,1980,Germany,85.3469,False,87.6239,109.9591,66.1259,False,206,False,66309.6758,57,True,491.86,24,44,7.9628,21.2225,7.9824,high,True,True,3.3603,13,traditional
low,True,87.0847,5219,76.9392,24.324,1,1920,,91.9929,False,92.2993,-47.2411,81.7861,True,191,False,65571.2166,60,True,493.6832,29,44,6.6169,26.9821,8.1155,high,False,True,4.3022,17,modern
low,False,65.7715,3086,85.9904,22.5437,3,1980,UK,71.2212,False,80.4257,-50.0,81.5009,True,161,False,66129.3797,90,True,500.0,23,43,7.5543,21.6334,8.9242,low,True,True,1.3636,4,traditional
low,False,57.8433,6902,83.2195,25.5216,4,1920,USA,49.2865,False,84.5798,89.1135,50.0,True,212,False,63319.0775,66,False,443.108,21,21,4.3687,17.9542,9.6421,low,True,True,0.4074,8,traditional
medium,False,83.2765,7345,71.7161,25.6939,3,1950,USA,58.2856,False,87.7181,137.4802,96.4365,True,197,False,65863.0741,65,True,483.2175,26,21,5.0553,23.4639,7.7727,low,True,True,0.1692,19,traditional
medium,True,38.2097,7585,74.8816,25.36,7,1980,UK,58.4184,False,80.3847,142.8598,63.0199,True,192,False,60245.5098,61,False,479.5375,27,25,1.2419,18.3823,1.1183,medium,False,True,1.4591,6,traditional
medium,False,15.9956,8084,89.0692,22.9126,6,1931,Germany,91.303,False,80.7195,-2.5064,75.7797,False,119,False,61542.5825,28,,500.0,35,42,1.9991,25.4648,7.637,low,False,True,3.7029,3,traditional
low,False,89.198,7874,82.7949,21.0658,5,1980,,77.4646,False,85.5913,-17.5679,81.2302,True,202,False,58785.7883,21,True,476.8724,34,32,8.6396,25.9867,4.3604,low,False,True,2.5937,13,traditional
medium,True,45.205,3334,80.8318,23.574,5,1980,,53.3453,False,84.4797,150.3021,76.9683,True,203,False,66962.7982,50,False,500.0,34,23,3.841,23.0266,8.9544,high,True,True,0.7498,3,modern
low,False,54.7556,848,75.4128,21.7075,6,1980,Germany,5.904,False,91.4877,2.0432,60.365,True,159,False,63812.4353,94,False,484.2533,27,25,3.3511,30.2955,4.132,medium,False,True,1.8236,9,modern
low,True,89.0353,7327,85.5106,21.3552,5,1920,,72.1491,False,90.0305,-27.7417,88.2535,True,215,False,71914.3082,20,False,470.0069,37,14,9.0071,21.7,6.5351,high,False,True,2.874,12,modern
high,True,37.6455,92,89.2495,23.1961,1,1977,France,20.0429,False,92.2049,-28.4725,100.0,False,172,False,66362.2324,94,True,491.5204,29,19,7.5291,26.804,1.3572,high,False,True,1.6254,0,modern
medium,False,12.6159,6968,79.782,24.3674,3,1933,UK,3.8314,False,84.3948,157.0041,89.7138,False,130,False,58415.3916,53,,500.0,39,49,2.1232,20.698,9.5789,medium,True,True,3.5162,1,modern
medium,False,47.4072,4460,85.1824,24.3103,4,1980,France,66.6278,False,88.9099,-31.7146,93.4337,False,199,False,58302.8187,43,True,454.3343,29,29,7.4814,22.2153,6.903,high,False,True,3.4392,5,modern
low,False,73.9468,1408,75.4623,23.9037,3,1980,France,66.6928,False,86.288,47.9213,79.1359,True,125,False,66374.7948,29,True,482.7298,27,14,6.7894,23.5198,4.7676,low,False,True,1.4311,10,traditional
high,False,78.0438,9651,78.5828,25.0139,4,1920,Germany,41.5106,False,90.6379,142.1922,67.5179,False,278,False,57302.0405,17,False,478.8508,30,4,8.0088,27.3897,6.3516,medium,False,True,2.8597,19,traditional
medium,False,32.3602,6030,84.6342,22.5551,7,1967,,83.1317,False,77.3758,76.4866,76.6058,True,235,False,66335.6562,10,False,444.6931,23,15,0.072,20.7064,4.4299,medium,False,True,1.9217,6,modern
low,True,51.9951,9052,76.9553,21.1574,5,1980,USA,50.0816,False,83.6347,-50.0,70.4593,True,186,False,59201.3121,95,False,500.0,40,50,5.599,28.6679,1.3434,high,False,True,2.5734,2,modern
high,False,50.7535,5724,91.7807,22.5379,5,1963,Germany,64.7847,False,87.4308,-11.2151,59.8299,False,162,False,63884.3795,86,True,500.0,32,32,4.9507,29.9823,4.8742,low,False,True,2.9774,13,traditional
high,True,44.9432,7439,85.6271,21.5289,3,1980,USA,24.4701,False,82.8688,20.0503,93.0175,False,199,False,55064.1974,59,True,500.0,36,25,2.5886,28.3261,5.0704,medium,False,True,2.3969,16,modern
high,False,75.6914,7679,74.2946,21.4905,3,1972,France,62.2862,False,83.9909,182.1528,66.7166,True,117,False,67323.1048,43,True,484.8711,33,49,3.9383,24.4641,2.9023,low,False,True,1.3061,18,traditional
high,False,47.26,928,88.8809,21.507,5,1980,Italy,10.6443,False,88.3169,-1.2469,63.4214,True,214,False,65022.1459,70,True,479.69,31,21,2.252,27.7167,5.4806,medium,False,True,2.549,8,traditional
medium,False,60.8208,1234,94.3117,24.4128,6,1971,UK,57.8766,False,84.3622,186.7086,71.9778,False,186,False,62575.1718,55,,480.2146,37,29,9.7642,28.3414,1.7644,medium,False,True,2.2482,6,traditional
low,False,51.0274,4826,84.5302,24.7828,1,1980,France,37.8917,False,87.0523,134.1246,60.4466,False,204,False,69669.4257,61,True,500.0,25,17,3.4055,25.103,4.2106,high,False,True,1.503,17,traditional
medium,True,9.1278,5532,82.6852,22.6003,5,1980,France,71.6306,False,90.9923,115.2794,87.1959,False,203,False,53297.3485,58,,449.5667,23,43,0.6256,25.8476,7.3221,low,True,True,2.6953,3,modern
high,True,41.3899,6999,75.2585,21.6233,10,1980,France,80.4038,False,91.3361,18.6307,50.0,True,162,False,70167.5014,52,True,500.0,41,21,1.078,25.5499,7.7645,medium,False,True,3.8606,8,modern
low,True,86.7362,9644,91.9139,25.2086,7,1980,Germany,60.7082,False,83.9714,177.8828,73.9202,True,176,False,63377.0363,51,False,474.6488,32,4,8.9472,26.0881,1.7039,medium,False,True,3.4224,11,modern
high,True,41.4288,3159,76.7985,27.9307,3,1980,USA,8.2345,False,81.934,134.6649,93.571,False,194,False,67436.1687,48,True,461.7986,28,16,0.6858,25.9199,7.8257,high,True,True,2.7894,19,traditional
low,True,95.4911,1525,69.8648,24.1911,2,1980,France,94.1968,False,89.7162,69.8798,62.8368,True,217,False,67227.2239,76,False,447.4088,16,16,8.2982,27.657,1.5323,high,False,True,1.0558,17,modern
medium,True,78.9666,283,82.802,24.0574,3,1920,USA,0.0,False,81.2623,176.0845,50.6995,True,154,False,65610.4937,35,True,477.9452,31,38,6.1933,24.6468,8.3815,high,True,True,4.8331,14,traditional
medium,False,65.4985,6628,80.134,25.1248,5,1920,Italy,90.6646,False,87.5125,42.9373,79.1855,False,97,False,67039.0268,49,False,500.0,27,15,7.4997,24.5243,5.0274,high,False,True,1.8696,14,modern
medium,False,54.347,7039,89.9285,22.8464,10,1980,,53.7403,False,89.258,88.4143,90.302,True,141,False,61147.8746,29,True,473.7934,26,44,6.8694,24.5737,2.8255,medium,False,True,1.5513,0,traditional
low,False,54.256,7002,85.5956,22.0619,8,1920,France,75.1993,False,87.8541,181.4271,50.0,False,285,False,71601.9233,90,False,492.4869,31,7,3.2512,28.3044,6.8506,medium,False,True,2.6536,19,modern
high,True,47.7701,6193,90.395,21.6889,4,1969,Germany,64.2956,False,85.1133,6.1536,72.684,True,141,False,64637.3082,32,False,500.0,35,13,3.954,26.6548,1.3179,high,False,True,3.0217,4,modern
low,True,38.1379,9564,87.1003,22.8048,1,1980,UK,91.647,False,82.8356,93.3472,54.3594,True,200,False,60680.2198,66,False,500.0,31,39,2.0276,26.9932,3.1225,low,False,True,3.3451,4,traditional
medium,True,31.0308,7189,75.4181,23.7391,4,1964,UK,7.3585,False,98.0808,8.9431,72.6844,False,150,False,59138.6969,80,True,460.4372,19,3,5.0062,23.9764,2.5499,medium,False,True,3.3266,3,modern
high,False,40.8215,1504,86.085,23.5995,7,1980,Germany,25.1591,False,84.597,8.4841,84.9572,False,171,False,67107.0107,99,False,478.3994,23,2,8.1643,24.5285,2.3168,medium,False,True,4.6156,0,traditional
high,True,23.4683,8461,78.7688,25.6711,7,1978,,78.3117,False,96.8691,21.1901,71.2801,False,223,False,60835.1965,67,True,463.6874,22,27,4.6937,31.6521,7.3499,medium,True,True,3.9059,0,modern
low,False,38.6306,1872,80.2897,23.3482,7,1980,,92.0738,False,95.8598,-37.1375,69.594,False,264,False,60231.7436,17,False,457.4095,29,35,2.1261,26.9777,3.9687,low,False,True,2.6041,14,modern
medium,False,74.1775,5989,85.3452,23.025,1,1980,,45.8409,False,86.1353,122.2193,54.5586,True,231,False,62014.1797,11,True,500.0,42,40,9.2355,28.6687,2.6479,high,False,True,4.5193,4,modern
high,True,50.1507,5024,95.2833,24.9956,6,1938,,34.502,False,80.0734,-39.5646,56.2184,False,220,,66498.5959,47,True,452.2373,38,33,5.2301,23.2898,2.8425,low,False,True,1.0337,12,modern
medium,True,30.0227,8542,87.8082,22.6867,3,1980,France,67.3811,False,83.5814,-4.0142,87.2462,False,184,False,59823.3056,17,True,439.5339,32,25,6.0045,27.7269,4.6036,low,False,True,3.6493,0,modern
high,False,14.3554,6418,81.4122,26.3102,8,1980,UK,63.4847,False,80.4497,116.9045,58.5189,False,218,False,62165.4424,80,True,482.3798,29,4,2.0711,20.7027,9.6998,low,True,True,1.6354,2,traditional
low,False,60.491,2001,71.4846,23.3189,8,1957,,4.8605,False,77.9942,-45.9476,83.8249,False,155,False,58545.8656,79,False,448.3294,21,34,5.2982,25.6376,4.493,low,False,True,1.8047,17,traditional
high,True,39.5203,7208,82.5828,24.3398,7,1980,Germany,68.0698,False,81.0092,75.7314,66.2091,True,164,False,66805.4257,34,True,448.7282,22,33,2.7041,30.8699,7.3281,high,True,True,2.4833,3,modern
medium,True,56.4494,8212,80.9544,23.7895,8,1920,Italy,61.7375,False,90.8582,143.2021,60.9843,False,190,False,63568.8029,45,False,465.1868,28,26,4.0899,26.8654,9.75,medium,True,True,2.5944,18,traditional
high,True,52.9486,901,77.0921,20.8634,3,1952,Italy,33.0988,False,80.893,139.9877,71.4956,False,208,False,64655.1585,86,True,471.1736,30,17,4.5897,29.5001,2.391,medium,False,True,3.1124,15,modern
low,False,45.5522,8177,94.1807,20.7573,1,1920,Germany,50.6571,False,84.6211,131.738,76.9185,False,93,False,61514.5705,91,True,482.3724,28,47,5.1104,31.3372,3.7194,high,False,True,2.7841,10,modern
high,False,54.9625,900,78.439,23.4919,4,1980,USA,11.3112,False,80.4272,-9.6629,62.1376,True,238,False,60907.6086,45,True,450.1749,24,27,2.9925,23.5657,2.5254,medium,False,True,4.451,10,traditional
high,False,49.6613,5544,76.0813,23.7985,6,1972,UK,62.5797,False,84.9497,77.6439,50.5399,True,216,False,63362.1879,83,False,500.0,32,13,4.7323,26.4326,1.2435,high,False,True,3.7799,3,traditional
medium,False,26.1341,4295,82.7067,24.0797,2,1920,UK,58.7047,False,77.1796,197.9754,74.6192,True,187,False,70010.9374,46,True,486.8531,30,17,0.8268,25.7562,2.5479,high,False,True,0.664,1,traditional
high,True,58.6437,397,75.12,20.9059,6,1980,UK,41.0096,False,89.7238,-13.8877,94.3218,True,179,False,64068.4584,52,False,453.354,32,3,2.9287,31.575,3.117,high,False,True,2.7111,12,traditional
medium,True,66.4216,4145,84.7873,22.3847,8,1920,,87.6052,False,81.4835,-40.5149,68.0451,True,229,False,63107.6317,87,False,453.5032,33,47,7.2843,24.6294,9.0934,high,True,True,4.9711,5,traditional
high,False,70.0543,2284,71.2059,21.3426,4,1980,France,83.0699,False,84.3652,130.7912,72.8767,True,166,False,60660.1468,16,True,500.0,24,28,4.8109,28.508,9.3503,low,True,True,3.5813,13,traditional
high,True,77.8377,4211,84.2083,21.0411,1,1920,Germany,91.0076,False,88.8871,111.0621,75.6466,True,176,False,56995.2366,31,True,472.3042,39,34,3.9675,25.0581,3.2994,low,False,True,3.3717,19,modern
low,True,62.8449,8323,81.0502,22.7627,2,1920,UK,85.6662,False,91.1877,200.0,83.092,True,94,False,62467.1048,30,True,476.2636,28,16,8.169,23.9655,8.1997,medium,True,True,1.0857,1,traditional
high,False,87.6643,995,78.075,24.0958,2,1920,,96.2758,False,81.0896,-17.796,73.5527,True,103,False,68700.7903,36,False,456.2661,22,33,7.9329,24.6089,2.6611,low,False,True,3.6931,14,modern
medium,False,80.5794,777,74.1587,24.1469,7,1980,Italy,91.684,False,90.2628,128.6759,55.8023,True,230,False,68315.0856,17,False,479.0717,30,38,7.7159,28.21,5.3252,high,False,True,1.8872,11,traditional
medium,False,57.0632,3401,85.308,24.3231,8,1920,France,64.0808,False,81.0365,20.079,91.416,True,149,False,69857.1471,43,True,487.0105,28,33,5.8126,30.7327,6.0567,low,False,True,3.2191,4,modern
high,True,31.0939,5452,94.541,23.2158,4,1920,USA,7.3889,False,87.32,-7.4609,53.0149,False,201,False,64683.9227,85,False,460.8106,39,4,5.0188,31.8727,1.3551,low,False,True,3.3439,3,traditional
medium,True,55.9625,4604,79.3727,23.1886,8,1920,Germany,5.7807,False,95.7025,139.2268,88.9991,False,116,False,67411.5693,79,,471.5741,35,20,4.3925,27.5095,6.768,medium,False,True,1.9603,17,modern
high,True,52.6327,1,95.7775,22.649,7,1980,Germany,6.3245,False,86.011,0.9275,93.2663,True,267,False,78143.6701,92,True,495.7202,26,36,0.5265,31.806,9.5408,high,True,True,3.6105,15,traditional
medium,False,72.9303,7804,71.6129,23.2533,8,1920,USA,76.287,False,85.2683,-39.3847,85.3368,True,215,False,65372.1619,95,False,469.0892,26,1,7.3861,23.5756,4.298,high,False,True,1.5628,8,modern
low,False,65.8312,4462,76.6083,24.936,5,1980,UK,3.9649,False,83.9994,30.0802,53.3542,True,176,False,60339.9695,55,True,496.6374,29,17,9.1662,28.2162,3.2222,medium,False,True,4.8569,0,modern
medium,True,52.4964,4064,70.0531,23.6399,1,1920,Italy,45.1733,False,89.8285,36.0948,79.9213,False,186,False,66130.656,38,True,491.6358,26,18,2.4993,22.9943,3.4439,low,False,True,3.4846,20,traditional
high,True,32.1276,2924,88.5482,25.3049,4,1980,USA,36.1949,False,83.851,122.494,53.1821,True,236,False,65179.1918,90,True,471.209,34,31,1.2255,27.0956,8.7853,medium,True,True,4.7991,3,modern
medium,True,33.6987,10000,92.049,22.7206,4,1980,UK,35.2259,False,82.5406,79.5577,73.5829,True,142,False,59130.9213,17,False,436.5697,22,46,0.3397,27.408,8.9622,high,True,True,0.0,6,traditional
low,False,79.4907,2575,75.3112,21.4943,5,1980,UK,30.0158,False,80.3402,-18.041,76.5755,True,171,False,62581.8661,45,False,493.2973,34,35,7.0981,24.5156,3.4908,high,False,True,1.5201,12,traditional
low,True,26.9685,2629,72.561,23.6948,2,1920,UK,35.0938,False,86.2311,99.8807,87.1248,False,150,False,66056.8835,25,True,496.8365,30,6,4.9937,25.0515,2.9467,low,False,True,1.9793,1,modern
low,False,65.0289,4559,75.6124,24.332,9,1920,UK,52.4022,False,83.8759,-1.5216,86.0271,True,196,False,62199.0196,85,False,459.6239,21,3,6.2058,22.6082,6.9071,low,False,True,1.1251,7,traditional
low,True,36.5138,9188,87.9093,23.2828,4,1980,UK,3.6077,False,82.5281,130.1752,73.3647,False,194,False,57618.0983,59,False,458.2599,28,7,0.1028,21.401,1.421,medium,False,True,0.7403,18,modern
high,False,100.0,2146,82.8775,24.5083,4,1980,UK,28.3333,False,82.4403,140.2751,79.5127,True,162,False,64656.9427,57,,500.0,25,44,10.0,29.2886,7.2382,low,True,True,1.8925,16,modern
medium,False,91.774,9953,90.898,23.3848,2,1980,Italy,18.7565,False,86.7574,99.949,85.0239,True,79,False,62919.7853,72,,484.2171,30,20,8.7548,24.8239,5.6223,medium,False,True,0.7348,14,modern
