home_energy_storage_capacity,average_daylight_duration,average_daily_temperature_variation,number_of_clear_days,solar_panel_efficiency,wind_speed,roof_orientation,day_length,efficiency_gain,region_type,hours_of_sunlight,altitude,month,industrial_area_presence,sunlight_hours,locality_solar_energy_usage_percentile,daylight_to_night_ratio,region,cell_color,temperature,high_efficiency_appliances,season,inverter_type,annual_snowfall,has_solar_panels,average_temperature,electricity_generated
526.1201,10.5038,12.9445,147,24.2181,56.4382,south,5.9647,False,urban,12.3024,2767,2,True,9.988,19,0.72,west,,2.2108,False,winter,current_gen,435.774,False,30.3589,4620.3796
760.6618,10.5436,11.9896,305,24.7864,8.7179,east,16.5557,,semi-urban,14.7571,2088,7,True,8.1198,21,0.2527,north,black,-35.107,False,winter,previous_gen,419.396,False,31.5282,2744.1606
418.5375,11.9411,11.4209,163,10.23,28.559,south,6.6405,False,semi-urban,13.7966,1302,9,False,8.9197,22,1.3382,north,blue,32.5698,True,winter,current_gen,418.7679,False,33.9344,2988.8526
645.8378,10.7597,13.2662,208,12.4553,70.6383,east,0.4483,False,urban,9.0951,411,4,False,19.1894,21,1.0552,east,blue,-15.6428,True,spring,,446.315,False,30.7895,2458.6433
367.025,10.0303,12.9242,298,18.5104,94.0907,north,19.6079,False,urban,14.1267,2104,10,True,1.3801,21,1.9733,south,,-1.3684,False,spring,current_gen,488.2425,False,31.6439,1535.3367
797.3186,10.4022,12.9943,67,14.8447,32.697,west,23.25,,rural,13.1961,1384,4,True,9.6716,21,0.2546,east,black,46.6162,False,summer,previous_gen,474.5117,True,32.2394,2921.5424
880.1473,11.7003,12.8488,54,12.6869,88.3251,north,10.8061,False,semi-urban,15.8255,2461,6,False,6.5573,18,1.5138,west,blue,-33.1269,False,spring,previous_gen,453.9479,True,32.4721,3054.2034
408.5982,11.3047,13.3663,71,17.8884,23.8502,south,20.0697,False,urban,11.1168,213,8,True,3.7647,19,0.9529,west,blue,26.6432,True,spring,current_gen,466.2537,False,34.907,4180.229
95.8535,10.5146,12.376,16,25.0,0.2247,north,8.7923,False,rural,14.799,1084,7,False,19.4401,17,1.2049,north,blue,-23.8837,False,fall,,459.4883,True,31.7106,1847.7535
308.2164,10.6135,12.4275,183,10.8651,81.0546,west,4.8687,False,urban,14.514,714,8,False,10.8738,19,0.9697,,black,-41.0663,False,winter,previous_gen,498.4161,False,24.5187,3456.4946
608.9588,9.9954,12.055,77,22.8164,52.7604,west,7.3946,False,semi-urban,11.5001,1779,7,True,10.5789,20,0.1352,north,blue,0.1693,False,summer,current_gen,467.9034,True,24.8579,3279.9419
330.6149,10.5553,14.3804,206,14.7322,28.2791,west,5.8848,False,urban,11.1494,2351,6,True,13.0478,23,1.2902,east,black,-44.572,True,spring,,426.8549,False,31.195,3241.3344
646.6363,10.2564,12.5651,115,20.2577,73.7441,east,23.0305,False,urban,13.6731,217,6,True,5.4903,20,0.7718,east,black,2.6574,False,summer,,393.373,False,31.9493,3139.5833
809.0017,10.0993,13.1027,184,13.587,7.837,north,3.2215,False,semi-urban,16.9491,2327,7,False,7.6846,20,1.7361,north,blue,32.4598,False,winter,previous_gen,448.7753,False,33.7514,2306.9965
686.2668,11.5065,12.3543,344,18.0626,58.6374,north,2.5013,False,semi-urban,13.419,1783,4,False,20.9943,26,1.3619,south,black,-31.4486,False,spring,current_gen,444.3993,True,32.5898,3599.5265
668.4061,10.6581,12.525,258,11.7275,89.3445,west,17.6899,False,semi-urban,12.6214,182,9,True,11.7532,23,1.2049,north,blue,-9.7957,False,winter,previous_gen,434.8714,False,32.1826,3248.5857
960.45,10.23,12.9979,94,21.6283,36.3385,south,5.4381,False,urban,13.2664,563,7,True,20.0522,21,1.8663,,black,-23.6318,False,spring,previous_gen,406.4098,False,32.8619,2349.0701
514.1101,10.6551,12.3034,26,12.2967,56.3242,west,2.9111,False,semi-urban,15.5595,1526,7,False,6.4427,20,0.4758,east,blue,-22.1529,True,winter,current_gen,472.4916,True,37.9611,2323.4429
190.0812,11.6257,12.5499,45,11.4837,83.5775,east,1.7617,False,urban,14.4541,1700,11,False,10.8426,21,1.3952,,blue,-5.2542,True,summer,current_gen,417.1217,False,31.2704,2084.7666
824.9502,10.9063,11.7127,347,13.9907,36.5701,east,8.482,False,urban,12.0084,532,2,True,17.7004,22,1.425,north,blue,-11.6529,,fall,previous_gen,441.6014,False,27.1011,2416.8849
873.4214,12.0,13.228,342,24.0321,44.9586,north,9.9508,False,semi-urban,16.1915,2898,10,False,18.3073,17,0.9899,north,black,-30.778,True,fall,,467.3581,True,32.2099,4490.638
795.6055,11.1452,12.23,335,19.0465,11.283,east,11.4063,False,rural,15.2845,648,11,True,0.0986,23,1.3383,north,blue,-31.2421,True,spring,current_gen,463.5881,False,33.9879,4373.4236
515.2001,9.9405,13.5342,206,10.291,76.924,west,21.0781,False,rural,13.3003,2782,7,True,11.3595,20,0.5469,south,black,-9.8008,False,winter,current_gen,478.6373,True,34.8019,2102.7049
157.4336,11.8806,13.4449,17,14.0141,36.623,east,14.5761,,semi-urban,14.6124,509,2,True,9.9822,21,1.9605,east,black,-32.7037,True,fall,current_gen,406.1607,False,32.2608,4428.489
299.2565,11.7112,11.8957,176,23.0316,14.967,east,16.6881,False,urban,13.6133,933,10,True,10.505,20,0.5425,south,blue,10.7323,True,spring,previous_gen,485.6467,False,33.1335,2530.1153
879.1518,10.6177,12.8256,24,20.2537,62.7925,east,18.2615,False,rural,15.9389,790,8,True,19.1607,25,1.7195,south,blue,31.5768,False,,previous_gen,465.7817,False,30.2918,2940.6114
618.4013,11.0477,12.2535,280,21.2518,35.0056,east,18.2483,False,semi-urban,15.2561,1849,11,True,6.1999,20,0.8726,north,black,14.8839,True,fall,current_gen,448.451,False,28.3987,2106.1833
388.0175,10.6062,11.825,236,10.367,19.5258,north,7.9155,False,rural,13.0256,0,8,True,22.988,18,1.1681,west,black,-43.8332,True,fall,current_gen,487.864,True,29.9521,2375.4591
194.1203,10.8745,12.7665,325,12.3593,80.843,west,1.1365,False,urban,15.2099,2564,8,True,12.0665,19,1.5412,north,blue,-13.8913,True,spring,current_gen,465.055,True,34.3246,1270.0955
281.5308,10.4632,12.7273,117,16.3292,24.4109,east,14.5094,,semi-urban,16.3266,511,9,False,2.0327,21,1.2506,west,blue,28.4122,False,spring,previous_gen,490.0598,True,35.0673,3565.8499
800.9677,9.9381,13.4269,291,20.8944,98.4625,north,0.0,False,semi-urban,14.5349,1927,5,True,15.0567,20,0.5884,west,black,15.3168,False,summer,,463.5497,True,30.5442,3580.8075
376.9547,10.4218,11.1618,177,10.0,28.3222,west,18.9538,False,rural,15.9151,1376,5,False,18.4238,22,1.3571,north,blue,43.5672,False,fall,previous_gen,423.6367,False,29.0821,2988.4796
762.6063,10.5347,11.965,268,10.9511,82.9541,south,0.1908,False,urban,12.7418,2857,9,False,18.9714,20,0.998,south,blue,-7.3313,True,spring,current_gen,487.5772,False,31.0326,3851.3097
884.3753,11.1819,12.5415,162,11.4732,47.6093,west,7.9554,False,urban,15.4558,2577,8,True,3.1209,18,0.13,north,blue,-22.1468,False,,current_gen,425.1043,True,34.7015,4014.7799
872.3611,11.385,11.5805,270,18.3823,45.5716,north,7.6955,,urban,14.1745,353,5,False,0.0,22,0.4983,south,black,36.8846,False,winter,,500.0,False,36.1652,2625.5519
392.0317,11.2879,13.2405,225,20.6807,14.0288,north,12.1788,False,semi-urban,14.7417,2201,6,False,4.6385,20,0.4329,west,black,-35.7382,,fall,current_gen,466.8508,True,34.0444,2654.7391
120.6426,11.1627,12.6351,121,11.2751,19.2996,west,13.4849,False,rural,14.9493,2358,11,False,3.2826,18,0.2682,west,blue,22.6002,True,spring,previous_gen,445.4098,False,29.5959,2643.4382
583.5649,10.2681,12.1404,29,23.4283,16.7775,north,1.3051,False,rural,12.9962,1438,8,True,15.5944,24,0.7959,west,blue,-43.3956,False,spring,current_gen,428.9741,True,32.6841,2839.9144
983.3538,11.0393,13.234,365,24.0113,83.7187,south,0.9753,False,rural,13.6069,288,8,True,19.0199,25,1.316,,black,26.7306,False,winter,current_gen,475.6097,False,34.8746,1585.3221
901.1774,11.2305,12.9704,232,14.3805,68.7931,north,20.4271,False,rural,14.0381,2234,4,False,6.2389,23,1.8334,south,black,-27.3448,,spring,previous_gen,443.1125,True,34.8662,3624.6085
354.9598,10.5807,12.325,260,15.1571,0.0,north,19.8348,False,rural,13.4207,2692,7,False,15.1919,20,0.3618,north,black,12.2137,,winter,current_gen,490.3304,True,31.8149,3132.6383
866.7376,10.7883,13.2622,2,14.3992,3.8573,east,17.792,False,rural,16.4262,2086,3,True,18.1217,20,0.4158,south,blue,-6.2398,True,spring,previous_gen,469.6362,True,33.2837,3294.7376
243.6091,11.8569,11.8605,242,19.5966,25.4666,east,16.1102,False,semi-urban,16.1775,2227,11,True,4.3829,19,1.124,north,blue,-26.0601,False,summer,previous_gen,446.3712,False,28.7404,3608.3278
407.7908,10.856,12.8916,330,10.0,74.0144,west,13.9064,False,rural,10.226,1013,9,True,15.9345,22,0.7804,east,blue,29.1522,True,spring,current_gen,462.0067,True,36.7754,2155.7646
929.7177,11.506,13.1109,281,16.8676,46.9088,east,7.639,False,semi-urban,12.3876,1595,3,False,4.2195,22,0.4796,west,blue,-17.1154,True,summer,current_gen,433.6456,False,28.0804,4995.6968
132.2193,11.1133,12.3404,138,15.2489,5.6859,west,22.572,False,rural,13.7519,2068,8,True,19.9751,22,1.16,south,black,-16.2829,True,spring,previous_gen,485.7166,True,33.7639,2576.7084
476.7824,11.4362,11.6166,59,18.9137,65.0902,west,0.7066,False,rural,12.2285,1500,2,False,1.4425,22,1.1533,east,,-35.0718,True,spring,previous_gen,439.7424,False,33.972,1836.7076
897.3173,10.9479,13.4443,314,15.209,6.8741,north,8.516,False,semi-urban,18.4455,164,2,False,0.0,20,0.2042,south,black,-28.5784,False,spring,previous_gen,439.6013,False,35.8162,3328.3536
813.4343,11.3089,12.1119,31,18.8259,46.3595,east,0.71,False,rural,11.1313,2022,5,False,15.9137,20,0.7154,north,black,42.5262,True,spring,previous_gen,416.1851,True,33.1241,2766.0236
579.5998,10.4984,12.6535,321,14.2067,25.8776,north,10.7724,,rural,13.1141,302,9,False,1.1578,18,1.0753,,blue,-23.6703,True,spring,previous_gen,436.0681,False,32.0436,2570.612
225.9882,11.7893,13.2796,165,10.2844,77.4718,north,20.4171,False,rural,10.4549,830,3,True,22.3085,22,0.6647,east,black,-31.7503,False,spring,current_gen,487.6087,True,30.8483,4346.4393
304.7226,11.2347,12.233,271,22.09,93.3957,west,13.6904,False,rural,14.0485,1923,7,True,13.3827,23,1.4735,east,blue,13.6271,False,spring,current_gen,453.4083,True,32.2733,3413.7493
2.2938,11.4579,13.4844,196,12.1134,86.2156,west,17.627,False,semi-urban,12.8444,1325,6,True,8.8833,21,0.4264,,black,15.6669,True,,,487.2848,False,28.0334,4196.4282
897.2133,11.6152,13.2109,174,12.2524,15.5467,south,23.3401,False,semi-urban,11.4017,2585,5,False,4.2604,23,0.7478,north,,33.3124,True,,current_gen,440.4149,True,31.7055,2762.7681
968.7341,11.0879,12.4945,157,10.7971,85.3846,south,11.0609,False,urban,13.5934,1248,1,False,17.9768,20,0.5597,south,black,13.0313,False,winter,previous_gen,466.0594,False,31.565,2792.4046
508.29,11.7238,12.9172,50,12.1864,60.3374,south,4.5479,False,urban,10.1392,1914,2,False,6.9048,21,1.0727,east,,-14.0009,,summer,current_gen,426.0918,False,31.5958,2492.0179
0.0,10.2337,12.8662,309,14.3032,80.2973,north,1.7487,False,urban,12.8034,1242,8,True,6.9916,24,1.8246,north,black,-5.6399,False,summer,current_gen,427.2344,False,28.8515,2971.1411
709.9314,10.8835,12.9963,47,16.2464,73.5097,west,18.0322,False,rural,13.6553,3000,1,False,23.3785,20,0.4191,west,black,-15.2271,True,fall,previous_gen,481.2274,True,35.5705,1581.8389
799.07,11.0904,12.207,218,15.4792,21.7444,south,12.4592,False,urban,14.9908,560,6,False,8.1005,21,0.4385,south,black,24.7415,False,,previous_gen,445.7477,False,27.0095,1985.9996
124.0598,11.8577,12.6146,141,14.5627,32.1673,south,6.3047,False,rural,13.8929,1561,1,True,5.8673,25,1.4642,,black,-26.0246,True,fall,previous_gen,422.358,False,31.0857,3352.3589
96.2463,11.4216,12.0732,117,24.3117,44.9089,east,5.9199,False,semi-urban,12.9743,2302,4,True,13.1923,22,0.622,south,blue,-18.4731,True,fall,current_gen,424.2407,False,31.6975,3906.7397
784.501,12.0,13.2859,74,19.6717,92.3992,east,23.5313,False,urban,16.8995,1347,9,True,13.9042,22,1.9582,west,blue,6.5755,False,spring,previous_gen,397.1004,False,33.6164,3578.7954
90.3113,10.4236,12.3062,156,23.9705,100.0,east,14.2794,False,rural,15.9065,2533,10,False,16.0053,16,1.0855,south,blue,-38.2441,False,summer,previous_gen,439.4579,True,33.4101,3780.1809
919.5584,9.6063,11.9184,15,10.9061,83.7303,east,7.6539,,urban,13.672,2925,10,False,13.7949,20,1.6414,north,black,-27.5327,True,fall,previous_gen,429.4201,True,31.5076,2599.1808
75.0776,11.2972,12.1651,230,20.7337,25.5665,west,2.1154,False,semi-urban,14.324,3000,1,False,0.2187,22,0.7976,west,black,-47.7517,False,spring,previous_gen,438.0914,False,35.8107,1400.1932
822.0051,11.311,11.7306,101,10.0,32.1021,north,8.3279,False,semi-urban,16.519,2108,5,False,23.6974,19,0.4432,,black,30.9111,True,winter,current_gen,424.4025,False,31.4908,3307.6832
851.8623,10.8385,11.9645,2,16.9607,67.4394,east,15.1768,False,rural,14.427,873,4,False,14.2913,21,0.2327,south,blue,44.4235,False,summer,previous_gen,478.3433,True,28.2451,4602.4238
335.0618,11.8037,12.2271,200,10.352,65.0557,east,18.7937,False,semi-urban,14.2686,158,3,False,8.9476,19,0.6797,north,blue,-45.0465,True,,previous_gen,465.5089,True,29.2284,2966.1805
814.4688,10.6518,14.0244,3,24.6845,2.632,west,20.679,False,semi-urban,11.4728,511,2,True,13.4082,20,1.0399,south,blue,-5.4351,True,spring,current_gen,407.2723,True,34.8907,498.4455
261.0435,10.8015,12.6377,28,17.4877,32.0566,west,5.5343,False,rural,10.9094,244,11,False,14.7675,22,0.8083,north,black,-45.2332,True,winter,current_gen,460.0783,False,34.0214,2655.6208
317.6606,10.6949,13.385,118,19.4922,92.4815,north,3.7548,False,semi-urban,12.8162,2515,9,True,8.7302,22,0.9054,north,blue,-27.9581,True,fall,previous_gen,449.0897,True,29.0177,3951.765
762.3405,11.5339,12.7621,181,20.2478,75.8665,west,8.8775,False,rural,13.0423,1707,11,False,18.321,20,0.9284,west,blue,40.7377,,summer,,475.5258,False,31.5221,3627.5998
508.7339,10.8062,12.5061,70,22.7279,13.3188,south,19.8683,False,urban,14.8241,102,7,True,17.2285,18,0.9668,east,blue,17.2632,True,winter,current_gen,498.6368,True,30.7329,4094.4215
369.1666,10.983,11.8123,106,15.0465,100.0,east,11.0209,False,urban,14.6952,34,1,True,2.7962,23,1.2747,west,blue,12.0876,True,spring,current_gen,486.3007,True,32.7905,2960.7943
156.1972,11.9929,12.7334,346,16.2149,97.9363,east,5.7135,,urban,16.048,1342,6,True,10.1995,18,1.4734,south,black,43.1212,,summer,previous_gen,480.5682,False,30.6706,1240.8137
490.565,10.8928,14.2195,127,10.0,2.6722,south,23.468,False,rural,11.4628,568,10,False,0.1434,24,1.1343,,blue,3.6339,False,fall,current_gen,431.2945,False,30.3132,293.2646
193.1348,10.4697,11.1491,237,10.6406,85.9847,east,4.4035,False,rural,14.7938,0,6,True,14.0395,17,1.8899,north,black,1.8106,False,summer,current_gen,381.4548,True,33.7449,3570.7027
147.8681,11.0783,13.0377,294,22.1724,42.8588,east,8.9609,False,urban,13.2447,1868,5,False,2.3706,21,2.0,,blue,-46.489,True,fall,previous_gen,462.9852,True,33.7447,3470.8263
77.9598,11.3227,13.419,317,17.5596,16.4901,west,17.32,,urban,13.6509,2700,5,False,7.8447,19,1.4712,north,black,-24.7094,False,winter,current_gen,440.5086,False,29.8757,3281.514
531.7183,10.7427,13.2415,304,23.5912,25.9209,north,10.608,False,urban,12.7081,1976,11,True,1.847,16,1.0862,east,black,-42.0984,True,spring,current_gen,413.1128,False,37.8187,1909.2608
266.9617,11.5597,12.7323,201,21.1803,41.9122,north,7.8193,False,rural,14.2396,408,10,True,19.8308,23,1.4595,west,,34.952,True,fall,current_gen,428.7875,False,29.8153,3270.7953
429.0192,10.687,12.8182,286,10.3678,69.2667,north,23.1934,False,urban,13.7519,2500,10,False,3.8077,22,0.4351,,black,-47.2864,False,winter,previous_gen,432.1367,False,30.2323,1938.8751
158.8618,10.9931,12.0709,111,22.6413,75.4957,south,0.2922,False,urban,15.8771,1163,7,True,13.1363,24,1.186,south,black,13.585,False,fall,current_gen,485.5206,True,28.7084,2105.3209
14.7589,11.8934,13.1232,349,18.5754,67.079,east,5.2806,False,urban,14.342,189,2,True,3.9271,23,1.859,north,black,48.6301,True,summer,previous_gen,460.8888,False,32.7927,2078.8782
889.0664,10.3662,12.7599,36,15.4584,99.3791,east,22.8782,False,semi-urban,14.2316,2064,4,False,11.6138,21,1.1279,east,,-29.7744,False,spring,current_gen,472.4397,True,34.8606,3752.1943
25.557,10.7546,13.4651,139,21.353,19.3121,west,14.4113,False,rural,13.0802,412,4,False,8.9828,20,1.7525,west,black,-29.0339,,summer,current_gen,467.6164,True,29.5231,2114.9263
317.5914,11.5442,12.5459,58,20.6226,90.2385,west,7.3138,False,semi-urban,15.1756,331,4,True,2.2443,20,0.213,north,black,-28.2853,True,fall,previous_gen,409.161,True,35.4103,3368.5475
193.9912,12.0,12.1112,38,17.3861,86.9992,east,12.4981,False,urban,14.2489,2786,1,False,4.4438,23,1.8979,,black,18.4181,False,spring,previous_gen,442.678,True,34.4708,2579.3812
804.7577,10.7668,12.522,82,25.0,83.3241,south,12.1922,False,semi-urban,14.6276,814,6,False,10.3723,23,1.6438,south,blue,-4.5974,False,winter,current_gen,429.8799,False,27.5966,2956.0187
627.8701,10.0791,12.6807,192,16.0056,53.8928,east,20.9372,,rural,13.4459,2713,1,False,14.8584,18,0.657,north,blue,-45.5464,True,winter,previous_gen,427.4498,False,33.6305,5276.5548
580.6984,10.3512,12.6749,240,20.5835,82.037,north,17.3398,False,rural,12.8272,69,8,True,17.443,21,0.5156,south,blue,24.0457,True,fall,current_gen,460.9996,False,29.3625,3159.3194
926.8187,10.9658,12.5482,101,10.0231,65.2119,south,5.6323,False,rural,12.9881,1244,1,False,12.6062,19,1.9134,east,black,-15.0799,True,winter,,438.0457,False,30.218,1970.2974
952.3542,11.9542,11.6606,105,20.0644,100.0,north,7.493,False,rural,11.106,1534,8,True,12.6894,23,1.2062,south,black,41.3209,True,summer,previous_gen,481.172,False,35.5354,1754.6949
952.4182,10.8447,12.3867,287,22.2534,51.123,south,9.609,,urban,14.3215,268,3,False,20.9315,21,0.5058,north,black,-21.3296,True,summer,previous_gen,440.9949,False,29.9742,4163.2922
845.7749,10.8143,12.3554,297,15.6593,36.1211,south,5.504,False,semi-urban,12.9839,2278,2,True,12.2805,20,0.6771,west,blue,3.2449,True,fall,previous_gen,479.2434,False,33.8757,3991.6214
596.7249,11.0032,11.6705,162,16.5605,64.6425,west,6.4242,False,urban,15.8025,987,1,False,11.4224,19,0.1789,south,blue,31.8479,True,winter,previous_gen,404.0775,True,31.4097,3649.095
101.9694,10.899,12.6681,303,11.7899,47.3811,east,13.7644,False,rural,12.1491,1699,10,True,6.4552,18,0.9181,east,black,-9.8505,True,winter,current_gen,450.214,True,34.5111,3244.201
689.543,11.0133,13.2529,262,18.7514,36.5706,west,12.6191,False,semi-urban,14.8466,949,3,False,21.6068,19,1.8958,north,,-28.1072,True,summer,previous_gen,453.3367,True,30.7699,2959.2282
776.3497,11.1681,12.4551,30,18.0054,64.878,south,21.0578,False,rural,13.4614,1811,2,False,1.1816,23,0.6596,east,,-21.5198,True,winter,,450.9489,True,27.2705,3319.9482
824.6802,9.682,12.2948,277,13.3148,60.5981,east,22.7663,False,semi-urban,12.7039,332,1,False,8.2281,21,0.6841,north,black,-27.7845,False,spring,current_gen,436.2123,True,33.3643,3418.2257
236.5236,11.826,12.511,146,24.0556,36.1824,east,1.7084,False,urban,14.2598,258,10,False,3.7751,20,0.1749,east,blue,-3.1084,False,spring,current_gen,431.4004,True,30.8725,3443.4986
869.6704,11.4142,11.4865,49,24.4285,57.0981,south,19.6406,False,rural,14.7227,1313,3,True,21.0591,22,1.3399,north,blue,-12.6414,True,,current_gen,438.567,True,33.7719,1665.1304
885.4167,10.4873,11.9692,261,17.5452,83.6918,south,14.7844,False,rural,13.9605,196,6,True,1.3814,21,0.4618,south,blue,-42.9739,True,spring,current_gen,500.0,False,29.6259,4219.5098
211.0358,10.7432,13.3563,233,20.6518,21.5197,south,19.8648,False,semi-urban,14.6414,2950,2,True,7.6821,24,0.6745,north,blue,-42.132,False,summer,previous_gen,429.2173,True,30.1452,1913.9147
927.0536,11.0891,11.9689,169,11.7432,26.1962,west,19.2109,False,urban,13.3069,2549,7,True,19.7896,22,1.5863,south,black,8.1884,False,,current_gen,495.9998,True,30.3666,2801.6454
414.5436,11.5016,12.584,35,12.3837,22.1469,west,19.4444,False,rural,12.3743,2532,6,True,9.6821,23,1.6577,north,blue,-29.7226,True,winter,current_gen,438.7457,False,30.6853,4316.8797
614.7897,11.6536,12.8496,45,16.6183,93.4465,north,8.8386,False,semi-urban,14.7336,962,3,True,6.8999,20,1.3325,west,blue,36.4543,False,summer,current_gen,478.1671,False,28.6143,2174.5079
738.6321,11.2962,11.5932,80,18.2703,46.4648,north,20.3558,False,semi-urban,14.4219,2216,8,False,12.234,20,1.0286,east,blue,40.3644,False,summer,current_gen,481.6424,True,34.182,3208.4353
329.3551,10.0489,14.0707,109,20.6973,17.2434,west,1.6375,False,rural,14.4066,1785,11,False,12.458,18,1.7697,north,blue,43.0067,True,,current_gen,445.7997,False,31.4054,4126.8536
747.4121,9.8115,11.202,125,15.9919,74.5666,west,1.6221,False,urban,14.1405,2656,11,True,20.6673,21,0.7619,south,black,47.0936,True,spring,current_gen,451.4075,True,28.275,2695.1546
44.7285,10.7712,12.8367,19,19.5866,31.8462,east,3.583,False,semi-urban,13.6534,2428,11,False,13.3818,20,0.593,west,black,8.3881,False,fall,current_gen,416.2608,False,28.6637,2591.8759
146.4875,11.0121,12.2057,258,24.4057,16.6054,south,5.097,False,urban,15.0759,1503,9,True,10.8526,20,1.27,west,black,-41.3616,True,winter,,452.7613,False,29.2196,3201.166
267.3657,10.3053,11.8607,162,11.326,91.3685,north,0.9175,,urban,14.0933,1104,7,False,10.4268,21,0.7865,south,black,-20.1038,False,winter,current_gen,438.9298,True,30.2045,3059.3784
696.2636,10.7483,12.2967,58,14.9681,50.8406,west,7.8669,False,rural,15.5039,2121,3,False,20.8932,17,1.236,east,black,-39.0398,True,,previous_gen,457.2099,False,27.8859,2703.3114
934.6185,11.3945,11.5684,127,23.1113,30.1171,north,24.0,False,urban,12.8009,1842,2,True,9.2517,21,0.3036,north,blue,-23.9616,True,fall,current_gen,451.448,True,33.9883,3245.0766
205.1963,11.7351,12.9133,290,24.239,75.9363,west,20.7698,False,rural,14.4108,1483,7,True,4.7436,21,1.2548,west,black,-48.3532,,fall,current_gen,454.2976,False,33.3871,2091.326
227.3562,11.5909,12.874,0,14.7286,77.6767,north,1.9338,False,urban,12.0091,1890,8,True,9.5095,18,1.3067,south,blue,-19.2109,True,spring,previous_gen,452.0967,True,32.8249,4247.6093
145.5334,10.7096,12.2893,311,13.9789,20.1509,west,16.8915,False,rural,14.0355,2584,2,True,7.0869,17,0.3464,east,black,36.9245,False,winter,previous_gen,429.3289,False,35.9925,3483.3432
401.0775,11.6536,12.3368,291,16.5081,4.8507,south,19.6064,False,rural,14.7536,1430,7,False,20.807,21,1.5705,,blue,-26.061,False,spring,previous_gen,431.9266,True,29.0424,3289.6818
367.0985,10.4008,11.9586,105,19.5152,33.4431,east,20.7292,False,urban,12.0519,1026,8,True,12.466,22,1.7024,east,black,42.3394,True,spring,current_gen,470.0961,False,28.8758,2018.2722
798.8914,11.1522,13.4947,239,23.2475,40.3369,west,20.3448,False,semi-urban,12.4073,1181,1,False,3.5833,23,1.0057,north,black,-18.667,False,summer,previous_gen,449.2498,False,35.8458,2382.6408
673.7643,11.0314,13.2232,320,15.3486,54.9679,east,0.7095,False,urban,15.7111,2138,8,True,22.9955,22,0.1342,east,black,36.714,True,spring,previous_gen,474.125,False,36.2412,3536.6969
501.3353,12.0,13.8634,304,23.8776,58.9068,north,20.8029,False,urban,15.3964,0,11,True,16.4235,18,1.5234,west,blue,-9.7769,True,summer,previous_gen,422.593,False,30.1249,5612.7291
345.0318,10.5507,12.3988,304,14.7461,86.3237,east,9.4627,False,rural,13.8382,2608,7,True,10.6564,20,0.5889,south,blue,-35.8428,False,spring,,448.0233,True,31.6059,4989.5664
851.6677,10.8765,11.2453,286,12.7798,75.1498,north,2.6252,False,semi-urban,12.4516,352,2,False,12.2952,20,0.8323,south,black,-15.3871,False,fall,previous_gen,410.6436,True,32.0157,2879.0394
967.3784,11.0388,12.7595,261,16.9446,49.7746,east,14.4345,False,urban,14.6537,2487,8,True,4.8327,21,1.1319,west,blue,3.5261,True,winter,,467.803,False,31.5598,3152.9355
765.9012,10.3351,12.2912,346,16.9602,53.6875,east,5.0413,False,urban,12.5883,1142,8,False,22.8061,21,0.6092,east,blue,45.0866,False,winter,previous_gen,425.1142,False,33.8566,3688.5996
48.8028,10.342,12.4474,353,20.6118,10.288,north,4.4761,False,semi-urban,15.4032,435,6,True,15.3187,23,1.2835,north,blue,34.4692,False,fall,previous_gen,440.7094,False,29.3434,2984.8276
943.112,10.1752,13.2597,9,17.6877,37.0154,west,16.6913,False,semi-urban,14.3486,3000,1,True,14.4313,23,0.1831,east,black,-5.5809,False,summer,previous_gen,442.9846,True,28.6151,2713.3049
923.8384,11.9032,12.8539,133,24.8253,66.1619,east,21.5989,False,rural,16.3229,173,7,True,18.7611,21,1.3916,east,blue,0.5217,False,spring,current_gen,474.0382,False,31.6656,2753.3962
353.8728,11.0475,13.0235,5,16.2569,32.0686,west,21.8908,False,urban,17.0496,589,6,False,10.5689,21,0.9332,west,black,28.1771,,summer,previous_gen,420.4101,False,34.5921,2026.1044
749.764,11.3261,12.7548,146,11.4799,2.9242,east,21.6938,False,semi-urban,14.36,1660,6,False,14.242,21,1.8756,east,black,-41.5199,True,winter,previous_gen,460.8452,False,32.204,3457.9883
722.2458,11.1953,13.2621,49,25.0,38.7158,north,23.4082,,urban,15.6759,800,9,True,15.6756,22,1.8761,,,0.6137,False,,current_gen,414.19,False,32.3341,2644.3747
747.5906,11.7422,12.8983,220,15.5536,28.1909,north,11.0246,False,rural,13.1588,1533,1,True,21.6299,19,0.6263,,black,-28.1158,True,spring,previous_gen,410.94,True,29.0701,2998.0634
636.2434,11.8616,12.3058,263,24.5083,30.0262,west,16.5697,False,rural,15.794,307,3,True,1.3195,19,0.4728,north,blue,32.4453,True,summer,previous_gen,431.2218,True,26.3385,2074.1853
809.7659,10.5581,12.7146,210,16.5893,92.4979,north,13.7149,False,urban,11.8276,1079,5,True,15.9196,21,1.3864,south,blue,-34.4532,False,summer,previous_gen,468.3694,False,31.3834,1775.2496
157.6965,11.0023,12.399,265,18.134,62.6032,east,23.5053,False,urban,15.0358,1422,2,True,17.2452,23,1.4329,north,black,11.1423,False,,,482.7641,True,31.4484,2805.6689
991.7371,10.7306,12.2238,278,14.8183,72.6122,east,13.4159,False,urban,12.0261,1110,9,True,23.6022,21,1.0222,north,black,22.2291,True,summer,current_gen,459.1308,True,35.3352,1990.8736
663.5078,11.393,11.8223,282,12.8843,68.0018,west,21.0544,False,semi-urban,14.9625,2944,10,False,4.4658,21,1.8824,west,blue,18.7949,True,fall,current_gen,438.9392,True,25.6401,2834.5719
0.0,11.4474,12.5348,299,18.2305,86.5076,east,17.3228,False,urban,14.2027,404,2,False,5.6934,20,1.5271,east,black,-19.2117,True,summer,current_gen,442.1445,True,29.0084,4441.234
428.7848,10.4385,13.1197,47,18.9169,44.3046,south,19.6663,False,urban,13.8776,66,9,True,7.0493,18,0.7453,south,black,-17.7261,False,winter,current_gen,413.3636,True,38.1032,1945.0204
26.9149,10.4644,12.1039,57,14.2154,90.1162,north,19.8628,False,semi-urban,11.2961,2805,9,True,21.6472,21,1.6578,south,black,-17.3207,True,spring,previous_gen,412.6419,True,34.5829,1866.823
502.4946,11.3652,12.3767,162,10.0387,63.7573,east,1.0727,False,urban,13.089,1670,10,True,5.0465,21,1.2331,east,black,-27.0871,True,winter,current_gen,399.1152,True,29.7223,1513.7638
294.0774,12.0,13.3855,120,12.3207,4.4552,east,5.4365,False,rural,11.474,1896,10,True,5.3452,19,1.274,east,black,-21.9992,False,spring,previous_gen,440.9139,False,31.7149,2526.8528
240.3115,11.6567,12.4525,193,15.7009,18.8635,east,3.5232,False,rural,12.215,2306,6,True,20.0888,20,1.7419,north,blue,37.8536,False,winter,current_gen,447.1294,False,30.8994,1287.8143
269.9931,10.3316,13.0603,101,12.5425,10.8883,east,21.3443,False,semi-urban,12.779,2681,9,True,24.0,21,1.914,west,blue,-23.533,True,summer,current_gen,438.5098,True,30.2967,3489.7361
0.0,11.5406,12.9878,230,22.2795,32.4087,west,6.8336,False,rural,12.521,290,10,True,20.4063,23,1.7349,east,blue,-31.7788,True,summer,previous_gen,407.346,True,32.634,4545.1514
107.4062,10.7097,12.2123,54,11.5503,24.7738,north,8.9103,False,semi-urban,16.8765,1934,2,True,9.4207,23,1.3085,south,blue,9.3207,True,spring,previous_gen,458.9953,True,31.5627,2902.0187
93.5429,10.6671,12.9766,39,17.0674,85.9462,east,21.174,False,semi-urban,15.3427,2400,7,True,20.6191,17,0.8232,north,black,2.6486,,winter,current_gen,451.9227,False,32.4037,1243.8824
865.9791,11.0672,11.8825,341,15.8579,54.3587,north,15.0827,False,semi-urban,12.4302,273,8,True,6.2879,21,1.8032,west,black,-0.1216,False,winter,previous_gen,433.3272,True,30.9371,2867.6799
726.6536,11.4751,13.1993,14,10.0,54.4648,south,15.909,False,semi-urban,12.4732,2479,6,True,9.5306,20,0.1876,south,blue,-15.3228,False,winter,current_gen,425.3407,False,33.7881,2436.0719
465.3738,10.0386,12.3347,69,19.0028,65.2411,south,4.3947,False,urban,15.2669,524,6,True,5.3341,19,1.7041,east,black,-33.6391,,summer,current_gen,460.7125,True,32.4512,1785.3414
821.925,10.2889,13.0782,288,17.5761,56.9475,east,9.5023,False,semi-urban,13.6168,175,11,False,14.882,18,0.9786,,black,23.6499,False,spring,current_gen,449.2976,True,34.3683,3031.1927
864.5886,11.0611,13.1306,44,10.6971,82.9006,east,8.8196,False,semi-urban,13.7178,2687,6,False,4.5879,19,0.5237,west,black,-1.1852,False,fall,previous_gen,458.617,True,33.5618,2952.4585
0.0,10.7513,12.2871,46,17.419,96.9196,east,20.1574,,urban,14.2653,1353,5,False,20.2568,22,1.2003,north,black,19.1883,,fall,previous_gen,424.7832,False,30.4987,1405.001
366.9051,10.4948,13.126,154,19.3851,75.2628,south,23.1298,False,rural,12.3215,2896,2,True,11.3842,22,0.8796,east,black,-44.8645,False,winter,current_gen,423.1446,False,32.0139,3326.0712
966.8376,11.5829,12.9798,261,24.64,12.6631,west,17.936,False,semi-urban,14.2252,2348,8,False,7.1069,19,1.967,,blue,-1.4713,False,summer,current_gen,471.5647,False,34.053,3261.8555
765.3335,11.4908,12.6113,96,17.6914,35.1831,north,8.1149,False,rural,14.3508,1927,7,True,20.7322,21,0.2008,east,,9.8428,,fall,previous_gen,417.6559,True,34.9596,4650.5794
94.779,10.5233,12.072,44,15.7428,6.6624,north,18.9225,False,rural,14.6391,21,6,True,9.412,21,0.9708,west,black,-30.1263,True,summer,current_gen,463.2469,True,29.3935,4047.1722
387.6161,10.9953,13.4002,353,15.867,64.9311,east,20.1475,,rural,14.4602,1989,2,False,3.4778,19,0.4307,south,,-19.3561,False,summer,previous_gen,480.1204,True,33.7747,1965.5302
22.9059,10.1139,13.3647,30,17.8277,45.0675,south,21.1834,False,semi-urban,15.2205,1232,1,True,13.8706,23,0.695,south,blue,-5.0376,False,spring,previous_gen,441.1626,False,32.6261,1289.398
600.2272,9.4673,12.3068,154,18.4198,65.0857,south,9.1867,False,semi-urban,12.1682,216,8,True,15.3042,23,1.3139,north,black,23.1518,True,spring,previous_gen,483.7451,False,35.114,2707.9396
432.6176,10.6864,13.113,38,15.8122,84.8291,south,2.1293,False,rural,13.8692,582,4,False,20.9938,20,1.1116,east,black,24.0346,True,summer,current_gen,486.7647,True,28.7414,3226.2488
106.8431,10.7835,13.7321,9,10.0,1.784,east,5.6139,False,urban,10.4482,928,10,False,18.0604,17,1.476,west,,34.3631,False,,previous_gen,420.4962,True,34.5669,4186.801
107.0682,10.715,11.9213,176,12.7939,35.7399,east,10.6863,False,urban,15.6735,2559,7,False,22.6885,20,0.6148,north,black,-21.7738,True,summer,previous_gen,440.4516,False,30.6691,2045.1032
430.4427,10.8071,12.881,332,23.1418,38.9671,south,10.6325,False,semi-urban,13.1501,858,3,False,0.4009,16,0.6992,east,black,9.0541,True,,previous_gen,424.1081,True,36.2493,2282.3903
404.7491,11.8747,13.2425,15,23.4942,30.5467,west,11.0468,False,semi-urban,13.1275,1656,5,False,1.3872,17,1.3664,south,black,-15.9639,True,summer,,418.8812,False,32.7123,2474.0715
691.5362,11.5813,12.0311,199,13.0256,16.9936,east,4.0938,False,semi-urban,11.7611,2299,2,True,12.258,20,1.8846,west,black,-5.1956,False,winter,current_gen,426.6778,False,36.0292,3109.5596
383.8314,11.4994,11.7191,42,10.6737,84.6506,south,17.247,False,rural,16.1485,3000,3,True,10.7761,22,1.4614,west,blue,11.9719,False,summer,previous_gen,461.2301,False,33.5892,1648.7387
851.1146,11.2927,13.2136,270,23.101,21.1607,south,7.3494,False,rural,13.6889,714,10,True,23.7792,20,0.7262,east,blue,-5.1442,False,summer,previous_gen,415.3756,False,34.2359,3014.2582
908.526,10.7052,12.936,59,19.8241,36.2932,north,20.9231,False,urban,12.2332,1840,2,False,6.3324,20,0.7966,west,black,-18.7209,True,winter,current_gen,471.627,False,28.0703,3121.8797
532.2151,10.8152,11.9974,95,15.2616,77.7951,south,12.15,False,urban,14.1377,92,7,False,20.6814,23,1.3792,east,black,8.8552,True,summer,current_gen,445.1176,True,34.0735,2535.7679
242.6411,10.1993,11.9888,262,22.0838,66.8619,north,2.3132,False,semi-urban,14.282,2448,7,True,5.5658,20,0.3829,north,blue,19.3901,True,summer,previous_gen,425.5526,False,31.6885,2100.5449
570.5355,10.2547,12.3541,36,23.1589,81.4126,north,22.2168,False,semi-urban,15.4887,518,11,True,0.8395,21,0.4717,east,black,21.6234,,fall,current_gen,456.2164,True,29.9469,3216.344
558.8626,11.2895,11.2506,315,20.2981,19.6576,east,15.4009,False,rural,14.1235,2839,4,True,10.9885,19,1.1277,south,,37.481,False,spring,current_gen,441.0557,True,38.7158,3462.3864
249.6356,10.4386,12.4771,24,18.9778,3.9981,east,0.5216,False,urban,14.5049,1409,11,False,9.3547,19,1.9916,west,blue,29.0067,True,fall,current_gen,387.6237,True,33.0979,3936.2571
955.6628,10.9543,12.9305,335,19.5157,95.1332,east,12.7998,False,urban,12.634,1474,9,False,20.9284,24,1.3166,west,,-48.9997,True,fall,current_gen,434.7807,True,32.4296,3923.8955
162.9548,11.7035,12.5629,208,17.5206,20.0415,west,2.2633,False,urban,14.2584,1433,1,True,6.4013,18,1.168,north,black,48.3417,True,,current_gen,429.2459,False,31.188,2168.2808
140.912,11.3754,13.02,56,17.4113,56.4368,west,2.9042,False,urban,14.6016,472,11,True,16.891,22,1.7924,west,black,49.1007,False,summer,current_gen,427.9002,False,32.9428,4088.628
900.9813,10.7203,13.0579,338,18.2856,100.0,east,3.1016,,urban,14.5782,1515,2,False,13.8466,21,0.2012,north,blue,-22.2197,True,summer,current_gen,441.7301,False,30.4503,2482.6007
309.4064,11.4084,14.1605,319,19.2542,84.6367,north,8.7345,False,urban,14.1951,1739,6,False,12.2205,17,0.5419,north,black,39.0714,True,winter,,432.3836,True,31.0157,2943.1096
698.1838,11.1467,12.4778,65,19.1638,17.4001,south,20.6963,False,rural,12.5172,2595,3,True,7.2694,21,0.5628,east,black,0.7226,,summer,current_gen,427.9426,False,34.2728,3137.6358
655.2692,10.3977,13.4938,119,24.5019,45.0975,north,1.7269,False,rural,13.8436,2859,11,False,2.5153,22,1.4448,east,black,31.3074,True,fall,current_gen,454.0065,False,30.4913,3900.6862
944.1735,11.5648,11.789,175,11.5527,77.0831,west,9.968,False,rural,13.8707,2247,3,True,17.995,22,0.6328,west,black,4.0525,False,winter,previous_gen,429.055,False,31.6797,1940.2967
122.7876,10.2809,13.1926,112,23.4582,79.1552,north,19.9941,,rural,15.5271,900,11,True,18.1421,21,1.0219,east,black,25.9355,False,spring,previous_gen,448.3057,True,36.3738,2458.9101
419.4072,10.5757,12.1069,343,19.1114,38.5905,north,22.8148,False,urban,17.5163,2675,9,False,17.2113,20,0.2478,north,black,-34.7006,True,spring,,408.0321,False,36.599,1028.8278
512.8876,11.0603,12.8152,329,23.1322,34.1334,south,12.6743,False,semi-urban,12.319,1390,4,True,23.3071,19,0.1539,west,blue,-38.0669,True,fall,previous_gen,443.6308,True,34.1995,3847.7615
395.1117,11.2578,12.1691,248,17.1067,37.7937,south,10.118,False,semi-urban,15.006,2110,8,True,19.0223,20,0.2202,west,blue,11.7743,False,fall,previous_gen,455.9453,True,32.7962,1319.6977
604.505,10.8655,12.3643,153,24.7489,27.6979,south,15.4117,False,semi-urban,14.9582,762,9,False,3.6227,21,0.1,east,black,-17.2892,True,summer,current_gen,436.9223,False,32.0935,2791.7447
187.7554,11.7514,12.4098,97,12.3321,40.8816,west,13.8487,False,rural,15.077,2205,3,True,10.363,18,0.2007,north,black,-45.4964,False,summer,previous_gen,433.9402,False,29.0941,2905.9275
170.7823,10.5059,12.2784,241,18.991,98.1257,north,14.1758,False,urban,15.4308,1573,2,False,15.7755,22,0.954,north,,-31.6812,,winter,current_gen,429.6127,False,28.2568,2573.4379
494.6707,10.8232,13.1532,350,17.9661,14.0817,south,4.0182,False,semi-urban,14.2511,659,11,True,18.4045,23,0.8847,south,blue,47.5198,,spring,current_gen,417.2324,False,31.5561,2073.1588
829.0342,11.4733,12.6207,50,18.1265,48.0311,south,23.7847,False,urban,12.3074,851,1,True,1.3962,21,0.7947,,black,3.3895,True,,previous_gen,468.1732,True,35.9971,2809.0031
716.124,10.5015,11.0416,129,20.5263,20.0319,south,5.0512,,rural,15.0875,1727,6,False,1.4585,19,0.3665,north,black,39.7614,True,winter,current_gen,456.0054,True,33.2177,4212.4918
667.1515,11.8148,12.9089,17,12.6785,62.2215,north,13.5137,False,urban,12.0922,236,10,True,5.7162,18,0.3664,,blue,-20.6186,False,spring,previous_gen,445.0515,True,31.7924,411.0592
60.7314,11.1318,13.0337,237,14.906,21.9098,west,2.7382,False,urban,12.6294,1215,5,True,8.0864,20,1.936,south,blue,4.4722,True,spring,current_gen,459.4371,True,31.0194,3305.6453
226.7646,10.4348,12.5095,267,20.5951,70.8813,west,5.6987,False,urban,14.5352,1360,1,True,7.8022,22,0.5085,west,black,7.5023,True,,previous_gen,464.8041,True,29.2414,2748.0735
679.2044,11.119,12.9557,128,12.4355,92.2614,south,14.4745,False,semi-urban,15.6648,2671,9,True,22.1168,17,1.1677,north,,19.6654,False,winter,previous_gen,456.4487,False,32.582,2788.5438
876.8012,11.5839,13.2926,13,19.765,35.785,east,17.2228,False,rural,13.151,1044,5,True,5.6835,21,1.5394,south,black,-45.2873,False,,current_gen,456.7491,True,34.6193,3363.052
546.7382,11.4658,12.3563,210,13.368,76.3066,west,20.3072,False,rural,15.5336,2949,4,False,11.8049,21,1.4548,east,black,10.9505,False,summer,previous_gen,411.9671,False,30.1444,3754.6629
246.8644,10.2483,13.9216,207,18.565,30.2174,north,14.0558,False,rural,16.338,2103,2,False,2.5091,21,1.9058,north,black,-37.6713,True,,previous_gen,384.9211,False,31.6524,3982.9201
675.0575,12.0,11.79,211,18.8544,93.6501,east,8.0414,False,urban,13.3911,2459,1,False,12.0865,22,1.2131,north,blue,-19.9032,True,fall,current_gen,471.3666,False,33.3068,2156.4159
834.1645,10.6993,12.876,216,17.2155,22.1386,west,20.339,,semi-urban,11.7511,2693,11,False,6.4486,21,0.262,west,black,-37.0162,False,fall,previous_gen,436.3838,True,28.6347,2846.9001
312.5074,9.9861,12.6508,333,18.64,69.7651,west,14.5206,False,rural,15.2197,370,10,True,12.1952,21,1.9019,east,blue,40.6307,True,spring,previous_gen,429.8682,True,28.2777,2556.9771
888.058,11.4206,11.9186,227,14.8066,14.3501,east,1.9738,False,rural,15.1748,45,11,False,6.1543,22,1.069,west,blue,19.2593,True,winter,current_gen,427.1253,True,32.4453,4019.7625
428.5108,11.1591,12.7825,213,25.0,21.3355,east,21.5174,False,rural,13.8018,2878,11,True,2.3821,21,1.6224,north,black,17.9424,True,,previous_gen,452.8421,False,37.0074,3000.7938
294.1853,10.8921,12.626,353,16.9028,77.128,north,0.6912,False,rural,14.4907,107,7,True,5.6188,20,1.309,north,blue,46.7626,True,fall,previous_gen,444.3344,True,34.264,3492.2431
807.4312,10.6212,12.4911,347,22.4776,49.7995,south,18.0381,,semi-urban,12.0259,1807,11,False,18.799,17,1.4354,east,black,-40.2719,,spring,current_gen,451.1272,False,32.2091,975.6979
453.9251,9.7428,11.6504,351,15.1324,93.6224,east,19.6296,False,semi-urban,12.6228,2808,2,True,13.3635,20,1.7656,south,blue,42.441,False,summer,previous_gen,449.0533,True,30.8994,3400.8735
558.1559,9.9582,12.5427,73,18.3829,72.6396,south,15.9644,False,urban,14.6968,749,7,True,21.2646,20,0.2411,,blue,-9.931,False,winter,previous_gen,418.721,False,33.5534,2063.2887
909.4854,10.0295,12.6642,69,23.9922,59.3951,south,21.6142,False,rural,13.6148,2856,6,True,20.3141,22,2.0,,black,23.2679,False,winter,previous_gen,467.25,False,33.3282,3469.1674
727.6549,10.2795,12.5187,131,21.0583,0.6603,east,20.888,False,rural,16.6285,141,9,True,19.1896,21,0.7393,south,black,-43.516,True,fall,previous_gen,421.1296,False,33.2124,3703.9946
544.6527,10.5353,11.423,261,18.0366,67.277,south,23.8084,False,rural,14.5906,2536,10,True,2.3865,19,0.5833,north,black,-26.5203,True,,previous_gen,457.0185,False,29.9137,3301.7117
286.5373,11.9045,12.5711,45,19.206,57.1441,south,14.6432,False,rural,17.0093,1250,9,True,3.6232,20,0.2726,west,black,43.889,,fall,current_gen,425.0468,False,30.6843,3219.6714
797.2874,11.6726,11.8616,67,21.8953,76.4023,east,7.2361,False,rural,14.6647,137,4,False,14.6628,18,1.5875,west,black,11.8997,False,fall,previous_gen,453.6932,False,31.8805,2936.8418
705.4304,11.7613,12.9046,354,23.9008,14.6791,south,19.9427,False,rural,13.2146,2318,6,True,13.4951,22,0.5459,north,black,-2.558,False,summer,current_gen,491.7653,True,31.3638,3021.8379
141.7694,11.5292,13.0936,330,12.9592,31.0701,west,12.4277,False,urban,10.6151,474,8,False,16.5447,22,1.2116,north,blue,-2.3337,True,summer,,381.0762,False,33.7148,4120.4186
230.0432,11.362,13.6837,207,24.5044,96.4752,north,7.6265,,rural,17.0514,2564,2,True,4.8635,16,0.9348,north,black,13.8356,False,winter,current_gen,450.1762,True,31.9456,3146.6547
52.4375,10.8065,12.7638,337,20.366,36.4609,east,17.1507,False,semi-urban,11.902,522,5,True,17.5795,19,0.66,west,blue,41.6365,False,,previous_gen,431.3418,False,29.511,3797.3068
752.4003,10.7512,12.1157,169,21.5827,34.6936,east,4.3967,False,rural,11.3498,303,9,True,1.9994,19,0.8632,,black,-7.7022,False,fall,current_gen,423.063,True,30.7943,1892.0663
471.5287,10.5242,12.3335,78,23.5192,21.9493,north,10.458,False,urban,14.0559,793,2,True,14.9037,23,1.698,west,blue,-19.4745,False,summer,previous_gen,470.5109,True,32.4423,4021.0318
567.7992,10.6946,13.5703,62,15.6099,72.3988,east,1.535,False,semi-urban,15.7394,2458,2,True,19.2686,18,0.4573,east,black,23.6388,True,winter,current_gen,480.3972,False,38.1245,3587.728
933.2888,9.8701,13.3912,231,21.6645,3.2522,east,3.4713,False,urban,14.2551,2588,5,True,11.5696,25,1.4136,east,black,26.2228,True,summer,current_gen,443.9752,True,28.7285,3237.103
8.6876,11.6542,12.1692,181,10.0,21.0961,south,16.2783,,rural,15.3212,2857,6,False,14.7462,22,1.1389,south,blue,44.6166,False,winter,current_gen,464.261,True,35.1363,3322.3884
862.1111,10.4614,14.1058,104,22.8175,67.9397,west,16.596,False,semi-urban,16.598,2814,10,False,12.2734,23,0.8942,east,black,4.0493,False,,,439.7072,True,28.9212,2650.2461
572.4471,10.8261,11.7378,187,11.7738,85.3823,east,1.0885,,semi-urban,12.6541,691,4,True,8.1479,22,0.5195,north,black,19.3093,True,spring,,413.6186,False,31.8,1820.7366
632.1341,10.6909,13.9167,62,15.1348,32.3341,east,18.3443,False,urban,11.0393,2067,5,True,12.6166,22,0.7222,east,blue,25.8773,False,winter,current_gen,456.204,True,31.5879,2310.8952
691.6837,12.0,11.6875,84,22.7449,8.2158,north,11.5087,False,urban,15.0102,1265,9,True,11.2766,19,0.3724,north,blue,-25.8769,True,summer,current_gen,439.3771,True,31.8876,2457.5157
275.0471,9.9217,12.9959,346,16.5902,9.1278,north,16.75,False,rural,16.1478,499,6,False,4.189,23,1.3584,east,black,41.333,False,summer,previous_gen,409.6716,False,31.5662,3480.5135
728.5587,10.7061,13.8376,180,25.0,48.9196,west,3.8674,False,semi-urban,11.0028,751,7,False,2.7031,20,1.7395,east,black,43.1588,,fall,previous_gen,431.6046,True,32.8969,3390.6647
359.2177,10.2958,12.574,346,15.7684,31.2366,east,4.8326,False,rural,13.0035,441,4,True,0.7267,21,0.2273,south,black,2.9751,False,winter,,383.0157,False,33.6365,2541.5769
521.0036,10.5518,13.2951,334,19.0755,58.6168,west,17.5129,False,urban,14.3457,2185,7,False,12.5543,20,1.1023,east,black,-35.1602,False,fall,previous_gen,444.0219,True,31.4754,3554.7692
418.5401,12.0,12.6261,220,22.3804,54.8227,north,9.3043,False,urban,13.3496,1277,2,False,17.6853,22,0.3859,west,blue,-13.7729,False,,previous_gen,420.4776,True,28.8363,3892.7876
448.4826,12.0,12.4645,149,21.4853,14.2848,north,15.2866,False,rural,12.2409,87,7,True,23.7337,21,1.1391,south,blue,28.9059,False,spring,previous_gen,445.6196,False,36.942,3123.6866
494.2983,11.2463,12.6472,283,14.1056,100.0,north,4.3691,False,semi-urban,15.1471,2893,6,True,18.5308,19,0.879,west,black,30.3795,,fall,current_gen,394.2192,False,33.6884,2777.2736
801.259,12.0,12.7449,168,22.1145,40.7566,north,1.7529,False,semi-urban,12.6941,1713,8,True,13.0329,21,1.1802,north,black,14.3668,True,summer,current_gen,480.3296,True,32.7236,3176.1683
52.1461,10.697,12.2041,15,13.3091,64.5115,east,1.622,False,urban,12.5913,280,4,False,20.6704,21,1.2338,east,blue,0.9523,True,summer,previous_gen,475.2928,False,26.8006,2081.9858
872.6912,10.524,11.5269,93,24.5773,58.036,east,10.128,False,rural,13.5461,2859,4,True,8.5658,21,1.1885,east,black,-4.1918,True,winter,current_gen,406.0142,True,34.5448,3289.808
370.0835,10.8368,12.8741,32,12.9331,76.8175,north,17.6768,False,semi-urban,15.9296,537,2,True,2.9893,18,0.1414,north,black,-43.0991,True,summer,previous_gen,421.815,True,33.9727,2138.9595
545.7426,10.4433,13.6426,118,11.133,26.038,west,15.3917,False,semi-urban,15.191,2117,9,True,3.3045,22,1.3142,south,blue,-32.3548,False,winter,current_gen,425.1089,False,34.9857,2739.0868
867.804,11.8673,13.5326,301,21.2693,34.2705,west,23.4819,,semi-urban,12.1837,764,1,False,16.2159,22,1.7661,north,blue,15.0207,True,,current_gen,418.5116,False,30.1364,1904.9243
113.5171,11.114,13.6325,297,16.2575,2.5453,west,7.415,False,rural,11.2624,2605,3,False,17.3718,21,1.9946,,blue,-36.9684,True,summer,current_gen,446.4731,True,33.4781,3743.1931
206.3758,10.9437,12.3786,321,21.5876,42.2199,south,3.1736,False,semi-urban,13.074,2909,6,False,21.5559,18,1.1239,north,black,20.4145,,,current_gen,391.6576,True,30.4011,4138.4212
438.4852,10.3366,12.1363,191,15.3963,93.8344,east,15.4345,False,rural,13.359,421,1,True,11.9289,21,1.9782,east,blue,38.4158,False,fall,current_gen,467.4976,False,31.7561,3328.3741
247.0992,11.5769,13.3346,355,19.9954,19.0019,south,16.2682,False,semi-urban,11.7964,853,1,False,10.2394,21,1.6299,west,blue,-42.9859,False,fall,previous_gen,474.3341,False,36.8474,2357.2313
950.7979,10.6967,12.057,145,20.7877,54.9921,south,12.5336,False,urban,14.5126,2255,10,True,20.6027,19,1.3053,east,black,10.6404,False,fall,previous_gen,440.0604,False,35.2938,3597.6117
868.5549,11.2769,13.4364,241,22.502,42.8084,east,3.0299,False,rural,11.3173,641,7,True,18.3024,24,1.1113,east,,44.411,False,fall,previous_gen,459.4011,False,29.6583,3640.3616
681.4122,10.2479,10.973,119,16.1082,11.2968,north,6.8957,False,rural,14.0448,1557,7,True,22.0421,19,0.8719,north,black,-34.7325,False,fall,current_gen,444.2384,False,29.7263,2147.124
578.0892,10.5101,13.2837,44,20.509,20.8826,north,16.4526,False,urban,12.1619,44,3,False,15.2119,22,1.6842,west,black,1.8775,False,spring,current_gen,407.3173,True,31.9522,1116.7252
501.2041,11.8512,13.0432,82,18.3778,57.9107,west,6.6745,False,rural,13.3704,1597,12,False,0.2634,22,1.2731,south,black,-12.2008,True,spring,previous_gen,430.6286,True,26.7185,2800.9577
466.2948,11.6543,13.1098,28,21.4459,94.3264,east,9.9191,,rural,12.0921,437,4,True,16.2014,23,1.8285,south,black,42.1804,False,summer,,420.6379,False,30.6028,2357.6199
142.18,10.9287,13.2204,292,20.553,78.5238,west,5.8146,False,semi-urban,13.5156,2509,4,True,21.347,22,0.2701,west,blue,19.8622,False,winter,previous_gen,420.4268,False,32.7885,4652.3805
521.5268,10.9745,12.259,305,22.7522,8.8329,north,22.9518,False,semi-urban,12.331,1431,7,False,2.9571,24,0.7308,west,blue,-14.6437,False,fall,current_gen,462.9628,False,37.1811,3934.9309
901.8344,12.0,13.5007,122,12.3491,43.6779,west,10.4173,False,urban,16.8537,2271,4,True,6.2457,20,0.2719,north,blue,8.4137,True,,current_gen,422.6028,True,32.9105,3144.9396
18.207,10.3792,12.3593,118,13.9593,96.6448,north,20.3433,False,rural,14.7265,1851,6,True,15.6766,21,0.5139,north,blue,-28.2985,False,summer,previous_gen,437.4052,False,32.4589,2559.4418
719.8993,11.1243,13.1052,15,21.6982,73.4229,north,15.6072,False,urban,14.9471,2846,4,False,1.67,20,1.9448,north,black,10.7188,False,fall,previous_gen,448.4103,True,33.7349,3425.347
476.4088,10.4842,12.8382,134,10.0,25.8729,south,9.3056,False,urban,14.758,346,3,True,16.4078,23,1.9634,north,blue,-28.8686,False,,current_gen,441.6532,True,32.4057,2345.0671
692.2456,11.5996,12.5923,315,13.6891,45.1212,east,9.1052,False,semi-urban,14.6527,1825,1,True,16.7099,21,0.3264,south,black,-31.0287,False,winter,previous_gen,470.0696,True,34.7053,3068.3436
667.4152,10.7604,12.7912,269,13.1019,47.5534,west,17.1695,False,semi-urban,15.5733,978,3,True,4.0405,25,0.4206,north,blue,-37.8938,False,spring,previous_gen,474.1244,False,28.6016,4902.7895
955.8485,10.1312,12.8281,143,16.1037,89.1584,south,11.2442,False,urban,17.0446,2209,1,True,21.6165,18,1.5271,north,blue,-10.6909,False,spring,current_gen,445.5211,False,36.636,3704.6605
864.6916,10.7379,13.2352,230,15.5918,77.2704,south,12.0212,False,semi-urban,14.0872,1787,11,False,9.2173,23,1.2723,north,black,-10.0822,False,winter,previous_gen,470.586,False,29.3009,3418.0838
251.6101,11.6051,12.9551,152,11.7585,19.5562,east,23.2568,False,rural,14.1766,536,2,True,6.0719,21,1.3257,east,blue,-32.164,True,summer,current_gen,418.6671,True,28.4019,3125.5126
88.4346,10.8164,12.5628,170,11.3623,85.6361,west,22.3726,,semi-urban,12.3728,857,9,False,17.3347,19,1.6741,south,black,-19.9634,False,spring,previous_gen,443.7422,True,31.617,3824.4521
983.4252,11.4804,13.7309,202,13.3373,90.2723,south,22.5696,False,urban,15.335,2170,1,True,21.1256,23,1.7761,,black,-40.0029,False,winter,current_gen,458.7835,True,31.5301,2996.6428
169.7172,11.4845,12.9926,144,14.0624,34.9116,west,6.3738,False,semi-urban,13.99,706,10,False,5.6622,23,0.1,east,blue,-49.7917,,fall,previous_gen,427.7412,False,29.7854,4269.7242
324.0483,11.4784,11.6734,232,12.3816,80.6093,north,17.0542,False,semi-urban,11.2998,1730,2,False,16.9132,22,0.3888,north,,-1.3411,True,winter,previous_gen,451.2476,False,33.7933,5370.1836
535.2957,11.0885,13.0919,250,19.6135,50.07,north,13.3777,False,semi-urban,11.9342,1824,3,True,7.7765,20,1.2322,west,black,-11.81,False,summer,,440.8043,False,33.1985,2244.2144
598.8896,11.3807,12.6286,6,16.4165,18.9958,south,4.543,False,rural,14.3656,1330,2,False,4.1066,21,0.5404,east,black,-1.2652,False,fall,current_gen,438.8241,False,32.3752,2607.3876
734.6746,11.2374,12.4457,128,16.5787,13.3505,south,21.9136,False,semi-urban,14.7618,1415,3,False,7.3627,21,1.1441,west,black,-8.2069,False,summer,previous_gen,482.6155,True,30.1303,3071.7517
765.224,10.779,12.344,0,20.0545,19.6325,east,3.8,False,urban,13.736,84,5,False,0.0,22,1.2988,east,black,6.6453,True,winter,current_gen,477.4219,True,29.3761,4111.3815
915.9646,11.3064,11.3514,63,23.4091,90.5673,south,0.1408,,rural,12.7285,1379,10,False,11.7786,22,1.2268,south,blue,-26.3202,False,,previous_gen,499.5864,True,32.1785,3438.3991
903.6947,11.2413,12.4858,133,10.1109,51.6714,south,20.7255,False,semi-urban,13.2029,715,10,True,5.9774,22,1.1388,,black,48.2358,True,summer,current_gen,402.1711,True,31.2049,4340.7645
793.111,10.8036,12.8987,8,12.9204,100.0,west,16.7333,False,semi-urban,14.9269,1476,6,False,12.6072,22,1.9175,east,black,-30.4308,True,fall,previous_gen,422.0755,True,34.5693,4479.0051
585.5822,10.6914,13.7369,15,15.4074,44.3428,north,21.2297,False,rural,14.1373,953,6,False,20.2529,26,0.3733,south,black,40.1306,True,fall,current_gen,483.1834,True,30.2469,3120.7116
884.1131,11.2366,12.1963,108,11.4149,49.4776,west,13.9728,False,semi-urban,14.8509,2302,8,True,3.1669,23,1.474,north,,-30.3477,False,,previous_gen,464.0308,False,38.0791,1879.4116
163.6965,11.0012,12.3129,35,13.1139,91.4102,north,19.2695,,urban,13.3681,918,1,False,13.8392,18,1.2675,east,black,-26.7777,False,winter,,435.3076,True,31.5605,2731.046
261.2648,11.2466,12.3362,214,21.1899,84.9688,west,7.3376,False,rural,10.119,332,1,True,9.7129,20,0.5182,east,blue,22.5102,True,winter,current_gen,411.6018,False,34.065,4150.7178
0.0,10.2792,13.0956,121,10.0,81.977,east,9.9442,False,rural,8.4771,1113,6,False,0.4662,20,0.2252,east,black,27.9273,False,,previous_gen,448.1035,True,31.4426,2988.9756
138.6769,11.0269,12.5687,4,22.1881,15.2694,west,16.163,False,semi-urban,12.8841,1855,6,False,10.1878,18,1.2547,south,blue,20.8379,False,summer,current_gen,398.8714,False,30.0032,3071.7254
469.0571,11.3803,13.169,97,13.436,82.1656,east,11.0966,False,semi-urban,12.7284,1851,7,True,3.1932,20,0.181,south,blue,-47.403,False,,previous_gen,462.5464,True,34.9527,4302.2049
851.4012,11.2752,11.9786,333,10.0,16.5082,east,24.0,False,semi-urban,14.4316,889,4,True,5.6882,23,0.1613,south,,-49.2288,True,spring,previous_gen,381.6226,False,32.7547,2100.1873
331.745,11.0431,13.7874,217,22.4956,70.9986,east,0.0,False,semi-urban,12.6528,10,6,False,7.517,19,1.37,east,black,-39.3043,False,winter,current_gen,476.9669,False,34.2549,3740.8698
30.3656,11.7389,12.0772,176,15.8388,40.3114,west,4.11,False,rural,13.2918,57,9,False,5.7931,22,0.7151,north,,-26.1561,,winter,current_gen,451.5776,False,32.9845,2923.0251
165.1817,10.8507,13.7427,222,11.1807,13.1235,west,22.5425,False,semi-urban,12.7552,532,5,True,11.7515,19,0.4272,west,,7.6552,,fall,previous_gen,462.5694,True,29.134,2637.0936
999.6196,10.4671,12.6617,45,23.3972,51.8252,west,14.026,False,semi-urban,12.9044,1329,9,True,12.9623,21,0.3746,west,black,-9.7283,True,summer,,445.1023,True,35.173,1987.3191
900.0788,10.6661,11.5466,40,18.8412,32.2094,east,7.4397,False,urban,13.9808,258,10,False,21.4282,21,0.9375,west,black,-30.7532,False,fall,previous_gen,436.6644,True,34.1825,2836.9282
73.5124,11.2434,13.8889,212,17.1368,59.3418,east,13.6661,False,urban,14.588,1096,7,False,6.1159,21,0.7032,north,blue,-23.1501,True,winter,previous_gen,445.3111,False,30.0225,3685.3056
898.0846,12.0,13.1321,17,14.5411,46.5047,south,21.3204,False,semi-urban,14.9809,1184,8,True,13.6438,19,1.1874,west,black,32.386,False,spring,current_gen,486.9806,True,32.5603,3945.947
364.2531,10.3453,12.0125,4,10.0,32.3585,west,12.5939,False,semi-urban,15.9416,843,8,True,11.9023,21,0.9746,east,,12.1456,True,fall,current_gen,478.5554,True,33.0162,3248.2349
331.7886,11.6175,13.5085,85,16.5822,29.4362,south,10.1876,False,semi-urban,12.1162,490,9,True,18.7798,25,1.9067,west,blue,-32.1201,True,spring,previous_gen,394.7963,True,27.7593,3526.317
439.8766,12.0,12.3114,361,20.3759,23.9418,east,21.6508,False,urban,10.8123,2668,8,False,1.3204,24,0.4074,south,black,-24.8078,False,summer,,477.0283,False,33.853,2684.6473
270.2893,11.3502,12.7026,100,11.6028,55.191,south,21.3028,False,urban,12.0058,802,2,True,10.287,24,0.9555,east,black,38.4082,False,,previous_gen,433.7707,True,29.4494,1872.0757
565.6534,10.589,11.6885,287,25.0,27.2926,east,4.3815,False,urban,13.1458,2731,8,False,21.8955,19,1.2703,south,blue,-0.2356,True,fall,current_gen,420.4842,True,33.4563,1845.7497
227.4554,10.6801,11.675,21,14.9127,89.0624,north,13.8896,False,semi-urban,15.0683,2447,12,True,21.7241,20,1.804,east,black,-31.793,False,fall,current_gen,486.1024,True,29.2471,2909.5552
116.6505,11.0804,12.17,193,24.1049,48.066,south,13.9839,False,rural,15.3945,43,11,True,11.7307,19,0.1954,west,black,-3.6643,False,winter,previous_gen,419.4818,True,31.0339,1407.9618
938.1113,11.4806,12.9117,343,20.3972,36.4662,south,2.372,False,rural,11.5046,1611,3,True,15.332,20,0.6086,south,blue,43.5186,False,fall,previous_gen,428.6909,True,32.5261,4371.8941
847.789,12.0,12.7166,213,11.0349,57.1199,west,24.0,False,urban,15.2427,2349,10,False,1.8081,19,0.9105,west,blue,-33.0767,True,,previous_gen,439.4145,True,31.5573,4018.3559
454.531,10.9489,12.0357,49,22.0539,72.4373,west,22.7128,,urban,11.278,2419,8,True,23.368,18,1.0227,west,,15.3403,True,winter,previous_gen,460.2888,True,32.6035,3719.4847
577.5561,11.7396,12.3734,49,15.2574,53.6313,east,23.6078,False,rural,12.1801,365,3,False,9.6479,20,1.4363,east,,-34.1967,False,summer,current_gen,437.9717,True,31.4016,2784.3262
779.8745,11.1961,11.6503,284,25.0,2.3483,east,9.809,False,rural,15.4127,1537,1,True,23.0287,19,0.7806,south,blue,-27.0356,False,fall,previous_gen,450.2973,True,34.0711,5159.6368
694.6755,10.9521,13.0372,303,18.1615,44.2616,north,4.6096,False,urban,15.4177,1582,6,True,18.557,22,0.7621,east,black,-10.2742,True,,previous_gen,410.4337,False,28.2532,2624.57
276.8104,10.9142,13.2418,301,13.5153,65.7765,west,10.7041,False,semi-urban,14.5887,2952,9,True,5.2173,19,1.2847,south,black,-49.3517,False,winter,,424.5138,True,31.4265,3541.3975
159.4838,10.9333,12.5133,4,19.0438,54.134,west,14.7198,False,semi-urban,16.6453,105,11,False,5.6263,20,1.845,south,blue,-31.2555,True,fall,current_gen,480.0455,False,33.1997,5043.1984
277.4237,10.5541,13.5176,310,17.3011,7.683,north,0.8587,False,rural,13.8832,1396,4,True,12.1388,20,0.3342,south,black,25.7191,True,winter,current_gen,405.1671,False,32.1312,2766.2119
936.9956,10.558,12.4049,235,23.5772,100.0,north,12.1085,,rural,14.3016,2527,1,True,11.4335,19,0.622,north,black,24.108,False,fall,previous_gen,477.8082,True,33.4883,3434.7719
83.6129,11.1675,11.5528,228,11.6544,1.3573,north,15.0354,False,urban,13.3593,697,3,True,10.3402,23,1.8593,north,blue,45.273,,summer,current_gen,396.9869,False,32.7864,5579.0728
108.1767,11.3631,12.2248,82,20.7836,96.5727,north,6.5097,False,urban,11.4383,277,3,False,8.4678,17,1.5367,,blue,-13.3939,True,summer,previous_gen,442.5827,False,28.7154,2720.0197
341.8486,10.9423,12.8699,131,13.9531,72.1346,east,4.8745,False,rural,12.4504,2675,10,False,4.6124,20,1.0173,,black,-2.064,False,fall,current_gen,498.0671,True,24.8718,3387.677
760.5284,11.6382,12.449,176,23.9832,63.4533,west,23.1767,False,semi-urban,11.5905,1458,1,True,17.6034,21,0.9319,south,black,15.916,True,summer,current_gen,421.8932,True,28.5253,2718.9603
883.9485,11.1699,12.4357,313,17.8304,87.7887,west,14.4231,False,urban,14.7518,440,7,False,18.7191,18,0.4948,west,blue,-43.0381,False,,current_gen,468.5172,False,37.7743,2305.7871
620.9179,11.2836,11.9804,38,13.4562,20.6201,north,10.4844,False,rural,13.3482,2696,2,True,20.6,19,1.8784,north,blue,19.9765,True,spring,,420.7956,False,30.6713,3577.337
592.9427,10.6006,11.3257,354,10.2108,59.5321,east,20.3169,False,rural,16.4889,1459,11,False,19.7944,21,1.471,west,blue,12.9715,False,spring,current_gen,454.9141,True,32.8689,1858.6554
472.1889,11.1524,11.9757,85,21.8259,83.3074,north,21.3056,False,semi-urban,13.116,178,10,True,4.715,19,1.1419,east,,-12.8876,False,winter,current_gen,447.0987,False,30.9972,2581.1306
320.688,10.8034,12.7135,226,17.9973,45.6874,south,22.6108,False,semi-urban,15.1586,2298,8,False,1.3687,18,0.9495,west,black,0.3858,False,winter,current_gen,444.2856,True,32.7938,4354.3964
95.0259,11.3309,12.2664,34,11.4424,17.8674,south,13.5654,False,rural,14.0551,597,4,False,18.1371,19,1.7737,east,blue,-30.909,True,summer,previous_gen,454.1192,False,28.638,1090.634
620.5077,10.5688,12.5108,35,13.9393,44.083,east,22.4288,False,semi-urban,14.542,1705,3,True,10.9446,19,0.1475,north,black,-19.281,False,spring,current_gen,465.521,False,33.1153,2128.2154
939.8577,10.4887,12.7211,356,15.6018,85.5958,north,12.9725,False,rural,14.4457,2599,2,True,24.0,22,0.9893,west,blue,-33.4592,False,spring,,431.7009,False,29.26,3724.6645
351.0285,9.2727,12.8628,139,16.5208,44.8979,west,11.0621,False,urban,13.947,249,1,True,17.7541,21,1.3138,east,black,-46.2014,False,fall,previous_gen,475.3736,False,29.3933,2632.8858
7.6966,10.8237,13.0946,116,18.7411,27.5231,south,3.5861,,rural,13.3344,385,5,True,7.102,23,1.0693,south,blue,-33.3307,True,fall,current_gen,455.0697,True,36.5868,2847.4157
832.4325,11.0718,13.0918,91,10.0,57.3296,south,19.3789,False,urban,12.7819,1491,8,False,21.249,19,1.2688,south,blue,-31.8772,True,summer,current_gen,438.4802,True,31.6769,3302.6424
267.6822,11.508,12.7909,258,25.0,52.8561,south,2.5072,,semi-urban,13.5814,2694,10,True,0.9745,20,0.4771,east,black,19.4796,False,spring,,469.6698,True,27.8863,1973.9933
919.8593,10.6278,12.8089,174,20.047,51.3132,west,13.779,False,semi-urban,10.6423,465,5,False,0.6015,20,0.2775,east,black,49.4267,True,summer,current_gen,467.1169,False,38.136,1945.6097
455.6176,11.9761,12.3926,79,22.8689,44.3004,west,8.677,False,semi-urban,10.0649,545,5,True,20.4535,21,1.6745,south,,-43.4411,True,summer,current_gen,449.7191,False,30.2054,4821.2155
448.8746,11.7562,12.5598,309,12.9572,24.3244,south,9.3965,False,semi-urban,15.6952,2380,1,True,10.9063,19,1.0089,west,black,16.3574,False,summer,,407.5331,False,34.5317,2312.488
826.3035,10.521,12.8332,324,10.0,11.6367,west,19.8229,False,urban,14.9376,2947,2,True,8.7859,22,0.493,south,blue,-47.9428,False,summer,previous_gen,413.4163,False,33.2027,3070.7979
893.5673,11.143,11.8408,162,23.1698,71.0843,north,17.5649,False,semi-urban,13.9765,226,5,False,6.8639,17,1.3407,south,black,-19.4341,False,summer,previous_gen,463.2585,False,26.7442,3379.0419
803.7258,10.4379,13.5548,149,14.8479,96.8001,north,9.9001,False,semi-urban,14.9781,1192,3,False,3.8204,26,1.4431,south,black,-6.4985,False,summer,current_gen,450.2668,False,34.206,3894.6133
223.8453,11.1108,13.1933,139,17.2882,23.6132,east,22.6016,False,rural,12.4049,379,11,True,7.7401,21,0.4616,south,black,-41.6024,False,fall,,458.7045,True,37.5698,2582.0561
598.6337,11.0848,11.5613,54,21.7254,3.1412,north,12.7158,False,urban,13.5927,2207,11,False,18.9113,22,1.698,east,blue,2.6579,True,fall,,431.6871,True,30.3715,805.9088
465.5209,11.19,12.6494,257,24.2346,80.2333,east,18.4619,False,urban,15.148,784,8,False,8.4868,19,0.3175,south,blue,28.2828,False,summer,previous_gen,425.2622,True,36.0208,4102.9201
833.1293,10.0355,12.6544,34,17.0079,11.2573,west,23.8647,,urban,15.3053,2926,7,False,8.6445,23,1.6712,west,blue,25.5259,,winter,,468.0475,True,27.6976,3690.9217
596.4485,9.4917,12.0335,73,23.1191,22.2611,east,16.05,False,semi-urban,12.825,802,4,False,7.5668,20,0.4453,east,black,-43.0603,,fall,previous_gen,436.6774,False,28.465,3819.6819
420.3204,11.7966,12.0326,180,16.2853,61.0163,east,21.2508,False,rural,10.3245,936,6,False,20.615,19,2.0,south,blue,-44.1583,True,spring,current_gen,476.7986,False,31.3863,5537.3014
369.0262,10.2649,11.7695,179,14.7842,77.1645,east,16.7682,False,semi-urban,16.0412,979,7,True,12.913,22,0.9056,south,,-49.4676,False,fall,previous_gen,438.8339,True,34.5835,4355.6652
619.6011,10.5052,12.5588,68,20.6237,79.5268,south,5.3315,False,semi-urban,14.4521,2491,7,False,4.6675,21,0.8249,north,black,-20.9869,False,summer,previous_gen,460.8999,True,35.8515,1678.7347
283.79,10.2462,13.4651,302,13.1452,49.5378,west,7.2689,False,rural,13.8431,938,10,True,23.8909,21,1.6607,north,blue,-43.1966,False,spring,current_gen,490.657,True,30.4116,4151.1956
891.7074,10.1509,12.0829,65,19.2964,40.1073,east,6.1145,False,rural,16.2549,2246,6,True,6.6034,21,1.6758,north,blue,-23.2409,True,fall,previous_gen,457.0878,False,37.1988,2539.1006
365.9953,10.4205,11.4686,94,15.2462,20.6848,north,20.8242,,semi-urban,14.7351,1643,10,False,2.1499,19,0.1,east,blue,-25.209,False,summer,current_gen,460.4994,True,37.0726,3103.6203
75.3405,11.3626,13.6182,235,17.6997,15.4242,south,19.5016,False,semi-urban,16.3363,795,3,True,13.957,22,1.4458,east,blue,-6.898,True,winter,current_gen,446.3054,False,35.4181,1290.7419
708.544,10.4665,12.8415,45,15.3882,40.0112,south,6.7352,False,semi-urban,14.3896,590,7,True,2.8132,20,1.4175,west,blue,-38.3393,True,fall,previous_gen,479.4237,True,30.8387,1233.7363
554.3871,10.5873,12.0349,157,15.319,46.9237,east,19.1057,False,urban,12.9906,2874,2,False,7.7594,21,1.0374,south,blue,38.3791,False,fall,current_gen,454.2106,False,34.0079,3769.5966
842.5401,11.4951,12.3068,313,25.0,18.6615,west,19.652,False,semi-urban,13.8009,1471,10,True,4.9883,22,1.7999,east,black,18.9729,,summer,current_gen,486.323,False,28.7016,1513.3646
92.069,11.3181,12.6348,341,12.1509,35.3802,north,1.3642,False,urban,12.2331,1408,6,True,3.8654,21,1.919,north,blue,-42.888,False,fall,previous_gen,416.0074,True,27.3212,2585.5611
543.3147,10.5781,12.0278,261,12.4309,32.9191,west,8.2152,False,rural,14.6876,1679,9,True,22.4904,18,1.3425,east,blue,-11.7086,True,fall,current_gen,463.825,True,36.2879,2916.1454
657.121,10.097,12.0083,188,20.5335,43.9699,south,13.6151,False,rural,12.4171,1210,8,True,15.1907,21,0.9934,north,blue,1.6827,True,summer,,450.8323,True,34.3429,2052.5397
754.3984,10.579,11.9575,330,20.9541,43.4467,west,3.4631,,urban,14.9448,2085,11,True,18.3374,17,1.1429,south,black,30.8112,True,spring,,442.2558,False,33.0615,3288.6409
241.8626,10.6962,12.1457,331,13.5753,0.5136,north,22.5774,False,urban,12.1289,699,6,False,3.3519,21,1.8157,east,black,34.008,False,fall,,461.8667,True,29.993,2680.7283
798.2466,11.0642,12.6897,365,23.6243,95.6938,north,24.0,False,rural,13.8215,1589,11,False,23.7053,19,1.3482,north,black,-22.9013,True,fall,current_gen,423.2376,False,33.1542,4451.867
271.3882,12.0,11.885,187,13.0786,7.4526,north,6.8394,,semi-urban,12.4146,78,8,False,11.8758,22,1.486,west,black,-43.5982,True,spring,previous_gen,435.3484,True,30.895,3360.1697
664.9562,11.622,13.6886,307,20.8117,22.665,north,4.2709,False,urban,15.0683,1853,6,False,4.9568,23,1.6007,north,black,-45.7775,,winter,previous_gen,409.7801,False,28.4718,2890.4338
224.9274,10.7177,11.6411,0,13.7613,31.1215,west,17.6663,False,semi-urban,12.955,1766,3,False,13.0051,18,1.4236,south,black,35.6466,True,fall,previous_gen,429.0479,False,34.0209,3517.8309
798.3466,11.1764,13.4214,347,19.5366,80.3265,north,20.0187,,semi-urban,14.6396,2709,5,False,12.6539,25,0.1772,east,black,-17.5977,True,fall,current_gen,461.1761,False,29.4468,2639.3455
627.066,11.4013,12.3154,250,18.7014,44.345,north,16.9262,False,rural,9.9416,842,1,False,12.5061,20,0.4697,west,black,-5.5276,False,fall,previous_gen,424.1492,False,33.0763,4186.7962
518.5619,10.874,12.8774,69,18.2636,69.2622,west,5.8156,False,rural,12.574,1679,9,False,4.8548,22,2.0,south,black,17.1852,False,,previous_gen,482.8606,True,29.0243,3407.0389
342.3441,10.8613,12.8284,332,16.738,65.6882,west,20.9026,False,semi-urban,11.7502,69,10,False,12.0526,21,1.0557,south,blue,-37.3715,False,spring,previous_gen,452.9207,False,33.9173,2719.0662
41.7866,10.9003,13.4583,265,17.7278,57.0518,east,8.7269,False,urban,14.3796,1662,1,False,20.0943,22,0.597,north,black,43.9437,False,summer,previous_gen,414.6679,True,28.9034,4921.5725
309.2135,10.2588,12.3864,327,13.0651,19.212,east,7.5384,False,urban,14.2182,1471,10,False,2.6911,24,0.3558,north,,-20.595,False,spring,current_gen,393.0458,False,33.9643,2715.0088
609.1657,10.7876,12.5869,29,13.3387,55.6326,east,1.1117,False,urban,13.8086,2834,1,False,16.6601,22,1.0575,east,blue,-12.9083,True,fall,previous_gen,467.1475,False,34.9122,2152.1914
5.6078,11.0651,13.1932,262,16.9994,69.9491,west,2.1433,False,rural,12.1695,1610,10,False,6.6212,21,1.8612,west,black,-33.5745,True,spring,previous_gen,451.6847,True,31.8309,1766.5473
563.3266,10.8301,12.3793,319,12.2376,43.533,north,4.5719,,urban,14.903,1393,2,True,9.8691,22,0.5656,,blue,-30.1535,False,summer,current_gen,426.9078,False,38.5281,4285.4982
463.9744,11.5591,13.1002,57,19.6634,37.7228,west,10.2482,False,rural,13.364,2404,1,False,5.2325,19,1.9323,west,blue,-23.611,False,fall,current_gen,433.366,True,32.7874,2604.3906
614.1611,11.0635,12.3862,49,20.1848,90.6291,north,23.557,False,urban,14.4168,2365,1,True,18.7711,23,1.6127,,blue,46.4848,True,summer,current_gen,408.5831,True,32.7774,2994.9292
812.4509,11.2665,14.1737,72,22.4621,94.9306,north,18.3268,False,semi-urban,11.4828,2477,7,True,3.8047,20,0.6921,north,blue,26.5884,,winter,current_gen,473.9511,True,28.197,3607.5444
759.3396,10.6592,12.7395,63,23.5002,60.3942,south,20.3896,False,semi-urban,15.1706,849,10,True,19.0072,19,0.5096,north,black,1.472,True,winter,current_gen,385.8961,True,33.4598,3101.6795
414.1108,11.38,12.3518,250,12.6489,37.3105,north,13.6089,False,rural,12.6799,1432,5,False,20.8491,19,0.9694,south,blue,26.5026,False,summer,previous_gen,454.9365,False,28.4486,4193.5912
822.6107,11.9619,12.2529,36,23.9283,63.5779,north,18.9224,False,rural,13.5964,999,6,False,2.1944,19,1.7169,south,blue,-42.6565,False,winter,current_gen,443.0755,False,30.0716,3203.4064
601.0012,10.7258,13.4651,103,14.7105,15.3355,north,23.686,False,rural,12.5443,426,1,True,10.314,21,1.6359,east,blue,43.0931,False,,previous_gen,422.9718,True,37.9941,2734.9606
61.6198,11.3589,12.6605,279,16.9177,95.3808,west,19.3386,False,semi-urban,14.7174,173,4,False,10.9182,23,0.4619,south,blue,-39.1021,True,spring,current_gen,454.5949,False,34.313,2055.1865
832.7578,11.373,12.6126,9,24.7883,75.99,south,17.7748,False,semi-urban,14.3508,1324,6,False,8.5415,19,1.0748,east,blue,-30.7889,False,,current_gen,475.8038,True,33.9585,3188.7806
296.9171,10.9236,11.5147,234,13.2351,32.1857,west,1.0418,,rural,12.7359,2561,6,False,23.2347,16,0.2305,north,black,32.2489,True,winter,previous_gen,442.1856,True,32.245,4253.1645
620.7037,11.0584,12.0445,155,17.4858,96.4295,east,14.4492,False,urban,15.4053,565,4,True,22.1349,18,1.7987,north,blue,-19.263,False,fall,current_gen,459.3888,False,31.2781,4815.3977
720.7174,11.8817,12.9834,20,16.3993,0.4447,east,10.5529,False,urban,15.4925,1972,8,True,23.4025,17,0.8268,west,black,-36.7022,True,fall,previous_gen,397.8331,False,29.6194,2335.3145
705.6108,10.3713,12.7699,15,23.9513,90.9803,east,22.8302,False,rural,14.3845,231,10,True,8.9312,19,1.8548,north,black,-41.0005,True,spring,current_gen,467.9607,True,34.3756,3187.4552
672.1149,10.6638,12.8766,294,18.7329,82.2186,south,14.7196,False,urban,14.0304,2519,2,True,1.8358,23,1.7593,north,black,-8.4896,False,summer,previous_gen,450.3523,False,34.5,3713.6425
971.6508,10.9622,12.7997,129,17.0541,43.5692,north,5.6889,False,rural,10.7081,1182,4,True,8.2915,18,0.1,,black,-39.5383,False,,previous_gen,468.1394,False,30.6203,2766.3516
161.4474,11.6028,13.3307,122,15.9846,56.1835,north,5.7456,,semi-urban,15.9985,827,3,False,5.3245,21,1.0561,west,blue,40.6917,True,winter,current_gen,436.0893,True,37.3375,2933.6435
19.5017,11.268,14.1109,125,21.9229,88.7736,east,0.0,False,semi-urban,12.2813,368,9,False,9.9537,21,1.6589,east,blue,16.1932,False,fall,previous_gen,403.7609,False,34.9758,3204.2313
169.8435,11.7085,12.6652,356,19.3148,43.7351,south,1.547,False,urban,14.3363,808,8,False,9.9521,21,0.7076,north,black,45.5108,False,winter,previous_gen,456.8501,False,28.2897,2737.5847
629.6314,10.3026,11.8315,176,23.1208,62.997,north,13.7585,False,rural,13.4727,922,8,False,12.184,23,0.4117,,black,34.272,True,summer,previous_gen,435.1851,True,33.819,3033.8839
667.281,11.4245,12.6649,323,21.2899,29.5955,east,5.5762,False,rural,12.5662,847,11,False,18.5814,21,1.8843,east,black,-13.2268,True,winter,previous_gen,438.3142,False,33.2793,4586.4667
496.8453,10.5108,11.373,147,19.1218,70.5384,east,4.4946,False,urban,11.9218,1269,8,False,11.9028,22,0.9474,,blue,-18.1574,True,winter,previous_gen,429.917,True,28.3783,3552.9666
457.606,10.9692,12.7881,100,20.5685,70.0272,north,7.2416,False,rural,13.4437,2601,4,False,16.6624,20,1.3692,north,,0.1181,,,current_gen,448.212,False,34.6679,3042.643
221.3421,9.8457,12.5768,206,22.2363,31.3011,east,13.7921,False,semi-urban,14.4921,1248,7,False,15.58,23,1.3962,east,blue,-37.6918,,winter,previous_gen,461.6241,False,28.1373,4065.8481
816.2399,11.69,13.0146,224,13.2178,71.9431,north,4.1262,False,rural,15.2578,415,11,True,11.3156,19,1.3902,north,black,-27.0476,False,,current_gen,499.9428,True,32.6996,1179.9121
129.6759,10.3899,11.6348,181,15.6046,25.0513,east,12.6465,False,semi-urban,14.0343,2317,5,False,15.7207,16,1.3577,north,black,-47.2586,False,spring,current_gen,435.16,True,32.4804,2753.7016
615.3252,10.9524,13.0678,229,23.7041,14.6376,south,10.4597,False,rural,12.3386,1698,7,False,0.0,20,0.1965,north,black,12.3471,True,summer,previous_gen,433.8562,False,34.6288,3986.3403
766.8029,11.2511,12.9116,99,18.2444,13.8703,north,1.3363,False,rural,14.6633,1121,9,True,16.6934,20,0.8937,west,blue,-31.51,False,winter,previous_gen,409.7905,True,31.7713,955.2754
521.7504,10.9823,11.8133,238,10.0,10.3094,west,14.9615,False,rural,12.0529,649,7,False,8.616,20,0.7417,east,blue,-35.7379,False,fall,,458.6882,True,34.3756,2639.9611
409.142,10.6807,11.8746,147,21.8338,24.2706,south,5.188,False,rural,11.9164,101,3,False,10.126,26,1.2866,,blue,-17.903,True,winter,current_gen,433.6749,True,32.0812,3269.8048
910.5232,10.348,13.9653,181,24.5759,7.202,north,3.1556,False,urban,12.6807,661,7,False,8.3239,23,0.8757,east,black,-9.1902,False,fall,current_gen,419.3046,False,28.7782,3953.3299
181.4903,10.7478,12.6915,69,10.0,85.7217,south,14.4967,False,semi-urban,13.5646,2200,1,True,21.5469,21,0.6274,south,blue,0.2895,False,summer,current_gen,388.5592,True,29.2832,4545.8161
952.1158,12.0,12.4622,47,19.7273,46.0083,west,3.1815,False,semi-urban,15.1532,270,4,False,23.3984,22,1.4114,south,black,6.6905,False,summer,previous_gen,428.0852,True,32.5357,3922.8242
709.1717,10.8565,12.9037,151,19.3375,63.8224,west,16.8259,False,rural,12.7996,1012,1,True,23.984,21,0.9011,east,black,-34.594,False,summer,previous_gen,364.6129,False,32.8911,3433.1479
741.8118,10.9617,13.1391,72,21.9116,53.5029,east,20.8505,False,rural,14.2736,2842,1,False,21.7488,23,0.3037,east,blue,-43.7953,True,fall,current_gen,479.939,False,27.0497,2032.5266
500.7255,11.1369,12.4867,243,15.4602,98.6648,south,0.6059,False,rural,15.1753,1417,3,True,0.0,20,0.6044,east,,4.4393,True,summer,current_gen,432.3678,False,33.5995,2822.7559
719.7556,11.9748,12.5082,361,24.0159,20.1839,south,3.8602,False,urban,12.7926,1004,7,False,5.0325,21,0.2353,,black,44.9982,False,winter,current_gen,463.3914,False,32.7852,3851.3442
812.233,11.0699,12.4897,64,21.9389,77.0179,south,10.2488,False,semi-urban,14.5153,2478,1,False,1.9018,17,1.7348,,blue,-22.9094,False,summer,previous_gen,393.2226,False,33.0068,3024.6234
896.2017,10.3735,11.8634,78,16.5122,60.8468,north,22.3051,False,rural,13.4624,2264,8,True,23.3559,18,0.2189,east,black,-13.1918,True,spring,current_gen,440.662,True,30.9404,3186.7889
0.0,10.5114,13.5622,343,20.0464,74.3138,west,9.3264,False,rural,13.8465,1351,5,False,17.0345,17,0.7115,north,black,2.3738,False,summer,current_gen,460.9663,True,31.2446,2966.107
111.7706,10.4221,12.3852,78,19.9115,6.4132,west,17.0007,False,rural,13.257,90,7,False,6.9402,24,1.7869,south,black,14.2418,False,fall,current_gen,447.4797,True,32.1305,3282.3284
61.4949,10.6657,12.8303,87,12.6379,63.458,north,11.9233,False,rural,12.283,670,3,False,15.8334,20,1.6562,south,blue,-6.5946,False,summer,current_gen,412.6663,False,31.2126,3399.448
246.2436,10.407,14.0693,252,24.3912,72.7477,south,20.9572,False,urban,12.6287,784,2,False,3.0421,21,0.4926,south,blue,12.1835,False,winter,current_gen,477.5495,True,36.9242,1938.5156
713.4832,10.5228,13.08,279,15.2364,44.6919,east,12.0398,False,semi-urban,12.5068,392,9,False,23.3967,23,0.7012,north,,20.5644,True,winter,current_gen,413.8682,False,28.166,4453.5433
951.2092,10.9474,12.4602,109,14.1343,6.6808,west,13.0894,False,urban,12.0088,1278,3,False,5.1274,20,1.6907,west,black,1.2413,True,winter,previous_gen,437.3139,False,31.7876,2548.994
340.7774,11.1789,14.1807,195,10.0,80.5008,east,6.9527,False,rural,11.6517,1863,2,True,12.9168,20,0.907,south,black,-16.4,False,spring,previous_gen,430.689,True,34.9571,2802.427
667.9903,10.4874,12.7874,69,15.8447,15.8815,north,21.2793,False,urban,13.2009,1144,4,False,3.6802,22,1.9477,,blue,16.6145,True,summer,current_gen,430.9472,False,31.8057,2627.1845
354.391,10.5106,13.6821,183,12.9612,47.0613,north,16.8796,False,semi-urban,13.6347,2636,4,True,10.3811,20,0.3992,north,blue,-12.0536,True,summer,current_gen,445.2983,True,35.2107,2531.3364
697.665,10.4268,12.3183,43,22.5877,79.4844,east,11.3927,False,rural,15.9499,64,9,False,7.0809,20,1.8976,east,black,-23.2099,True,fall,current_gen,455.0301,True,34.3318,4057.4734
201.0058,11.0406,12.7282,195,21.4241,9.8413,south,19.5825,False,urban,14.2732,60,1,False,16.7431,17,0.2151,north,black,-34.4941,True,fall,current_gen,440.3863,False,31.115,4068.9542
816.5803,11.6409,12.9019,146,13.8476,20.1508,south,9.9733,False,urban,15.4793,1097,7,False,1.0936,19,0.1,north,black,22.0652,False,winter,current_gen,441.6474,False,32.1052,3310.3277
569.8456,10.8294,12.309,164,19.9768,92.3418,north,15.5441,False,rural,13.9844,2212,1,True,22.1315,23,0.1,east,black,22.016,,winter,previous_gen,418.8469,False,33.3947,1439.2699
885.6144,10.7665,12.9049,71,23.6653,98.504,west,24.0,False,rural,10.2176,2062,9,True,22.8667,24,0.1329,west,black,-7.5635,True,summer,current_gen,447.17,False,34.1337,3535.4075
622.4228,11.619,11.8406,139,19.7886,0.0,south,14.2319,False,semi-urban,14.0016,3000,2,False,6.2372,19,0.1551,east,blue,-46.2606,False,spring,previous_gen,441.9366,True,34.139,2663.8366
675.8022,11.059,13.2458,130,16.6234,18.4915,north,6.8731,False,semi-urban,12.1179,2903,3,True,14.6037,19,0.3922,,blue,12.8071,False,summer,,410.5769,True,31.1602,4574.178
219.5135,11.4212,12.4144,71,21.9883,19.9072,south,11.5217,False,urban,12.9504,888,7,False,11.618,22,0.5089,west,blue,22.0257,True,summer,current_gen,454.5225,False,34.1181,1361.2388
415.4564,11.2448,13.1083,330,18.312,44.6505,south,15.2264,False,semi-urban,17.0125,0,1,True,20.6133,23,1.2118,,,35.9538,False,summer,previous_gen,471.1422,True,40.1465,2513.0316
459.0609,11.6257,12.4959,30,12.9198,35.163,south,12.1957,False,urban,12.5914,3000,5,True,17.1805,21,0.7901,south,black,-9.4928,False,fall,current_gen,476.1421,False,30.7685,3714.0986
880.9804,11.0106,11.8247,139,14.2184,24.5333,east,11.2845,,semi-urban,13.0366,1069,6,True,4.928,25,1.2533,south,black,25.6328,True,fall,previous_gen,442.0875,False,31.4251,4285.8921
622.7813,10.8997,12.1863,290,18.5872,42.1121,west,20.043,False,semi-urban,12.9615,2789,6,False,7.0898,23,1.4575,east,blue,-2.5324,False,fall,current_gen,407.7499,False,30.2709,3128.9222
166.7444,11.4494,12.8254,221,18.7045,15.1976,north,12.4629,False,semi-urban,13.9844,541,8,True,23.9032,21,0.9026,west,black,-27.935,True,spring,current_gen,462.4219,True,33.229,3216.0944
805.9381,10.9911,12.3373,24,17.0825,69.2668,north,19.1592,False,semi-urban,14.7913,1306,8,True,10.2805,21,0.2377,west,blue,-15.3189,,fall,,467.6264,True,32.6832,2819.2356
746.7296,10.2671,12.5212,224,22.1282,13.9531,east,8.3952,False,rural,13.2357,2704,9,False,22.3375,23,0.2221,east,,-45.5673,False,summer,previous_gen,476.6558,True,29.0383,2828.1554
136.2955,10.5107,12.5654,1,23.2949,36.9029,west,5.3326,False,semi-urban,15.6677,2526,3,False,5.3943,19,0.9867,west,black,-5.1472,True,summer,current_gen,420.5807,True,36.3581,2011.6414
193.7954,11.3808,12.3832,269,20.9308,94.9008,north,15.9313,False,urban,13.7962,1558,6,False,16.2728,25,0.9442,south,blue,41.8683,False,fall,current_gen,463.2815,False,38.6021,1787.3522
689.7321,11.0483,13.2333,152,19.6368,44.474,north,10.3115,False,rural,16.0224,991,5,False,11.0805,22,0.8708,east,black,45.681,False,summer,previous_gen,500.0,True,36.4126,2671.1758
132.627,11.0013,12.9533,265,15.9878,48.4572,west,2.4315,False,semi-urban,13.1943,2380,10,True,11.4004,19,1.081,north,blue,0.432,True,spring,current_gen,460.7507,False,33.6433,2634.9277
770.3684,10.6014,12.7547,80,21.69,57.7278,south,8.0303,False,rural,14.4189,1708,6,False,15.3103,20,1.6818,south,black,4.4701,True,summer,previous_gen,397.5444,False,33.0771,1021.9104
457.4682,11.0407,12.6254,270,10.0,61.6303,north,4.6935,False,semi-urban,14.2467,1730,7,True,12.9437,20,0.2421,south,blue,-19.9233,,spring,,436.6465,True,35.3397,2376.0535
96.4939,10.2898,11.4834,189,15.3897,96.0527,east,15.7621,False,rural,15.9143,726,8,True,12.7567,20,1.234,south,blue,9.5301,True,summer,,470.0499,True,30.7411,2993.4373
358.405,10.9585,11.7901,26,23.4262,25.5346,south,18.6037,False,semi-urban,15.6792,2211,5,False,19.529,19,1.3136,north,blue,45.2096,True,fall,current_gen,489.5603,False,31.8442,2940.7316
775.4213,11.2033,12.371,124,16.9447,79.1313,north,9.2615,False,semi-urban,14.538,647,5,True,2.1698,20,1.6095,south,blue,-44.8675,False,summer,previous_gen,436.4583,True,28.8599,2926.7651
251.2162,10.2132,12.9403,345,19.6311,21.4361,east,8.0855,False,rural,11.9086,900,4,False,7.3852,20,1.021,south,black,-33.8735,True,winter,current_gen,450.1888,True,31.3665,3239.4739
518.113,10.7908,13.6722,138,17.9842,46.6516,east,4.818,False,urban,13.0799,2584,3,True,3.6021,20,0.7236,east,black,12.7905,False,winter,current_gen,421.8312,True,33.4261,2867.8884
616.6911,10.3258,13.3705,126,12.3142,35.2428,west,23.8361,False,urban,14.7119,387,3,False,8.0489,20,1.5923,east,black,31.304,False,winter,previous_gen,408.7401,False,35.3766,5056.3231
280.1582,12.0,12.8607,14,10.5901,27.4163,north,6.3196,,rural,15.158,2816,11,True,11.7772,24,0.5453,east,black,-17.3252,False,spring,current_gen,424.5776,False,28.9968,2391.8901
782.2929,11.0829,12.522,13,23.213,56.8285,north,5.5329,,urban,14.196,2172,1,True,18.7889,21,0.2719,north,blue,44.02,,winter,previous_gen,441.5184,False,34.4887,2215.5657
483.1984,11.6032,13.1075,185,23.9816,35.2078,south,7.4053,False,semi-urban,13.7739,0,5,True,17.5259,23,1.0331,east,black,48.6203,True,fall,current_gen,439.0432,False,28.7637,2622.8656
304.2894,11.1973,11.8921,149,15.1752,85.6905,west,3.4004,False,urban,15.3883,2840,2,True,11.7887,23,1.1611,west,blue,16.2268,False,spring,current_gen,500.0,False,25.6492,2443.2725
348.4527,10.2827,13.4466,137,22.0127,18.7565,east,6.1113,False,semi-urban,14.0341,2504,3,True,13.2359,21,1.1774,west,black,25.1473,True,fall,previous_gen,450.3709,False,30.0475,1119.3401
603.4455,11.0026,12.7718,120,11.6919,76.3649,east,19.9015,False,rural,13.76,916,6,False,13.6862,23,1.1013,,black,17.7822,,winter,current_gen,441.4066,False,28.8858,3788.6685
277.5223,10.2675,12.3433,189,20.9148,21.4796,north,5.5039,False,rural,14.6231,628,10,True,21.994,22,1.6491,south,black,8.7228,True,fall,current_gen,465.4824,True,32.6842,4746.2679
907.347,11.3615,12.9702,213,18.0098,21.1382,south,1.6273,False,semi-urban,15.1314,620,5,False,8.169,20,1.6914,west,black,-33.7635,False,fall,previous_gen,444.7641,False,34.9914,1892.8529
175.8951,10.2841,12.8305,14,21.7039,58.378,east,19.188,False,rural,14.14,1508,8,True,22.7035,21,0.7289,east,blue,-31.117,False,fall,current_gen,432.1506,True,32.1764,4433.7441
300.4175,10.4502,11.529,332,17.1471,54.4731,west,19.2629,False,rural,11.634,2939,9,False,2.8898,20,1.1652,west,blue,-2.31,True,spring,previous_gen,410.3464,True,31.9761,2997.0242
669.4815,11.069,12.8272,174,19.8827,80.7734,east,3.3812,,rural,10.8579,1885,8,True,22.5907,20,1.1348,north,black,8.8965,True,fall,current_gen,415.6444,False,31.4765,3769.7118
800.9404,11.5221,12.3807,229,16.4908,81.3489,south,2.4713,False,rural,15.3061,843,8,False,17.7557,20,1.7436,west,blue,0.8047,False,winter,previous_gen,456.2237,True,29.1053,2520.501
415.9458,11.206,12.7491,297,21.0953,52.9211,south,13.3962,False,urban,12.5883,1063,11,False,1.0728,23,1.1631,north,blue,-18.2455,,spring,current_gen,435.5912,False,30.0081,2747.7908
860.6134,10.6803,13.1699,187,17.7332,32.2205,west,23.1818,False,urban,12.2534,1820,8,True,22.138,21,0.7138,north,,-5.6036,True,spring,current_gen,426.5972,True,38.0901,4551.206
733.8253,11.6278,14.0514,280,22.6323,58.5135,north,6.1799,False,semi-urban,16.3502,2073,8,False,8.5761,19,1.6423,west,blue,3.9854,False,winter,previous_gen,474.2409,False,29.6812,2294.2044
374.756,11.3137,13.2175,360,12.3213,50.7281,south,5.9676,False,semi-urban,15.4748,498,6,False,8.1654,22,0.3724,south,blue,-6.9375,True,,current_gen,477.4822,False,31.9818,2812.0101
859.4297,9.8845,13.0216,15,15.2389,52.3287,west,11.8754,False,urban,13.5311,1843,9,False,17.7778,23,1.0898,west,blue,-38.308,True,winter,previous_gen,449.0368,False,33.9543,2717.6462
281.2048,10.0754,12.4344,110,18.3691,67.295,south,10.5664,False,semi-urban,10.3431,2481,7,True,9.4463,20,1.6621,,,-12.3959,False,fall,current_gen,484.7802,False,32.0435,1732.0335
159.2278,11.6602,13.5615,258,13.9498,91.0384,south,18.9518,False,semi-urban,12.0856,686,10,True,8.0199,22,1.7241,north,,15.6575,True,winter,,433.876,True,31.8608,3816.4193
749.5263,10.9959,11.8869,122,19.7958,73.0753,east,23.6641,False,semi-urban,15.7107,2831,11,False,0.226,19,1.1097,west,blue,39.0988,True,summer,previous_gen,449.503,False,33.5834,2661.9818
65.3509,11.628,12.9864,224,20.9624,26.0023,south,10.7852,False,rural,14.4036,2523,9,False,17.4713,19,0.1,,,-26.009,True,summer,current_gen,401.6626,True,33.0248,2030.4242
531.6948,11.3236,12.7348,297,17.4944,83.008,north,11.8029,False,semi-urban,13.9132,380,1,False,16.0503,23,1.1612,north,black,36.2339,False,spring,previous_gen,455.1065,True,26.3641,3718.9915
164.2262,10.6841,12.488,230,21.8378,20.5188,north,11.2495,False,semi-urban,14.0404,702,10,True,19.1841,20,0.454,north,black,29.1927,True,spring,current_gen,438.4459,True,27.8107,2518.8651
287.5292,10.9941,12.7771,173,12.6454,94.2291,west,7.2982,False,semi-urban,14.7766,1367,2,True,14.1318,18,0.3617,,,39.7849,,spring,previous_gen,464.6699,True,32.4082,5118.3906
390.8674,11.0791,13.2304,335,24.0919,81.6125,north,10.065,False,urban,14.1125,619,4,False,14.1932,19,1.2357,north,black,-27.1997,False,winter,previous_gen,411.2679,False,30.1964,4777.6452
475.1619,11.9358,11.61,351,19.1183,32.6169,east,22.6675,False,urban,13.6679,1153,5,True,13.1333,18,1.7405,,black,2.3909,False,fall,previous_gen,397.5004,True,27.725,998.3192
250.5868,10.1254,12.4831,182,15.3002,22.1885,west,9.9013,False,rural,12.7003,2672,10,True,0.6381,21,1.8222,,,20.3303,False,fall,previous_gen,416.1688,True,29.7556,3738.2983
749.2356,11.6985,12.0918,193,14.3531,75.9377,north,8.681,False,rural,12.5447,391,9,False,2.5361,21,0.9097,,blue,22.0262,False,spring,previous_gen,441.2324,False,27.6337,3083.9905
167.7183,10.734,11.2031,105,22.0762,34.4766,south,15.402,False,urban,13.5165,2111,8,False,13.4311,19,1.5469,north,blue,-22.7924,False,fall,previous_gen,487.3051,True,28.918,3359.6872
674.7085,10.074,12.7791,3,15.3399,97.5793,west,12.3941,False,semi-urban,14.7772,1029,6,False,23.5634,20,1.0982,south,blue,42.4669,False,summer,current_gen,467.2359,True,28.5362,2568.2957
975.2517,11.1209,13.2835,239,18.889,0.0,south,22.8326,False,urban,15.4237,2494,5,False,12.0254,24,1.1659,north,black,27.2673,False,summer,current_gen,441.9416,True,34.266,1915.3491
581.4167,12.0,11.4094,83,15.3764,13.4695,east,16.4768,False,rural,14.2049,2122,9,False,13.0063,20,0.6869,north,black,-47.0084,False,winter,,426.3896,False,28.63,2537.4138
427.4458,10.8697,12.5946,83,16.1893,40.1029,east,7.6169,False,urban,15.0584,0,9,False,2.6066,19,0.9808,west,black,-25.4788,,spring,current_gen,497.9943,False,27.9369,2490.4959
119.5021,10.4065,12.8527,123,19.4027,66.7267,north,12.4109,False,urban,14.1347,1932,8,True,0.0,19,0.4144,,black,21.6483,False,winter,previous_gen,411.0775,False,34.2375,3487.6458
445.6158,11.252,12.6803,97,10.0,78.5057,south,15.1748,False,semi-urban,13.1584,1368,9,False,5.5922,24,1.414,south,black,-21.5951,False,summer,previous_gen,428.6806,True,35.6515,4404.5037
775.32,11.2792,12.4361,171,15.6027,40.9025,west,7.7655,False,semi-urban,13.011,162,11,True,7.3912,20,1.0948,east,black,44.6132,True,fall,previous_gen,390.3363,False,35.5546,4779.3558
144.409,11.1453,11.6992,170,21.4721,3.8922,west,20.1159,False,semi-urban,12.2111,2193,1,False,23.9609,21,0.3355,west,blue,-34.0304,True,fall,previous_gen,451.148,False,31.7269,3701.2015
269.9045,11.3684,12.5423,170,14.1536,32.0099,south,15.2402,False,rural,12.4102,1788,6,True,9.9609,22,1.7957,south,blue,26.185,False,summer,,421.8913,False,32.5286,2180.7957
867.3199,11.0943,12.2582,67,13.8327,51.3298,south,4.7644,False,urban,13.3304,441,5,False,9.1427,21,1.4554,,blue,-37.8335,True,fall,previous_gen,453.5482,True,32.7892,3733.165
57.5256,10.6609,13.6382,155,16.14,35.2682,east,12.3842,False,rural,15.8954,398,3,False,9.5836,21,1.2815,north,black,44.7623,False,summer,previous_gen,450.914,True,32.7469,1799.6955
338.4604,10.1611,13.4218,293,14.9368,96.488,west,0.3724,False,semi-urban,12.1085,521,11,True,12.4447,22,0.2334,north,blue,-35.9161,False,spring,,444.0543,True,37.2488,2294.9935
482.0813,11.2534,12.3471,53,24.6159,6.1202,north,15.6308,False,semi-urban,13.9419,1085,10,False,9.8732,17,0.5049,south,blue,-16.7616,True,spring,current_gen,467.816,True,34.9653,1680.708
186.3808,10.6673,13.5498,44,12.2452,69.1744,east,12.7714,,semi-urban,11.0417,2885,9,True,12.874,22,0.9486,north,black,-30.6792,True,,current_gen,418.4734,True,34.9772,2396.9804
917.802,11.7184,12.7684,196,13.196,96.2582,east,11.8696,False,rural,12.5156,670,8,True,17.6828,21,1.7446,,black,-30.2724,True,fall,current_gen,416.4279,True,28.2048,2553.9716
889.5082,11.0401,13.3026,64,12.5236,54.7052,west,6.777,False,semi-urban,13.5918,159,6,True,7.1835,22,1.5677,east,black,43.7818,True,spring,previous_gen,445.4737,False,37.6625,3079.3549
436.0755,11.1441,13.3908,70,16.8241,90.8887,east,3.5841,,urban,13.2656,2604,11,False,22.4508,21,1.604,east,blue,15.9591,True,fall,previous_gen,432.3736,False,32.4351,2232.2425
266.3698,10.8015,13.7895,49,16.1521,56.8576,west,7.4738,,urban,13.8633,2595,4,False,3.3286,23,0.9491,west,blue,8.1477,True,winter,previous_gen,403.0528,False,36.6178,4673.4818
915.421,11.0822,14.604,266,10.6706,60.6916,north,22.563,False,rural,15.0481,1987,3,True,0.8716,21,1.5578,south,black,38.87,False,fall,current_gen,451.7621,True,29.9852,3306.4474
58.8284,10.5015,12.2515,289,13.5358,8.6655,north,12.1609,False,urban,14.1647,1808,2,False,9.6605,18,1.6966,north,black,-43.5042,True,fall,current_gen,446.0032,False,32.0279,1681.4854
712.4837,10.8131,13.1166,259,17.23,54.7863,north,19.677,,semi-urban,12.077,534,5,True,12.0237,20,1.5286,south,blue,-1.2614,True,winter,previous_gen,401.9272,True,28.1412,2886.1053
972.9165,11.1483,11.6135,310,15.3759,35.6692,south,11.2986,False,semi-urban,11.8106,186,3,False,7.6165,19,1.4884,west,,28.9005,False,spring,,425.4515,False,33.0379,3265.5778
239.4611,10.8771,12.267,348,11.6056,46.745,north,4.2064,False,rural,14.0289,2009,10,False,8.747,22,1.3873,north,black,17.3163,False,spring,previous_gen,453.1651,False,31.9092,3401.8563
460.7389,11.6543,12.081,116,12.2726,27.6977,north,6.7798,False,rural,14.5285,2604,5,False,6.2052,23,1.256,west,,-8.9607,True,winter,,422.9537,False,34.8977,4011.0626
836.0246,10.7587,12.3269,64,11.9646,84.773,south,16.7248,False,urban,11.5806,74,3,False,23.095,21,1.0977,east,black,-33.6105,False,spring,current_gen,411.9707,False,30.4616,3006.3021
276.5549,10.3412,11.955,34,21.509,70.7171,south,10.1298,False,semi-urban,13.0636,2614,11,True,5.6546,21,1.6311,east,blue,-4.2873,True,,previous_gen,498.7597,False,33.7808,3744.0825
637.2422,10.6894,12.3162,351,21.6687,98.4058,south,4.5277,,urban,15.1702,2504,6,True,8.5832,25,0.4955,,blue,26.2386,True,winter,,437.5672,True,30.605,3152.8907
134.7071,10.343,12.4825,361,22.2965,5.6094,west,22.4196,False,semi-urban,13.9061,1068,2,False,13.5221,20,0.8934,north,,48.0084,False,fall,previous_gen,427.9221,True,28.9691,4560.033
487.3305,11.0901,13.2329,282,14.1657,10.3936,east,24.0,False,urban,16.456,2373,9,False,16.1437,21,0.1,north,blue,-35.5753,True,spring,current_gen,430.9556,True,32.2508,4047.2086
130.1233,11.4687,12.1775,73,11.7661,17.6227,east,4.7271,,rural,14.3118,1153,11,True,5.7168,21,0.9293,north,blue,-3.1849,,fall,previous_gen,453.1005,False,41.2669,2156.8714
56.4305,11.1252,11.9842,174,20.1771,69.8708,south,10.6753,False,urban,17.193,2152,6,True,8.6595,21,0.3893,north,black,-5.1226,False,winter,,435.044,True,30.0314,419.735
169.1848,12.0,13.5274,75,13.1158,96.5511,north,13.7987,False,semi-urban,15.0544,370,6,True,8.7949,24,0.915,west,black,29.7471,,fall,current_gen,458.8938,False,30.9638,4446.5384
526.1699,11.2072,13.2338,355,11.3891,66.0514,west,0.4103,False,semi-urban,11.1834,1256,2,False,3.1362,20,1.4409,east,blue,32.3877,True,winter,current_gen,465.054,False,33.3677,2728.3183
446.8857,10.6764,12.0518,5,10.9184,38.3197,north,16.3708,False,urban,10.5562,1625,9,False,21.1516,20,1.8467,south,blue,-47.1302,False,fall,current_gen,456.6972,True,29.9102,4042.7429
693.386,10.3301,13.2652,220,21.6497,18.7397,south,23.2236,False,semi-urban,13.4992,1776,7,True,23.9614,22,1.2371,south,blue,48.4213,True,,previous_gen,465.1198,True,32.9027,1792.5525
643.5425,11.4058,12.3211,278,14.0979,59.8321,north,5.8072,False,rural,11.6323,444,6,False,2.6453,17,1.3709,north,black,40.5515,,spring,current_gen,478.7865,True,30.9743,4037.5431
884.9935,10.3904,12.2691,234,22.5466,30.5697,south,16.0661,False,urban,13.0059,410,8,True,18.0929,21,1.6713,north,blue,-35.1636,False,summer,previous_gen,462.2683,True,31.2294,1045.3709
